Workbook

Sheet ProcComm
B1: ~FI_Process | J1: MovedToSysSettings
B2: Sets | C2: TechName | D2: TechDesc | E2: Tact | F2: Tcap | G2: Tslvl | H2: PrimaryCG | J2: Csets | K2: CommName | L2: CommDesc | M2: Unit | N2: LimType | O2: CTSLvl | P2: PeakTS | Q2: Ctype
B3: PRE | C3: SUPELC00 | D3: Fuel Tech - Electricity (SUP) | E3: PJ | F3: PJa | G3: DAYNITE | J3: NRG | K3: BIODRY | L3: Dry Bio waste | M3: PJ
C4: SUPHTH00 | D4: Fuel Tech - High Temperature Heat (SUP) | E4: PJ | F4: PJa | G4: SEASON | J4: NRG | K4: BIOGAS | L4: Biogas | M4: PJ
B5: MIN | C5: MINCOHRSV1 | D5: Hard Coal - Located reserves - Step 1 | E5: PJ | G5: ANNUAL | J5: NRG | K5: BIOLIQ | L5: Biofuels | M5: PJ
B6: MIN | C6: MINCOHRSV2 | D6: Hard Coal - Reserves growth - Step 1 | E6: PJ | G6: ANNUAL | J6: NRG | K6: BIOMUN | L6: Municipal Waste | M6: PJ
B7: MIN | C7: MINCOHRSV3 | D7: Hard Coal - New discovery | E7: PJ | G7: ANNUAL | J7: NRG | K7: BIOSLU | L7: Industrial Waste-Sludge | M7: PJ
B8: MIN | C8: MINCOLRSV1 | D8: Lignite - Located reserves - Step 1 | E8: PJ | G8: ANNUAL | J8: NRG | K8: BIOWOO | L8: Wood Products | M8: PJ
B9: MIN | C9: MINCOLRSV2 | D9: Lignite - Reserves growth - Step 1 | E9: PJ | G9: ANNUAL | J9: NRG | K9: COABRO | L9: Brown Coal | M9: PJ
B10: MIN | C10: MINCOLRSV3 | D10: Lignite - New discovery | E10: PJ | G10: ANNUAL | J10: NRG | K10: COACOK | L10: Coke | M10: PJ
B11: MIN | C11: MINCOOFRE1 | D11: Source Free cooling agent | E11: t | G11: ANNUAL | J11: NRG | K11: COAHAR | L11: Hard Coal | M11: PJ
B12: MIN | C12: MINGASRSV1 | D12: Natural gas - Located reserves - Step 1 | E12: PJ | G12: SEASON | J12: NRG | K12: COALIG | L12: Lignite | M12: PJ
B13: MIN | C13: MINGASRSV4 | D13: Natural gas - Reserves growth - Step 1 | E13: PJ | G13: SEASON | J13: NRG | K13: COHRSV | L13: Hard Coal Reserves | M13: PJ
B14: MIN | C14: MINGASRSV7 | D14: Natural gas - New discovery - Step 1 | E14: PJ | G14: SEASON | J14: NRG | K14: COLRSV | L14: Lignite Reserves | M14: PJ
B15: MIN | C15: MINMALBAU1 | D15: Source Aluminium: Bauxite | E15: t | G15: ANNUAL | J15: NRG | K15: GASBFG | L15: Blast-Furnace Gas | M15: PJ
B16: MIN | C16: MINMALSCR1 | D16: Source Aluminium: Scrap | E16: t | G16: ANNUAL | J16: NRG | K16: GASCOG | L16: Coke-Oven Gas | M16: PJ
B17: MIN | C17: MINMCUORE1 | D17: Source Copper: Ore | E17: t | G17: ANNUAL | J17: NRG | K17: GASGWG | L17: Gasworks Gas | M17: PJ
B18: MIN | C18: MINMCUSCR1 | D18: Source Copper: Scrap | E18: t | G18: ANNUAL | J18: NRG | K18: GASNAT | L18: Natural Gas | M18: PJ | O18: SEASON
B19: MIN | C19: MINMGHRYC1 | D19: Source Glass: Recycled | E19: t | G19: ANNUAL | J19: NRG | K19: GASPIP | L19: Natural Gas Pre-Pipeline | M19: PJ | O19: SEASON
B20: MIN | C20: MINMPPGYP1 | D20: Source Paper: Gypsum | E20: t | G20: ANNUAL | J20: NRG | K20: GASRSV | L20: Natural Gas Reserves | M20: PJ | O20: SEASON
B21: MIN | C21: MINMPPKAO1 | D21: Source Paper: Kaolin | E21: t | G21: ANNUAL | J21: NRG | K21: OILCRD | L21: Crude Oil | M21: PJ
B22: MIN | C22: MINMPPNOH1 | D22: Source Paper: Sodium Hydraxide | E22: t | G22: ANNUAL | J22: NRG | K22: OILDST | L22: Diesel | M22: PJ
B23: MIN | C23: MINMPPOXY1 | D23: Source Paper: Oxygen | E23: t | G23: ANNUAL | J23: NRG | K23: OILFDS | L23: Feedstocks | M23: PJ
B24: MIN | C24: MINMPPRYC1 | D24: Source Paper: Recycled | E24: t | G24: ANNUAL | J24: NRG | K24: OILGSL | L24: Motor Spirit | M24: PJ
B25: MIN | C25: MINMPPWOO1 | D25: Source Paper: Wood | E25: t | G25: ANNUAL | J25: NRG | K25: OILHFO | L25: Residual Fuel Oil | M25: PJ
B26: MIN | C26: MINOILRSV1 | D26: Crude Oil - Located reserves - Step 1 | E26: PJ | G26: ANNUAL | J26: NRG | K26: OILKER | L26: Kerosenes - Jet Fuels | M26: PJ
B27: MIN | C27: MINOILRSV2 | D27: Crude Oil - Located reserves - Step 2 | E27: PJ | G27: ANNUAL | J27: NRG | K27: OILLPG | L27: Liquified Petroleum Gas | M27: PJ
B28: MIN | C28: MINOILRSV4 | D28: Crude Oil - Reserves growth - Step 1 | E28: PJ | G28: ANNUAL | J28: NRG | K28: OILNAP | L28: Naphtha | M28: PJ
B29: MIN | C29: MINOILRSV7 | D29: Crude Oil - New discovery - Step 1 | E29: PJ | G29: ANNUAL | J29: NRG | K29: OILNEU | L29: Non Energy | M29: PJ
B30: MIN | C30: MINRENGEO1 | D30: Geothermal Potential | E30: PJ | G30: ANNUAL | J30: NRG | K30: OILOTH | L30: Other Petroleum Products | M30: PJ
B31: MIN | C31: MINRENHYD1 | D31: Hydro Potential | E31: PJ | G31: ANNUAL | J31: NRG | K31: OILPIP | L31: Crude Oil Pre-Pipeline | M31: PJ
B32: MIN | C32: MINRENSOL1 | D32: Solar Potential | E32: PJ | G32: ANNUAL | J32: NRG | K32: OILRFG | L32: Refinery Gas | M32: PJ
B33: MIN | C33: MINRENWIN1 | D33: Wind Potential | E33: PJ | G33: ANNUAL | J33: NRG | K33: OILRSV | L33: Crude Oil Reserves | M33: PJ
B34: PRE | C34: SUPCRD00 | D34: Fuel Tech - Crude Oil (SUP) | E34: PJ | F34: PJa | G34: ANNUAL | J34: NRG | K34: RENGEO | L34: Geothermal | M34: PJ
B35: PRE | C35: SUPGAS00 | D35: Fuel Tech - Natural Gas (SUP) | E35: PJ | F35: PJa | G35: SEASON | J35: NRG | K35: RENHYD | L35: Hydro | M35: PJ
B36: PRE | C36: SUPRPG00 | D36: Fuel Tech - Refinery Gas and LPG (SUP) | E36: PJ | F36: PJa | G36: ANNUAL | J36: NRG | K36: RENSOL | L36: Solar | M36: PJ
B37: PRE | C37: SUPRPP00 | D37: Fuel Tech - Refined Petroleum Products (SUP) | E37: PJ | F37: PJa | G37: ANNUAL | J37: NRG | K37: RENWIN | L37: Wind | M37: PJ
B38: PRE | C38: SPIPGAS100 | D38: Gas Pipelines | E38: PJ | F38: PJa | G38: SEASON | J38: NRG | K38: SUPBIO | L38: Biomass (SUP) | M38: PJ
B39: PRE | C39: SPIPOIL100 | D39: Oil Pipelines | E39: PJ | F39: PJa | G39: ANNUAL | J39: NRG | K39: SUPCOA | L39: Coal (SUP) | M39: PJ
B40: PRE | C40: SPRICOH100 | D40: Hardcoal Production | E40: PJ | F40: PJa | G40: ANNUAL | J40: NRG | K40: SUPCRD | L40: Crude Oil (SUP) | M40: PJ
B41: PRE | C41: SPRICOL100 | D41: Lignite Production | E41: PJ | F41: PJa | G41: ANNUAL | J41: NRG | K41: SUPELC | L41: Electricity (SUP) | M41: PJ | O41: DAYNITE
B42: PRE | C42: SPRIGAS100 | D42: Natural Gas Production | E42: PJ | F42: PJa | G42: SEASON | J42: NRG | K42: SUPGAS | L42: Natural Gas (SUP) | M42: PJ | O42: SEASON
B43: PRE | C43: SPRIOIL100 | D43: Crude Oil Production | E43: PJ | F43: PJa | G43: ANNUAL | J43: NRG | K43: SUPHTH | L43: High Temperature Heat (SUP) | M43: PJ | O43: SEASON
B44: * | C44: SRETURN00 | D44: Refinery Returns | E44: PJ | F44: PJa | G44: ANNUAL | J44: NRG | K44: SUPRPG | L44: Refinary Gas and LPG (SUP) | M44: PJ
B45: * | C45: SSCDBRIQ00 | D45: Briquetting Plants Production | E45: PJ | F45: PJa | G45: ANNUAL | J45: NRG | K45: SUPRPP | L45: Refined Petroleum Products (SUP) | M45: PJ
B46: PRE | C46: SSCDCOKE00 | D46: Cokeoven Plants Production | E46: PJ | F46: PJa | G46: ANNUAL | J46: ENV | K46: SUPCH4N | L46: Methane - Combustion (SUP) | M46: kt
B47: * | C47: SSCDGASW00 | D47: Gasworks Production | E47: PJ | F47: PJa | G47: ANNUAL | J47: ENV | K47: SUPCH4P | L47: Methane - Process (SUP) | M47: kt
B48: PRE | C48: SSCDRFLX00 | D48: Flexible Refinery | E48: PJ | F48: PJa | G48: ANNUAL | H48: NRGI | J48: ENV | K48: SUPCO2N | L48: Carbon Dioxide - Combustion (SUP) | M48: kt
B49: * | C49: STRANSF00 | D49: Interproduct transfers | E49: PJ | F49: PJa | G49: ANNUAL | J49: ENV | K49: SUPCO2P | L49: Carbon Dioxide - Process (SUP) | M49: kt
B50: * | C50: STRANSFFDS00 | D50: Products Transferred | E50: PJ | F50: Pja | G50: ANNUAL | J50: ENV | K50: SUPCOXN | L50: Carbon Monoxide - Combustion (SUP) | M50: kt
B51: PRE | C51: SUPBIO00 | D51: Fuel Tech - Biomass (SUP) | E51: PJ | F51: PJa | G51: ANNUAL | J51: ENV | K51: SUPCOXP | L51: Carbon Monoxide - Process (SUP) | M51: kt
B52: PRE | C52: SUPCOA00 | D52: Fuel Tech - Coal (SUP) | E52: PJ | F52: PJa | G52: ANNUAL | J52: ENV | K52: SUPCXFN | L52: Fluoro Carbons - Combustion (SUP) | M52: kg
B53: PRE | C53: SUPREFHTH00 | D53: Fuel Tech - Refinery Heat (SUP) | E53: PJ | F53: PJa | G53: SEASON | J53: ENV | K53: SUPCXFP | L53: Fluoro Carbons - Process (SUP) | M53: kg
J54: ENV | K54: SUPN2ON | L54: Nitrous Oxide - Combustion (SUP) | M54: kt
B55: * | C55: MIN | D55: MINMISORE1 | E55: Source Iron&Steel: Ore | F55: t | H55: ANNUAL | J55: ENV | K55: SUPN2OP | L55: Nitrous Oxide - Process (SUP) | M55: kt
B56: * | C56: MIN | D56: MINMISOXY1 | E56: Source Iron&Steel: Oxygen | F56: t | H56: ANNUAL | J56: ENV | K56: SUPNOXN | L56: Nitrogen Oxides - Combustion (SUP) | M56: kt
B57: * | C57: MIN | D57: MINMISQLI1 | E57: Source Iron&Steel: Quick Lime | F57: t | H57: ANNUAL | J57: ENV | K57: SUPNOXP | L57: Nitrogen Oxides - Process (SUP) | M57: kt
B58: * | C58: MIN | D58: MINMISSCR1 | E58: Source Iron&Steel: Scrap Iron | F58: t | H58: ANNUAL | J58: ENV | K58: SUPPMAN | L58: Particulate 2.5 - Combustion (SUP) | M58: kt
B59: * | C59: MIN | D59: MINMLMSTN1 | E59: Source Lime: Limestone | F59: t | H59: ANNUAL | J59: ENV | K59: SUPPMAP | L59: Particulate 2.5 - Process (SUP) | M59: kt
B60: * | C60: MIN | D60: MINSAND | E60: Source Glass: Sand | F60: Mt | H60: ANNUAL | J60: ENV | K60: SUPPMBN | L60: Particulate 10 - Combustion (SUP) | M60: kt
B61: * | C61: MIN | D61: MINSALT | E61: Salt extraction | F61: Mt | H61: ANNUAL | J61: ENV | K61: SUPPMBP | L61: Particulate 10 - Process (SUP) | M61: kt
B62: * | C62: MIN | D62: MINECOKENO | E62: Mining coke no energetic use | F62: Mt | H62: ANNUAL | J62: ENV | K62: SUPSF6N | L62: Sulphur Hexafluoride - Combustion (SUP) | M62: kg
J63: ENV | K63: SUPSF6P | L63: Sulphur Hexafluoride - Process (SUP) | M63: kg
J64: ENV | K64: SUPSO2N | L64: Sulphur Dioxide - Combustion (SUP) | M64: kt
J65: ENV | K65: SUPSO2P | L65: Sulphur Dioxide - Process (SUP) | M65: kt
J66: ENV | K66: SUPVOCN | L66: Volatile Organic Compounds - Combustion (SUP) | M66: kt
J67: ENV | K67: SUPVOCP | L67: Volatile Organic Compounds - Process (SUP) | M67: kt
J68: ENV | K68: TOTGHG | L68: Total Greenhouse Gas Emissions | M68: kt

Sheet Reserves
G2: ~FI_T
C3: TechName | D3: Attribute | E3: LimType | F3: CommName | G3: Year | H3: AL | I3: AT | J3: BA | K3: BE | L3: BG | M3: CH | N3: CY | O3: CZ | P3: DE | Q3: DK | R3: EE | S3: ES | T3: FI | U3: FR | V3: EL | W3: HR | X3: HU | Y3: IE | Z3: IS | AA3: IT | AB3: KS | AC3: LT | AD3: LU | AE3: LV | AF3: ME | AG3: MK | AH3: MT | AI3: NL | AJ3: NO | AK3: PL | AL3: PT | AM3: RO | AN3: RS | AO3: SE | AP3: SI | AQ3: SK | AR3: UK
C4: *EXPIALY | D4: BNDACT | E4: LO | G4: 2010 | Z4: 0.3
C5: *EXPIALY | D5: BNDACT | E5: LO | G5: 2050 | Z5: 0.5
C6: MINCOHRSV1 | D6: BNDACT | E6: UP | G6: 2015 | L6: 2.5 | O6: 450 | P6: 1500 | S6: 274 | Z6: 5 | AA6: 2.51208 | AK6: 2478 | AM6: 100 | AN6: 52 | AP6: 33.72 | AR6: 800
C7: MINCOHRSV1 | D7: BNDACT | E7: UP | G7: 2050 | L7: 10 | O7: 400 | S7: 274 | Z7: 5 | AA7: 2.51208 | AK7: 2500 | AM7: 100 | AN7: 78 | AP7: 0 | AR7: 1600
C8: MINCOHRSV1 | D8: CUM | E8: UP | G8: 2005 | L8: 3000 | O8: 2677.5 | P8: 630200 | S8: 21035.732 | U8: 598 | X8: 5968.314 | AA8: 1686 | AK8: 261168.39 | AM8: 11383.812 | AN8: 5200 | AP8: 1124 | AR8: 4950
C9: MINCOHRSV1 | D9: COST | F9: COHRSV | G9: 2005 | L9: 1.4 | O9: 1.2 | P9: 1.4 | S9: 1.4 | U9: 2.64495 | X9: 2.64495 | Z9: 1.2 | AA9: 1.4 | AK9: 1.2 | AM9: 1.2 | AN9: 1.4 | AP9: 1.4 | AR9: 1.3
C10: MINCOHRSV1 | D10: COST | F10: COHRSV | G10: 2050 | L10: 2.3 | O10: 1.5955 | P10: 2.3 | S10: 2.3 | U10: 2.64495 | Z10: 1.2 | AA10: 2.3 | AK10: 1.5955 | AM10: 1.5955 | AN10: 2.3 | AP10: 2.3 | AR10: 1.43
C11: MINCOHRSV2 | D11: BNDACT | E11: UP | G11: 2015 | O11: 50 | AA11: 0 | AJ11: 25 | AM11: 50 | AP11: 48.051 | AR11: 387.9
C12: MINCOHRSV2 | D12: BNDACT | E12: UP | G12: 2050 | O12: 50 | AA12: 0 | AJ12: 25 | AM12: 50 | AP12: 50.45355 | AR12: 775.8
C13: MINCOHRSV2 | D13: CUM | E13: UP | G13: 2005 | O13: 319792.5 | P13: 6302000 | S13: 82232.243 | AA13: 7868 | AJ13: 99999 | AK13: 2436393 | AM13: 13316.644 | AP13: 1601.7 | AR13: 45000
C14: MINCOHRSV2 | D14: COST | F14: COHRSV | G14: 2005 | O14: 1.4 | P14: 2.64495 | S14: 2.1 | AA14: 2.64495 | AJ14: 1.2 | AK14: 1.4 | AM14: 1.2 | AP14: 2.64495 | AR14: 1.2
C15: MINCOHRSV2 | D15: COST | F15: COHRSV | G15: 2050 | O15: 2.3 | P15: 2.64495 | S15: 3.45 | AA15: 2.64495 | AJ15: 1.5955 | AK15: 2.3 | AM15: 1.5955 | AP15: 2.64495 | AR15: 1.5955
C16: MINCOHRSV3 | D16: BNDACT | E16: UP | G16: 2015 | S16: 274 | AA16: 0 | AM16: 50
C17: MINCOHRSV3 | D17: BNDACT | E17: UP | G17: 2050 | AA17: 0 | AM17: 50
C18: MINCOHRSV3 | D18: CUM | E18: UP | G18: 2005 | S18: 0 | AA18: 0 | AM18: 0
C19: MINCOHRSV3 | D19: COST | F19: COHRSV | G19: 2005 | S19: 2.64495 | AA19: 2.64495 | AM19: 1.4
C20: MINCOHRSV3 | D20: COST | F20: COHRSV | G20: 2050 | S20: 2.64495 | AA20: 2.64495 | AM20: 2.3
C21: MINCOLRSV1 | D21: BNDACT | E21: UP | G21: 2015 | H21: 0.921096 | L21: 178 | O21: 480.675 | P21: 1609.9083 | R21: 500 | S21: 96.2926 | T21: 89.136972 | V21: 357.46898 | X21: 73.185264 | Y21: 39 | AA21: 0 | AB21: 56.7 | AC21: 5 | AF21: 22 | AG21: 53.961 | AK21: 533.23085 | AM21: 300 | AN21: 361.15337 | AO21: 43 | AP21: 53.11 | AQ21: 26.669916
C22: MINCOLRSV1 | D22: BNDACT | E22: UP | G22: 2050 | L22: 178 | O22: 550 | P22: 1565 | R22: 500 | S22: 96.2926 | T22: 89.136972 | X22: 219.55579 | Y22: 39 | AA22: 0 | AF22: 33 | AG22: 80.9415 | AK22: 450 | AN22: 541.73005 | AO22: 65 | AQ22: 26.669916
C23: MINCOLRSV1 | D23: CUM | E23: UP | G23: 2005 | H23: 4814.82 | I23: 300 | J23: 33925 | L23: 12917.6 | O23: 5060.25 | P23: 318240 | R23: 5500 | S23: 4157.022 | V23: 12441 | X23: 20982 | Y23: 1960 | AA23: 140.7 | AB23: 2835 | AC23: 49 | AE23: 100 | AF23: 3000 | AG23: 780 | AK23: 16598.2 | AM23: 9548 | AN23: 103500 | AO23: 14400 | AP23: 1243 | AQ23: 1243
C24: MINCOLRSV1 | D24: COST | F24: COLRSV | G24: 2005 | H24: 1.1 | I24: 0.994 | J24: 1.1 | L24: 1.1 | O24: 0.994 | P24: 1.1 | R24: 0.994 | S24: 1.5 | T24: 0.994 | V24: 1.5 | X24: 1.2 | Y24: 0.994 | AA24: 1.1 | AB24: 1.1 | AC24: 0.994 | AE24: 0.994 | AF24: 1.1 | AG24: 1.1 | AK24: 0.994 | AM24: 0.994 | AN24: 1.1 | AO24: 1.1 | AP24: 1.1 | AQ24: 1.1
C25: MINCOLRSV1 | D25: COST | F25: COLRSV | G25: 2050 | H25: 1.34 | I25: 1.2 | J25: 1.34 | L25: 1.4973 | O25: 1.2 | P25: 1.34 | R25: 1.2 | S25: 1.5 | T25: 0.994 | V25: 1.5 | Y25: 1.2 | AA25: 1.34 | AB25: 1.34 | AC25: 1.2 | AE25: 1.2 | AF25: 1.34 | AG25: 1.34 | AK25: 1.2 | AM25: 1.2 | AN25: 1.34 | AO25: 1.34 | AP25: 1.34 | AQ25: 1.34
C26: MINCOLRSV2 | D26: BNDACT | E26: UP | G26: 2015 | O26: 100 | R26: 0 | T26: 25 | V26: 30 | Y26: 0 | AA26: 0 | AK26: 100 | AM26: 100 | AP26: 53.11
C27: MINCOLRSV2 | D27: BNDACT | E27: UP | G27: 2050 | O27: 100 | T27: 25 | V27: 200 | Y27: 0 | AA27: 0 | AK27: 100 | AM27: 100 | AP27: 55.7655
C28: MINCOLRSV2 | D28: CUM | E28: UP | G28: 2005 | J28: 33925 | L28: 24857 | O28: 47970 | P28: 606840 | R28: 500 | S28: 4157.022 | V28: 25636 | X28: 58363.5 | Y28: 2400 | AA28: 442.2 | AK28: 229400 | AM28: 24766 | AP28: 6960.8 | AQ28: 6960.8
C29: MINCOLRSV2 | D29: COST | F29: COLRSV | G29: 2005 | J29: 1.5 | O29: 1.1 | P29: 1.5 | R29: 1.1 | S29: 2.25 | T29: 0.994 | V29: 1.5 | Y29: 0.994 | AA29: 1.5 | AK29: 1.1 | AM29: 1.1 | AP29: 1.4973
C30: MINCOLRSV2 | D30: COST | F30: COLRSV | G30: 2050 | J30: 1.5 | O30: 1.34 | P30: 1.5 | R30: 1.34 | S30: 2.25 | T30: 0.994 | V30: 1.5 | Y30: 1.2 | AA30: 1.5 | AK30: 1.34 | AM30: 1.34 | AP30: 1.4973
C31: MINCOLRSV3 | D31: BNDACT | E31: UP | G31: 2015 | R31: 0 | S31: 50 | T31: 25 | AA31: 0 | AM31: 100
C32: MINCOLRSV3 | D32: BNDACT | E32: UP | G32: 2050 | R32: 75 | T32: 25 | AA32: 0 | AM32: 100
C33: MINCOLRSV3 | D33: CUM | E33: UP | G33: 2005 | R33: 1000 | S33: 0 | AA33: 402 | AM33: 0
C34: MINCOLRSV3 | D34: COST | F34: COLRSV | G34: 2005 | R34: 1.1 | S34: 1.5 | T34: 1.1 | AA34: 1.5 | AM34: 1.1
C35: MINCOLRSV3 | D35: COST | F35: COLRSV | G35: 2050 | R35: 1.34 | S35: 1.5 | T35: 1.34 | AA35: 1.5 | AM35: 1.34
C36: MINCOOFRE1 | D36: BNDACT | E36: UP | G36: 2005 | M36: 0 | R36: 0 | V36: 0 | AA36: 0 | AC36: 0 | AE36: 0 | AM36: 0 | AP36: 0 | AR36: 0
C37: MINCOOFRE1 | D37: BNDACT | E37: UP | G37: 2050 | M37: 0 | AA37: 0 | AM37: 1 | AP37: 0 | AR37: 0
C38: MINCOOFRE1 | D38: COST | F38: COOFRE | G38: 2005 | H38: 0.01 | I38: 0.01 | J38: 0.01 | K38: 0.01 | L38: 0.01 | M38: 0.01 | N38: 0.01 | O38: 0.01 | P38: 0.01 | Q38: 0.01 | R38: 0.01 | S38: 3 | T38: 0.01 | U38: 0.01 | V38: 0.01 | W38: 0.01 | X38: 0.01 | Y38: 1000 | Z38: 0.01 | AA38: 0.01 | AB38: 0.01 | AC38: 0.01 | AD38: 0.01 | AE38: 0.01 | AF38: 0.01 | AG38: 0.01 | AH38: 0.01 | AI38: 1000 | AJ38: 0.01 | AK38: 0.01 | AL38: 0.01 | AM38: 0.01 | AN38: 0.01 | AO38: 0.01 | AP38: 3 | AQ38: 0.01 | AR38: 0.01
C39: MINCOOFRE1 | D39: COST | F39: COOFRE | G39: 2050 | AP39: 0.15
C40: MINGASRSV1 | D40: BNDACT | E40: UP | G40: 2015 | H40: 0.586152 | I40: 61 | O40: 7.5272983 | P40: 595.53043 | Q40: 392.84744 | S40: 12.97908 | U40: 43.043424 | V40: 0.753624 | W40: 78.092 | X40: 97.594308 | Y40: 21.309676 | AA40: 414.2944 | AI40: 2355.703 | AJ40: 3193.7329 | AK40: 162.61531 | AM40: 464.256 | AN40: 9.545904 | AQ40: 5.5129509 | AR40: 3324.1936
C41: MINGASRSV1 | D41: BNDACT | E41: UP | G41: 2050 | I41: 61 | O41: 7.5272983 | P41: 595.53043 | Q41: 392.84744 | S41: 12.97908 | V41: 0.753624 | W41: 117.138 | X41: 97.594308 | Y41: 21.309676 | AA41: 414.2944 | AI41: 2355.703 | AJ41: 3193.7329 | AK41: 162.61531 | AM41: 464.256 | AN41: 14.318856 | AQ41: 5.5129509 | AR41: 6648.3872
C42: MINGASRSV1 | D42: CUM | E42: UP | G42: 2005 | H42: 126 | I42: 562 | L42: 222.6384 | O42: 148.4256 | P42: 7151.04 | Q42: 4942.08 | S42: 95.416458 | U42: 478.14247 | V42: 37.1064 | W42: 1050 | X42: 1282.8213 | Y42: 742.128 | AA42: 4680 | AI42: 58855.68 | AJ42: 118272.96 | AK42: 4080.96 | AL42: 9.0007431 | AM42: 11044.8 | AN42: 190.91808 | AO42: 5.2485722 | AQ42: 28.677305 | AR42: 30925.44
C43: MINGASRSV1 | D43: COST | F43: GASRSV | G43: 2005 | H43: 1.8 | I43: 1.8 | L43: 1.8 | O43: 1.8 | P43: 1.8 | Q43: 0.90792312 | S43: 1.8 | U43: 1.8 | V43: 2.6 | W43: 1.8 | X43: 1.8 | Y43: 0.90792312 | AI43: 0.90792312 | AJ43: 0.90792312 | AK43: 1.8 | AL43: 1.8 | AM43: 1.8 | AN43: 1.8 | AO43: 1.8 | AQ43: 1.8 | AR43: 0.90792312
C44: MINGASRSV1 | D44: COST | F44: GASRSV | G44: 2050 | H44: 1.85 | I44: 1.85 | L44: 1.85 | O44: 1.85 | P44: 1.85 | Q44: 1.1929101 | S44: 1.85 | U44: 1.85 | V44: 2.6 | W44: 1.85 | X44: 1.85 | Y44: 1.1929101 | AI44: 1.1929101 | AJ44: 1.1929101 | AK44: 1.85 | AL44: 1.85 | AM44: 1.85 | AN44: 1.85 | AO44: 1.85 | AQ44: 1.85 | AR44: 1.1929101
C45: MINGASRSV4 | D45: BNDACT | E45: UP | G45: 2015 | AA45: 372.86496 | AJ45: 3193.7329
C46: MINGASRSV4 | D46: BNDACT | E46: UP | G46: 2050 | AA46: 93.129086 | AJ46: 3193.7329
C47: MINGASRSV4 | D47: CUM | E47: UP | G47: 2005 | I47: 67.192378 | L47: 27.064522 | O47: 18.043015 | P47: 869.29963 | Q47: 600.77252 | S47: 11.410026 | U47: 57.17691 | V47: 4.4372325 | X47: 153.40147 | Y47: 88.74465 | AA47: 559.6406 | AI47: 7038.0402 | AJ47: 14143.237 | AK47: 488.0066 | AL47: 0.92539058 | AM47: 1320.7518 | AO47: 0.53961982 | AQ47: 12.370637 | AR47: 3698.1051
C48: MINGASRSV4 | D48: COST | F48: GASRSV | G48: 2005 | I48: 2.6 | L48: 2.6 | O48: 2.6 | P48: 2.6 | Q48: 1.8 | S48: 2.6 | U48: 2.6 | V48: 2.6 | X48: 2.6 | Y48: 1.8 | AI48: 0.90792312 | AJ48: 0.90792312 | AK48: 2.6 | AL48: 1.8 | AM48: 2.6 | AO48: 1.8 | AQ48: 2.6 | AR48: 1.8
C49: MINGASRSV4 | D49: COST | F49: GASRSV | G49: 2050 | I49: 2.6 | L49: 2.6 | O49: 2.6 | P49: 2.6 | Q49: 1.85 | S49: 2.6 | U49: 2.6 | V49: 2.6 | X49: 2.6 | Y49: 1.9434992 | AI49: 1.1929101 | AJ49: 1.1929101 | AK49: 2.6 | AL49: 1.85 | AM49: 2.6 | AO49: 1.85 | AQ49: 2.6 | AR49: 1.85
C50: MINGASRSV7 | D50: BNDACT | E50: UP | G50: 2015 | AA50: 335.57846 | AJ50: 3193.7329
C51: MINGASRSV7 | D51: BNDACT | E51: UP | G51: 2050 | AA51: 83.816177 | AJ51: 3193.7329
C52: MINGASRSV7 | D52: CUM | E52: UP | G52: 2005 | I52: 865 | O52: 653.60898 | P52: 15903.261 | Q52: 951.03778 | S52: 21780.846 | U52: 25491.974 | X52: 3069.759 | AA52: 33380.569 | AI52: 189.71796 | AJ52: 224033.66 | AK52: 3454.0909 | AM52: 6629.1128 | AP52: 12.239869 | AR52: 28.613141
C53: MINGASRSV7 | D53: COST | F53: GASRSV | G53: 2005 | I53: 2.6 | O53: 2.6 | P53: 2.6 | Q53: 1.8 | S53: 2.6 | U53: 2.6 | X53: 2.6 | AI53: 1.8 | AJ53: 0.90792312 | AK53: 2.6 | AM53: 2.6 | AP53: 1.8 | AR53: 1.8
C54: MINGASRSV7 | D54: COST | F54: GASRSV | G54: 2050 | I54: 2.6 | O54: 2.6 | P54: 2.6 | Q54: 1.85 | S54: 2.6 | U54: 2.6 | X54: 2.6 | AI54: 1.85 | AJ54: 1.1929101 | AK54: 2.6 | AM54: 2.6 | AP54: 1.85 | AR54: 1.85
C55: MINMALBAU1 | D55: BNDACT | E55: UP | G55: 2005 | V55: 1.8
C56: MINMALBAU1 | D56: BNDACT | E56: UP | G56: 2050 | V56: 3
C57: MINMALBAU1 | D57: COST | F57: MALBAU | G57: 2005 | S57: 3 | T57: 37.5 | U57: 0.01 | V57: 100 | Y57: 113.145 | AI57: 119.1 | AM57: 0.001 | AP57: 3 | AR57: 1e-06
C58: MINMALBAU1 | D58: COST | F58: MALBAU | G58: 2050 | V58: 150 | AP58: 0.15
C59: MINMALSCR1 | D59: BNDACT | E59: UP | G59: 2005 | P59: 99 | U59: 99 | V59: 0.1085
C60: MINMALSCR1 | D60: BNDACT | E60: UP | G60: 2050 | P60: 99 | U60: 99 | V60: 0.2
C61: MINMALSCR1 | D61: COST | F61: MALSCR | G61: 2005 | H61: 0.0001 | J61: 0.0001 | P61: 0.0001 | S61: 3 | T61: 780 | U61: 0.01 | V61: 1000 | W61: 0.0001 | Y61: 1106.275 | AB61: 0.0001 | AF61: 0.0001 | AG61: 0.0001 | AI61: 1164.5 | AM61: 0.001 | AN61: 0.0001 | AP61: 3 | AR61: 1e-06
C62: MINMALSCR1 | D62: COST | F62: MALSCR | G62: 2050 | V62: 1000 | AP62: 0.15
C63: MINMCUORE1 | D63: COST | F63: MCUORE | G63: 2005 | S63: 3 | U63: 0.01 | Y63: 705.85 | AI63: 743 | AM63: 0.001 | AP63: 3 | AR63: 1e-06
C64: MINMCUORE1 | D64: COST | F64: MCUORE | G64: 2050 | AP64: 0.15
C65: MINMCUSCR1 | D65: COST | F65: MCUSCR | G65: 2005 | S65: 3 | U65: 0.01 | Y65: 934.705 | AI65: 983.9 | AM65: 0.001 | AP65: 3 | AR65: 1e-06
C66: MINMCUSCR1 | D66: COST | F66: MCUSCR | G66: 2050 | AP66: 0.15
C67: MINMGHRYC1 | D67: COST | F67: MGHRYC | G67: 2005 | S67: 3 | T67: 42.5 | U67: 0.01 | Y67: 180.69 | AI67: 190.2 | AM67: 0.001 | AP67: 3 | AR67: 1e-06
C68: MINMGHRYC1 | D68: COST | F68: MGHRYC | G68: 2050 | AP68: 0.15
C69: *MINMISBFS1 | D69: COST | F69: MISBFS | G69: 2005 | Y69: 20
C70: MINMPPGYP1 | D70: COST | F70: MPPGYP | G70: 2005 | S70: 3 | U70: 0.01 | Y70: 69.445 | AI70: 73.1 | AM70: 0.001 | AP70: 3 | AR70: 1e-06
C71: MINMPPGYP1 | D71: COST | F71: MPPGYP | G71: 2050 | AP71: 0.15
C72: MINMPPKAO1 | D72: COST | F72: MPPKAO | G72: 2005 | S72: 3 | U72: 0.01 | Y72: 83.41 | AI72: 87.8 | AM72: 0.001 | AP72: 3 | AR72: 1e-06
C73: MINMPPKAO1 | D73: COST | F73: MPPKAO | G73: 2050 | AP73: 0.15
C74: MINMPPNOH1 | D74: COST | F74: MPPNOH | G74: 2005 | S74: 3 | U74: 0.01 | Y74: 137.655 | AI74: 144.9 | AM74: 0.001 | AP74: 3 | AR74: 1e-06
C75: MINMPPNOH1 | D75: COST | F75: MPPNOH | G75: 2050 | AP75: 0.15
C76: MINMPPOXY1 | D76: COST | F76: MPPOXY | G76: 2005 | S76: 3 | U76: 0.01 | Y76: 34.086 | AI76: 35.88 | AM76: 0.001 | AP76: 3 | AR76: 1e-06
C77: MINMPPOXY1 | D77: COST | F77: MPPOXY | G77: 2050 | AP77: 0.15
C78: MINMPPRYC1 | D78: BNDACT | E78: UP | G78: 2005 | I78: 2.3134839 | O78: 0.30102013 | P78: 15.3 | X78: 0.10799217 | AQ78: 0.18723958
C79: MINMPPRYC1 | D79: BNDACT | E79: UP | G79: 2050 | I79: 2.3134839 | O79: 0.30102013 | P79: 15.3 | X79: 0.10799217 | AQ79: 0.18723958
C80: MINMPPRYC1 | D80: COST | F80: MPPRYC | G80: 2005 | H80: 0 | I80: 0 | J80: 0 | O80: 0 | P80: 0 | S80: 3 | T80: 42.727273 | U80: 0.01 | W80: 0 | X80: 0 | Y80: 118.75 | AB80: 0 | AF80: 0 | AG80: 0 | AI80: 12.5 | AM80: 0.001 | AN80: 0 | AP80: 3 | AQ80: 0 | AR80: 1e-06
C81: MINMPPRYC1 | D81: COST | F81: MPPRYC | G81: 2050 | AP81: 0.15
C82: MINMPPWOO1 | D82: BNDACT | E82: UP | G82: 2005 | P82: 15.268 | T82: 23.4
C83: MINMPPWOO1 | D83: BNDACT | E83: UP | G83: 2010 | P83: 30 | T83: 58.5
C84: MINMPPWOO1 | D84: COST | F84: MPPWOO | G84: 2005 | H84: 0.0001 | J84: 0.0001 | P84: 0.0001 | S84: 3 | T84: 53 | U84: 0.01 | W84: 0.0001 | Y84: 143.355 | AB84: 0.0001 | AF84: 0.0001 | AG84: 0.0001 | AI84: 150.9 | AM84: 0.001 | AN84: 0.0001 | AP84: 3 | AR84: 1e-06
C85: MINMPPWOO1 | D85: COST | F85: MPPWOO | G85: 2050 | T85: 70 | AP85: 0.15
C86: MINOILRSV1 | D86: BNDACT | E86: UP | G86: 2015 | H86: 18.547524 | I86: 52.083704 | L86: 7.5043416 | O86: 40.268833 | P86: 316.47774 | Q86: 842.005 | S86: 65.551317 | U86: 163.44277 | V86: 12.708245 | W86: 43.411 | X86: 94.206288 | AA86: 283.49692 | AC86: 18 | AI86: 105.30456 | AJ86: 6631.1398 | AK86: 73.256668 | AM86: 253.77604 | AN86: 26.041896 | AQ86: 28.677305 | AR86: 4040.7006
C87: MINOILRSV1 | D87: BNDACT | E87: UP | G87: 2050 | I87: 52.083704 | L87: 7.5043416 | O87: 40.268833 | P87: 316.47774 | Q87: 842.005 | S87: 65.551317 | U87: 163.44277 | V87: 12.708245 | W87: 65.1165 | X87: 94.206288 | AA87: 283.49692 | AI87: 105.30456 | AJ87: 6631.1398 | AK87: 73.256668 | AM87: 253.77604 | AN87: 39.062844 | AQ87: 28.677305 | AR87: 4040.7006
C88: MINOILRSV1 | D88: CUM | E88: UP | G88: 2005 | H88: 1500 | I88: 379.378 | L88: 91.785 | O88: 91.785 | P88: 2410.886 | Q88: 8120.8313 | S88: 966.802 | U88: 893.374 | V88: 42.833 | W88: 376.812 | X88: 624.138 | AA88: 4901.1617 | AC88: 73 | AI88: 1524.9772 | AJ88: 59488.562 | AK88: 587.424 | AM88: 2864.9158 | AN88: 651.0474 | AQ88: 55.071 | AR88: 24460.702
C89: MINOILRSV1 | D89: COST | F89: OILRSV | G89: 2005 | H89: 3 | I89: 3 | L89: 1.6658565 | O89: 3 | P89: 3 | Q89: 1.6658565 | S89: 3 | U89: 3 | V89: 3 | W89: 3 | X89: 3 | AC89: 3 | AI89: 1.6658565 | AJ89: 1.6658565 | AK89: 3 | AM89: 3 | AN89: 3 | AQ89: 3 | AR89: 1.6658565
C90: MINOILRSV1 | D90: COST | F90: OILRSV | G90: 2050 | H90: 3 | I90: 3 | L90: 1.9434992 | O90: 3 | P90: 3 | Q90: 1.9434992 | S90: 3 | U90: 3 | V90: 3 | W90: 3 | X90: 3 | AC90: 3 | AI90: 1.9434992 | AJ90: 1.9434992 | AK90: 3 | AM90: 3 | AN90: 3 | AQ90: 3 | AR90: 1.9434992
C91: MINOILRSV2 | D91: BNDACT | E91: UP | G91: 2015 | AC91: 18
C92: MINOILRSV2 | D92: CUM | E92: UP | G92: 2005 | AC92: 65
C93: MINOILRSV2 | D93: COST | F93: OILRSV | G93: 2005 | AC93: 3
C94: MINOILRSV2 | D94: COST | F94: OILRSV | G94: 2050 | AC94: 3
C95: MINOILRSV4 | D95: BNDACT | E95: UP | G95: 2015 | S95: 57.805796 | AA95: 255.14723 | AI95: 92.636994 | AJ95: 6631.1398 | AM95: 223.24815
C96: MINOILRSV4 | D96: BNDACT | E96: UP | G96: 2050 | S96: 57.805796 | AA96: 113.47844 | AI96: 92.636994 | AJ96: 6631.1398 | AM96: 223.24815
C97: MINOILRSV4 | D97: CUM | E97: UP | G97: 2005 | I97: 333.74088 | L97: 80.939716 | O97: 80.939716 | P97: 2126.0165 | Q97: 7161.2766 | S97: 852.56501 | U97: 785.90594 | V97: 37.680422 | X97: 549.05757 | AA97: 4311.5784 | AI97: 1341.5307 | AJ97: 52332.41 | AK97: 516.76007 | AM97: 2520.2819 | AQ97: 48.446256 | AR97: 21518.212
C98: MINOILRSV4 | D98: COST | F98: OILRSV | G98: 2005 | I98: 3 | L98: 3 | O98: 3 | P98: 3 | Q98: 3 | S98: 4.5 | U98: 3.3 | V98: 3.3 | X98: 3.3 | AI98: 2.4987847 | AJ98: 2.4987847 | AK98: 3 | AM98: 4.5 | AQ98: 3 | AR98: 2.4987847
C99: MINOILRSV4 | D99: COST | F99: OILRSV | G99: 2050 | I99: 3 | L99: 3 | O99: 3 | P99: 3 | Q99: 3 | S99: 4.5 | U99: 3.3 | V99: 3.3 | X99: 3.3 | AI99: 2.9152489 | AJ99: 2.9152489 | AK99: 3 | AM99: 4.5 | AQ99: 3 | AR99: 2.9152489
C100: MINOILRSV7 | D100: BNDACT | E100: UP | G100: 2015 | S100: 385.14305 | AA100: 229.6325 | AI100: 4028.3944 | AJ100: 6631.1398 | AM100: 700.2436
C101: MINOILRSV7 | D101: BNDACT | E101: UP | G101: 2050 | S101: 385.14305 | AA101: 102.1306 | AI101: 4028.3944 | AJ101: 6631.1398 | AM101: 700.2436
...

Sheet Topology
E1: ~FI_T
B2: TechName | C2: Comm-IN | D2: Comm-IN-A | E2: Comm-OUT | F2: EFF | I2: Commodity | J2: IO
B3: MINCOHRSV1 | C3: =IF(J3="IN",I3,"") | D3: =IF(J3="IN-A",I3,"") | E3: =IF(J3="OUT",I3,"") -> COHRSV | I3: COHRSV | J3: OUT
B4: MINCOHRSV2 | C4: =IF(J4="IN",I4,"") | D4: =IF(J4="IN-A",I4,"") | E4: =IF(J4="OUT",I4,"") -> COHRSV | I4: COHRSV | J4: OUT
B5: MINCOHRSV3 | E5: =IF(J5="OUT",I5,"") -> COHRSV | I5: COHRSV | J5: OUT
B6: MINCOLRSV1 | C6: =IF(J6="IN",I6,"") | D6: =IF(J6="IN-A",I6,"") | E6: =IF(J6="OUT",I6,"") -> COLRSV | I6: COLRSV | J6: OUT
B7: MINCOLRSV2 | C7: =IF(J7="IN",I7,"") | D7: =IF(J7="IN-A",I7,"") | E7: =IF(J7="OUT",I7,"") -> COLRSV | I7: COLRSV | J7: OUT
B8: MINCOLRSV3 | C8: =IF(J8="IN",I8,"") | D8: =IF(J8="IN-A",I8,"") | E8: =IF(J8="OUT",I8,"") -> COLRSV | I8: COLRSV | J8: OUT
B9: MINCOOFRE1 | C9: =IF(J9="IN",I9,"") | D9: =IF(J9="IN-A",I9,"") | E9: =IF(J9="OUT",I9,"") -> COOFRE | I9: COOFRE | J9: OUT
B10: MINGASRSV1 | C10: =IF(J10="IN",I10,"") | D10: =IF(J10="IN-A",I10,"") | E10: =IF(J10="OUT",I10,"") -> GASRSV | I10: GASRSV | J10: OUT
B11: MINGASRSV4 | C11: =IF(J11="IN",I11,"") | D11: =IF(J11="IN-A",I11,"") | E11: =IF(J11="OUT",I11,"") -> GASRSV | I11: GASRSV | J11: OUT
B12: MINGASRSV7 | C12: =IF(J12="IN",I12,"") | D12: =IF(J12="IN-A",I12,"") | E12: =IF(J12="OUT",I12,"") -> GASRSV | I12: GASRSV | J12: OUT
B13: MINMALBAU1 | C13: =IF(J13="IN",I13,"") | D13: =IF(J13="IN-A",I13,"") | E13: =IF(J13="OUT",I13,"") -> MALBAU | I13: MALBAU | J13: OUT
B14: MINMALSCR1 | C14: =IF(J14="IN",I14,"") | D14: =IF(J14="IN-A",I14,"") | E14: =IF(J14="OUT",I14,"") -> MALSCR | I14: MALSCR | J14: OUT
B15: MINMCUORE1 | C15: =IF(J15="IN",I15,"") | D15: =IF(J15="IN-A",I15,"") | E15: =IF(J15="OUT",I15,"") -> MCUORE | I15: MCUORE | J15: OUT
B16: MINMCUSCR1 | C16: =IF(J16="IN",I16,"") | D16: =IF(J16="IN-A",I16,"") | E16: =IF(J16="OUT",I16,"") -> MCUSCR | I16: MCUSCR | J16: OUT
B17: MINMGHRYC1 | C17: =IF(J17="IN",I17,"") | D17: =IF(J17="IN-A",I17,"") | E17: =IF(J17="OUT",I17,"") -> MGHRYC | I17: MGHRYC | J17: OUT
... B31: MINRENWIN1 | C31: =IF(J31="IN",I31,"") | D31: =IF(J31="IN-A",I31,"") | E31: =IF(J31="OUT",I31,"") -> RENWIN | I31: RENWIN | J31: OUT
B32: SUPBIO00 | C32: =IF(J32="IN",I32,"") -> BIOGAS | D32: =IF(J32="IN-A",I32,"") | E32: =IF(J32="OUT",I32,"") | F32: =IF(B32<>B31,1,"") -> 1 | I32: BIOGAS | J32: IN
B33: SUPBIO00 | C33: =IF(J33="IN",I33,"") -> BIOLIQ | D33: =IF(J33="IN-A",I33,"") | E33: =IF(J33="OUT",I33,"") | F33: =IF(B33<>B32,1,"") | I33: BIOLIQ | J33: IN
B34: SUPBIO00 | C34: =IF(J34="IN",I34,"") -> BIOMUN | D34: =IF(J34="IN-A",I34,"") | E34: =IF(J34="OUT",I34,"") | F34: =IF(B34<>B33,1,"") | I34: BIOMUN | J34: IN
B35: SUPBIO00 | C35: =IF(J35="IN",I35,"") -> BIOSLU | D35: =IF(J35="IN-A",I35,"") | E35: =IF(J35="OUT",I35,"") | F35: =IF(B35<>B34,1,"") | I35: BIOSLU | J35: IN
B36: SUPBIO00 | C36: =IF(J36="IN",I36,"") -> BIOWOO | D36: =IF(J36="IN-A",I36,"") | E36: =IF(J36="OUT",I36,"") | F36: =IF(B36<>B35,1,"") | I36: BIOWOO | J36: IN
B37: SUPBIO00 | C37: =IF(J37="IN",I37,"") | D37: =IF(J37="IN-A",I37,"") | E37: =IF(J37="OUT",I37,"") -> SUPBIO | F37: =IF(B37<>B36,1,"") | I37: SUPBIO | J37: OUT
B38: SUPCOA00 | C38: =IF(J38="IN",I38,"") -> COABRO | D38: =IF(J38="IN-A",I38,"") | E38: =IF(J38="OUT",I38,"") | F38: =IF(B38<>B37,1,"") -> 1 | I38: COABRO | J38: IN
B39: SUPCOA00 | C39: =IF(J39="IN",I39,"") -> COACOK | D39: =IF(J39="IN-A",I39,"") | E39: =IF(J39="OUT",I39,"") | F39: =IF(B39<>B38,1,"") | I39: COACOK | J39: IN
B40: SUPCOA00 | C40: =IF(J40="IN",I40,"") -> COAHAR | D40: =IF(J40="IN-A",I40,"") | E40: =IF(J40="OUT",I40,"") | F40: =IF(B40<>B39,1,"") | I40: COAHAR | J40: IN
B41: SUPCOA00 | C41: =IF(J41="IN",I41,"") -> COALIG | D41: =IF(J41="IN-A",I41,"") | E41: =IF(J41="OUT",I41,"") | F41: =IF(B41<>B40,1,"") | I41: COALIG | J41: IN
B42: SUPCOA00 | C42: =IF(J42="IN",I42,"") -> GASBFG | D42: =IF(J42="IN-A",I42,"") | E42: =IF(J42="OUT",I42,"") | F42: =IF(B42<>B41,1,"") | I42: GASBFG | J42: IN
B43: SUPCOA00 | C43: =IF(J43="IN",I43,"") -> GASCOG | D43: =IF(J43="IN-A",I43,"") | E43: =IF(J43="OUT",I43,"") | F43: =IF(B43<>B42,1,"") | I43: GASCOG | J43: IN
... B54: SUPGAS00 | C54: =IF(J54="IN",I54,"") -> GASP2G | D54: =IF(J54="IN-A",I54,"") | E54: =IF(J54="OUT",I54,"") | F54: =IF(B54<>B53,1,"") | I54: GASP2G | J54: IN
B55: SUPGAS00 | C55: =IF(J55="IN",I55,"") | D55: =IF(J55="IN-A",I55,"") | E55: =IF(J55="OUT",I55,"") -> SUPGAS | F55: =IF(B55<>B53,1,"") | I55: SUPGAS | J55: OUT
B56: SUPHTH00 | C56: =IF(J56="IN",I56,"") -> HETHTH | D56: =IF(J56="IN-A",I56,"") | E56: =IF(J56="OUT",I56,"") | F56: =IF(B56<>B55,1,"") -> 1 | I56: HETHTH | J56: IN
B57: SUPHTH00 | C57: =IF(J57="IN",I57,"") | D57: =IF(J57="IN-A",I57,"") | E57: =IF(J57="OUT",I57,"") -> SUPHTH | F57: =IF(B57<>B56,1,"") | I57: SUPHTH | J57: OUT
B58: SUPRPG00 | C58: =IF(J58="IN",I58,"") -> OILLPG | D58: =IF(J58="IN-A",I58,"") | E58: =IF(J58="OUT",I58,"") | F58: =IF(B58<>B57,1,"") -> 1 | I58: OILLPG | J58: IN
B59: SUPRPG00 | C59: =IF(J59="IN",I59,"") -> OILRFG | D59: =IF(J59="IN-A",I59,"") | E59: =IF(J59="OUT",I59,"") | F59: =IF(B59<>B58,1,"") | I59: OILRFG | J59: IN
B60: SUPRPG00 | C60: =IF(J60="IN",I60,"") | D60: =IF(J60="IN-A",I60,"") | E60: =IF(J60="OUT",I60,"") -> SUPRPG | F60: =IF(B60<>B59,1,"") | I60: SUPRPG | J60: OUT
B61: SUPRPP00 | C61: =IF(J61="IN",I61,"") -> OILDST | D61: =IF(J61="IN-A",I61,"") | E61: =IF(J61="OUT",I61,"") | F61: =IF(B61<>B60,1,"") -> 1 | I61: OILDST | J61: IN
B62: SUPRPP00 | C62: =IF(J62="IN",I62,"") -> OILGSL | D62: =IF(J62="IN-A",I62,"") | E62: =IF(J62="OUT",I62,"") | F62: =IF(B62<>B61,1,"") | I62: OILGSL | J62: IN
B63: SUPRPP00 | C63: =IF(J63="IN",I63,"") -> OILHFO | D63: =IF(J63="IN-A",I63,"") | E63: =IF(J63="OUT",I63,"") | F63: =IF(B63<>B62,1,"") | I63: OILHFO | J63: IN
B64: SUPRPP00 | C64: =IF(J64="IN",I64,"") -> OILKER | D64: =IF(J64="IN-A",I64,"") | E64: =IF(J64="OUT",I64,"") | F64: =IF(B64<>B63,1,"") | I64: OILKER | J64: IN
B65: SUPRPP00 | C65: =IF(J65="IN",I65,"") -> OILNAP | D65: =IF(J65="IN-A",I65,"") | E65: =IF(J65="OUT",I65,"") | F65: =IF(B65<>B64,1,"") | I65: OILNAP | J65: IN
B66: SUPRPP00 | C66: =IF(J66="IN",I66,"") -> OILNEU | D66: =IF(J66="IN-A",I66,"") | E66: =IF(J66="OUT",I66,"") | F66: =IF(B66<>B65,1,"") | I66: OILNEU | J66: IN
B67: SUPRPP00 | C67: =IF(J67="IN",I67,"") -> OILOTH | D67: =IF(J67="IN-A",I67,"") | E67: =IF(J67="OUT",I67,"") | F67: =IF(B67<>B66,1,"") | I67: OILOTH | J67: IN
B68: SUPRPP00 | C68: =IF(J68="IN",I68,"") | D68: =IF(J68="IN-A",I68,"") | E68: =IF(J68="OUT",I68,"") -> SUPRPP | F68: =IF(B68<>B67,1,"") | I68: SUPRPP | J68: OUT
A70: * | B70: MINSAND | E70: SANDFG
A71: * | B71: MINSALT | E71: SALTISA
A72: * | B72: MINECOKENO | E72: COKENO
A73: * | B73: MINMISORE1 | C73: =IF(J73="IN",I73,"") | D73: =IF(J73="IN-A",I73,"") | E73: =IF(J73="OUT",I73,"") -> MISORE | I73: MISORE | J73: OUT
A74: * | B74: MINMISOXY1 | C74: =IF(J74="IN",I74,"") | D74: =IF(J74="IN-A",I74,"") | E74: =IF(J74="OUT",I74,"") -> MISOXY | I74: MISOXY | J74: OUT
A75: * | B75: MINMISQLI1 | C75: =IF(J75="IN",I75,"") | D75: =IF(J75="IN-A",I75,"") | E75: =IF(J75="OUT",I75,"") -> MISQLI | I75: MISQLI | J75: OUT
A76: * | B76: MINMISSCR1 | C76: =IF(J76="IN",I76,"") | D76: =IF(J76="IN-A",I76,"") | E76: =IF(J76="OUT",I76,"") -> MISSCR | I76: MISSCR | J76: OUT
A77: * | B77: MINMLMSTN1 | C77: =IF(J77="IN",I77,"") | D77: =IF(J77="IN-A",I77,"") | E77: =IF(J77="OUT",I77,"") -> MLMSTN | I77: MLMSTN | J77: OUT
D80: ~FI_T:ACT_BND~UP
B81: TechName | C81: Comm-IN | D81: Comm-OUT | E81: 2010 | F81: RO | G81: 0
B82: SUPREFHTH00 | C82: HETHTH | D82: REFHTH | E82: 0 | F82: 7 | G82: 5

Sheet VEDA Tables
A1: Primary Production
D3: ~FI_T: INPUT
B4: Comm-OUT | C4: TechName | D4: Comm-IN | E4: 2010 | F4: ='Copied Pivots'!C$15 -> AL | G4: ='Copied Pivots'!D$15 -> AT | H4: ='Copied Pivots'!E$15 -> BE | I4: ='Copied Pivots'!F$15 -> BG | J4: ='Copied Pivots'!G$15 -> CY | K4: ='Copied Pivots'!H$15 -> CZ | L4: ='Copied Pivots'!I$15 -> DE | M4: ='Copied Pivots'!J$15 -> DK | ... AE4: ='Copied Pivots'!AB$15 -> UK
C5: =C6 -> SPRICOH100 | D5: COHRSV | E5: 1
C6: SPRICOH100 | D6: SUPCOA | E6: =AVERAGE(F6:AE6) -> 0.0019809122 | F6: =IF(IFERROR(SUMIF('Copied Pivots'!$A$17:$A$38,$D6,'Copied Pivots'!C$17:C$38)/SUMPRODUCT(('Copied Pivots'!$C$3:$AL$3='Copied Pivots'!C$15)*('Copied Pivots'!$B$5:$B$11='Copied Pivots'!$B$6)*'Copied Pivots'!$C$5:$AL$11),"")=0,"",IFERROR(SUMIF('Copied Pivots'!$A$17:$A$38,$D6,'Copied Pivots'!C$17:C$38)/SUMPRODUCT(('Copied Pivots'!$C$3:$AL$3='Copied Pivots'!C$15)*('Copied Pivots'!$B$5:$B$11='Copied Pivots'!$B$6)*'Copied Pivots'!$C$5:$AL$11),"")) | G6: =IF(IFERROR(SUMIF('Copied Pivots'!$A$17:$A$38,$D6,'Copied Pivots'!D$17:D$38)/SUMPRODUCT(('Copied Pivots'!$C$3:$AL$3='Copied Pivots'!D$15)*('Copied Pivots'!$B$5:$B$11='Copied Pivots'!$B$6)*'Copied Pivots'!$C$5:$AL$11),"")=0,"",IFERROR(SUMIF('Copied Pivots'!$A$17:$A$38,$D6,'Copied Pivots'!D$17:D$38)/SUMPRODUCT(('Copied Pivots'!$C$3:$AL$3='Copied Pivots'!D$15)*('Copied Pivots'!$B$5:$B$11='Copied Pivots'!$B$6)*'Copied Pivots'!$C$5:$AL$11),"")) | H6: =IF(IFERROR(SUMIF('Copied Pivots'!$A$17:$A$38,$D6,'Copied Pivots'!E$17:E$38)/SUMPRODUCT(('Copied Pivots'!$C$3:$AL$3='Copied Pivots'!E$15)*('Copied Pivots'!$B$5:$B$11='Copied Pivots'!$B$6)*'Copied Pivots'!$C$5:$AL$11),"")=0,"",IFERROR(SUMIF('Copied Pivots'!$A$17:$A$38,$D6,'Copied Pivots'!E$17:E$38)/SUMPRODUCT(('Copied Pivots'!$C$3:$AL$3='Copied Pivots'!E$15)*('Copied Pivots'!$B$5:$B$11='Copied Pivots'!$B$6)*'Copied Pivots'!$C$5:$AL$11),"")) | I6: =IF(IFERROR(SUMIF('Copied Pivots'!$A$17:$A$38,$D6,'Copied Pivots'!F$17:F$38)/SUMPRODUCT(('Copied Pivots'!$C$3:$AL$3='Copied Pivots'!F$15)*('Copied Pivots'!$B$5:$B$11='Copied Pivots'!$B$6)*'Copied Pivots'!$C$5:$AL$11),"")=0,"",IFERROR(SUMIF('Copied Pivots'!$A$17:$A$38,$D6,'Copied Pivots'!F$17:F$38)/SUMPRODUCT(('Copied Pivots'!$C$3:$AL$3='Copied Pivots'!F$15)*('Copied Pivots'!$B$5:$B$11='Copied Pivots'!$B$6)*'Copied Pivots'!$C$5:$AL$11),"")) -> 0.00024032594 | J6: =IF(IFERROR(SUMIF('Copied Pivots'!$A$17:$A$38,$D6,'Copied Pivots'!G$17:G$38)/SUMPRODUCT(('Copied Pivots'!$C$3:$AL$3='Copied Pivots'!G$15)*('Copied Pivots'!$B$5:$B$11='Copied Pivots'!$B$6)*'Copied Pivots'!$C$5:$AL$11),"")=0,"",IFERROR(SUMIF('Copied Pivots'!$A$17:$A$38,$D6,'Copied Pivots'!G$17:G$38)/SUMPRODUCT(('Copied Pivots'!$C$3:$AL$3='Copied Pivots'!G$15)*('Copied Pivots'!$B$5:$B$11='Copied Pivots'!$B$6)*'Copied Pivots'!$C$5:$AL$11),"")) | K6: =IF(IFERROR(SUMIF('Copied Pivots'!$A$17:$A$38,$D6,'Copied Pivots'!H$17:H$38)/SUMPRODUCT(('Copied Pivots'!$C$3:$AL$3='Copied Pivots'!H$15)*('Copied Pivots'!$B$5:$B$11='Copied Pivots'!$B$6)*'Copied Pivots'!$C$5:$AL$11),"")=0,"",IFERROR(SUMIF('Copied Pivots'!$A$17:$A$38,$D6,'Copied Pivots'!H$17:H$38)/SUMPRODUCT(('Copied Pivots'!$C$3:$AL$3='Copied Pivots'!H$15)*('Copied Pivots'!$B$5:$B$11='Copied Pivots'!$B$6)*'Copied Pivots'!$C$5:$AL$11),"")) -> 0.013616555 | L6: =IF(IFERROR(SUMIF('Copied Pivots'!$A$17:$A$38,$D6,'Copied Pivots'!I$17:I$38)/SUMPRODUCT(('Copied Pivots'!$C$3:$AL$3='Copied Pivots'!I$15)*('Copied Pivots'!$B$5:$B$11='Copied Pivots'!$B$6)*'Copied Pivots'!$C$5:$AL$11),"")=0,"",IFERROR(SUMIF('Copied Pivots'!$A$17:$A$38,$D6,'Copied Pivots'!I$17:I$38)/SUMPRODUCT(('Copied Pivots'!$C$3:$AL$3='Copied Pivots'!I$15)*('Copied Pivots'!$B$5:$B$11='Copied Pivots'!$B$6)*'Copied Pivots'!$C$5:$AL$11),"")) -> 9.9395475e-05 | M6: =IF(IFERROR(SUMIF('Copied Pivots'!$A$17:$A$38,$D6,'Copied Pivots'!J$17:J$38)/SUMPRODUCT(('Copied Pivots'!$C$3:$AL$3='Copied Pivots'!J$15)*('Copied Pivots'!$B$5:$B$11='Copied Pivots'!$B$6)*'Copied Pivots'!$C$5:$AL$11),"")=0,"",IFERROR(SUMIF('Copied Pivots'!$A$17:$A$38,$D6,'Copied Pivots'!J$17:J$38)/SUMPRODUCT(('Copied Pivots'!$C$3:$AL$3='Copied Pivots'!J$15)*('Copied Pivots'!$B$5:$B$11='Copied Pivots'!$B$6)*'Copied Pivots'!$C$5:$AL$11),"")) | ... AE6: =IF(IFERROR(SUMIF('Copied Pivots'!$A$17:$A$38,$D6,'Copied Pivots'!AB$17:AB$38)/SUMPRODUCT(('Copied Pivots'!$C$3:$AL$3='Copied Pivots'!AB$15)*('Copied Pivots'!$B$5:$B$11='Copied Pivots'!$B$6)*'Copied Pivots'!$C$5:$AL$11),"")=0,"",IFERROR(SUMIF('Copied Pivots'!$A$17:$A$38,$D6,'Copied Pivots'!AB$17:AB$38)/SUMPRODUCT(('Copied Pivots'!$C$3:$AL$3='Copied Pivots'!AB$15)*('Copied Pivots'!$B$5:$B$11='Copied Pivots'!$B$6)*'Copied Pivots'!$C$5:$AL$11),"")) -> 0.00023116561
C7: SPRICOH100 | D7: SUPELC | E7: =AVERAGE(F7:AE7) -> 0.011946036 | F7: =IF(IFERROR(SUMIF('Copied Pivots'!$A$17:$A$38,$D7,'Copied Pivots'!C$17:C$38)/SUMPRODUCT(('Copied Pivots'!$C$3:$AL$3='Copied Pivots'!C$15)*('Copied Pivots'!$B$5:$B$11='Copied Pivots'!$B$6)*'Copied Pivots'!$C$5:$AL$11),"")=0,"",IFERROR(SUMIF('Copied Pivots'!$A$17:$A$38,$D7,'Copied Pivots'!C$17:C$38)/SUMPRODUCT(('Copied Pivots'!$C$3:$AL$3='Copied Pivots'!C$15)*('Copied Pivots'!$B$5:$B$11='Copied Pivots'!$B$6)*'Copied Pivots'!$C$5:$AL$11),"")) | G7: =IF(IFERROR(SUMIF('Copied Pivots'!$A$17:$A$38,$D7,'Copied Pivots'!D$17:D$38)/SUMPRODUCT(('Copied Pivots'!$C$3:$AL$3='Copied Pivots'!D$15)*('Copied Pivots'!$B$5:$B$11='Copied Pivots'!$B$6)*'Copied Pivots'!$C$5:$AL$11),"")=0,"",IFERROR(SUMIF('Copied Pivots'!$A$17:$A$38,$D7,'Copied Pivots'!D$17:D$38)/SUMPRODUCT(('Copied Pivots'!$C$3:$AL$3='Copied Pivots'!D$15)*('Copied Pivots'!$B$5:$B$11='Copied Pivots'!$B$6)*'Copied Pivots'!$C$5:$AL$11),"")) | H7: =IF(IFERROR(SUMIF('Copied Pivots'!$A$17:$A$38,$D7,'Copied Pivots'!E$17:E$38)/SUMPRODUCT(('Copied Pivots'!$C$3:$AL$3='Copied Pivots'!E$15)*('Copied Pivots'!$B$5:$B$11='Copied Pivots'!$B$6)*'Copied Pivots'!$C$5:$AL$11),"")=0,"",IFERROR(SUMIF('Copied Pivots'!$A$17:$A$38,$D7,'Copied Pivots'!E$17:E$38)/SUMPRODUCT(('Copied Pivots'!$C$3:$AL$3='Copied Pivots'!E$15)*('Copied Pivots'!$B$5:$B$11='Copied Pivots'!$B$6)*'Copied Pivots'!$C$5:$AL$11),"")) | I7: =IF(IFERROR(SUMIF('Copied Pivots'!$A$17:$A$38,$D7,'Copied Pivots'!F$17:F$38)/SUMPRODUCT(('Copied Pivots'!$C$3:$AL$3='Copied Pivots'!F$15)*('Copied Pivots'!$B$5:$B$11='Copied Pivots'!$B$6)*'Copied Pivots'!$C$5:$AL$11),"")=0,"",IFERROR(SUMIF('Copied Pivots'!$A$17:$A$38,$D7,'Copied Pivots'!F$17:F$38)/SUMPRODUCT(('Copied Pivots'!$C$3:$AL$3='Copied Pivots'!F$15)*('Copied Pivots'!$B$5:$B$11='Copied Pivots'!$B$6)*'Copied Pivots'!$C$5:$AL$11),"")) -> 0.0098420983 | J7: =IF(IFERROR(SUMIF('Copied Pivots'!$A$17:$A$38,$D7,'Copied Pivots'!G$17:G$38)/SUMPRODUCT(('Copied Pivots'!$C$3:$AL$3='Copied Pivots'!G$15)*('Copied Pivots'!$B$5:$B$11='Copied Pivots'!$B$6)*'Copied Pivots'!$C$5:$AL$11),"")=0,"",IFERROR(SUMIF('Copied Pivots'!$A$17:$A$38,$D7,'Copied Pivots'!G$17:G$38)/SUMPRODUCT(('Copied Pivots'!$C$3:$AL$3='Copied Pivots'!G$15)*('Copied Pivots'!$B$5:$B$11='Copied Pivots'!$B$6)*'Copied Pivots'!$C$5:$AL$11),"")) | K7: =IF(IFERROR(SUMIF('Copied Pivots'!$A$17:$A$38,$D7,'Copied Pivots'!H$17:H$38)/SUMPRODUCT(('Copied Pivots'!$C$3:$AL$3='Copied Pivots'!H$15)*('Copied Pivots'!$B$5:$B$11='Copied Pivots'!$B$6)*'Copied Pivots'!$C$5:$AL$11),"")=0,"",IFERROR(SUMIF('Copied Pivots'!$A$17:$A$38,$D7,'Copied Pivots'!H$17:H$38)/SUMPRODUCT(('Copied Pivots'!$C$3:$AL$3='Copied Pivots'!H$15)*('Copied Pivots'!$B$5:$B$11='Copied Pivots'!$B$6)*'Copied Pivots'!$C$5:$AL$11),"")) -> 0.0059883349 | L7: =IF(IFERROR(SUMIF('Copied Pivots'!$A$17:$A$38,$D7,'Copied Pivots'!I$17:I$38)/SUMPRODUCT(('Copied Pivots'!$C$3:$AL$3='Copied Pivots'!I$15)*('Copied Pivots'!$B$5:$B$11='Copied Pivots'!$B$6)*'Copied Pivots'!$C$5:$AL$11),"")=0,"",IFERROR(SUMIF('Copied Pivots'!$A$17:$A$38,$D7,'Copied Pivots'!I$17:I$38)/SUMPRODUCT(('Copied Pivots'!$C$3:$AL$3='Copied Pivots'!I$15)*('Copied Pivots'!$B$5:$B$11='Copied Pivots'!$B$6)*'Copied Pivots'!$C$5:$AL$11),"")) -> 0.0032015806 | M7: =IF(IFERROR(SUMIF('Copied Pivots'!$A$17:$A$38,$D7,'Copied Pivots'!J$17:J$38)/SUMPRODUCT(('Copied Pivots'!$C$3:$AL$3='Copied Pivots'!J$15)*('Copied Pivots'!$B$5:$B$11='Copied Pivots'!$B$6)*'Copied Pivots'!$C$5:$AL$11),"")=0,"",IFERROR(SUMIF('Copied Pivots'!$A$17:$A$38,$D7,'Copied Pivots'!J$17:J$38)/SUMPRODUCT(('Copied Pivots'!$C$3:$AL$3='Copied Pivots'!J$15)*('Copied Pivots'!$B$5:$B$11='Copied Pivots'!$B$6)*'Copied Pivots'!$C$5:$AL$11),"")) | ... AE7: =IF(IFERROR(SUMIF('Copied Pivots'!$A$17:$A$38,$D7,'Copied Pivots'!AB$17:AB$38)/SUMPRODUCT(('Copied Pivots'!$C$3:$AL$3='Copied Pivots'!AB$15)*('Copied Pivots'!$B$5:$B$11='Copied Pivots'!$B$6)*'Copied Pivots'!$C$5:$AL$11),"")=0,"",IFERROR(SUMIF('Copied Pivots'!$A$17:$A$38,$D7,'Copied Pivots'!AB$17:AB$38)/SUMPRODUCT(('Copied Pivots'!$C$3:$AL$3='Copied Pivots'!AB$15)*('Copied Pivots'!$B$5:$B$11='Copied Pivots'!$B$6)*'Copied Pivots'!$C$5:$AL$11),"")) -> 0.0087236965
C8: SPRICOH100 | D8: SUPGAS | E8: =AVERAGE(F8:AE8) -> 0.0005421764 | F8: =IF(IFERROR(SUMIF('Copied Pivots'!$A$17:$A$38,$D8,'Copied Pivots'!C$17:C$38)/SUMPRODUCT(('Copied Pivots'!$C$3:$AL$3='Copied Pivots'!C$15)*('Copied Pivots'!$B$5:$B$11='Copied Pivots'!$B$6)*'Copied Pivots'!$C$5:$AL$11),"")=0,"",IFERROR(SUMIF('Copied Pivots'!$A$17:$A$38,$D8,'Copied Pivots'!C$17:C$38)/SUMPRODUCT(('Copied Pivots'!$C$3:$AL$3='Copied Pivots'!C$15)*('Copied Pivots'!$B$5:$B$11='Copied Pivots'!$B$6)*'Copied Pivots'!$C$5:$AL$11),"")) | G8: =IF(IFERROR(SUMIF('Copied Pivots'!$A$17:$A$38,$D8,'Copied Pivots'!D$17:D$38)/SUMPRODUCT(('Copied Pivots'!$C$3:$AL$3='Copied Pivots'!D$15)*('Copied Pivots'!$B$5:$B$11='Copied Pivots'!$B$6)*'Copied Pivots'!$C$5:$AL$11),"")=0,"",IFERROR(SUMIF('Copied Pivots'!$A$17:$A$38,$D8,'Copied Pivots'!D$17:D$38)/SUMPRODUCT(('Copied Pivots'!$C$3:$AL$3='Copied Pivots'!D$15)*('Copied Pivots'!$B$5:$B$11='Copied Pivots'!$B$6)*'Copied Pivots'!$C$5:$AL$11),"")) | H8: =IF(IFERROR(SUMIF('Copied Pivots'!$A$17:$A$38,$D8,'Copied Pivots'!E$17:E$38)/SUMPRODUCT(('Copied Pivots'!$C$3:$AL$3='Copied Pivots'!E$15)*('Copied Pivots'!$B$5:$B$11='Copied Pivots'!$B$6)*'Copied Pivots'!$C$5:$AL$11),"")=0,"",IFERROR(SUMIF('Copied Pivots'!$A$17:$A$38,$D8,'Copied Pivots'!E$17:E$38)/SUMPRODUCT(('Copied Pivots'!$C$3:$AL$3='Copied Pivots'!E$15)*('Copied Pivots'!$B$5:$B$11='Copied Pivots'!$B$6)*'Copied Pivots'!$C$5:$AL$11),"")) | I8: =IF(IFERROR(SUMIF('Copied Pivots'!$A$17:$A$38,$D8,'Copied Pivots'!F$17:F$38)/SUMPRODUCT(('Copied Pivots'!$C$3:$AL$3='Copied Pivots'!F$15)*('Copied Pivots'!$B$5:$B$11='Copied Pivots'!$B$6)*'Copied Pivots'!$C$5:$AL$11),"")=0,"",IFERROR(SUMIF('Copied Pivots'!$A$17:$A$38,$D8,'Copied Pivots'!F$17:F$38)/SUMPRODUCT(('Copied Pivots'!$C$3:$AL$3='Copied Pivots'!F$15)*('Copied Pivots'!$B$5:$B$11='Copied Pivots'!$B$6)*'Copied Pivots'!$C$5:$AL$11),"")) | J8: =IF(IFERROR(SUMIF('Copied Pivots'!$A$17:$A$38,$D8,'Copied Pivots'!G$17:G$38)/SUMPRODUCT(('Copied Pivots'!$C$3:$AL$3='Copied Pivots'!G$15)*('Copied Pivots'!$B$5:$B$11='Copied Pivots'!$B$6)*'Copied Pivots'!$C$5:$AL$11),"")=0,"",IFERROR(SUMIF('Copied Pivots'!$A$17:$A$38,$D8,'Copied Pivots'!G$17:G$38)/SUMPRODUCT(('Copied Pivots'!$C$3:$AL$3='Copied Pivots'!G$15)*('Copied Pivots'!$B$5:$B$11='Copied Pivots'!$B$6)*'Copied Pivots'!$C$5:$AL$11),"")) | K8: =IF(IFERROR(SUMIF('Copied Pivots'!$A$17:$A$38,$D8,'Copied Pivots'!H$17:H$38)/SUMPRODUCT(('Copied Pivots'!$C$3:$AL$3='Copied Pivots'!H$15)*('Copied Pivots'!$B$5:$B$11='Copied Pivots'!$B$6)*'Copied Pivots'!$C$5:$AL$11),"")=0,"",IFERROR(SUMIF('Copied Pivots'!$A$17:$A$38,$D8,'Copied Pivots'!H$17:H$38)/SUMPRODUCT(('Copied Pivots'!$C$3:$AL$3='Copied Pivots'!H$15)*('Copied Pivots'!$B$5:$B$11='Copied Pivots'!$B$6)*'Copied Pivots'!$C$5:$AL$11),"")) -> 0.00053381966 | L8: =IF(IFERROR(SUMIF('Copied Pivots'!$A$17:$A$38,$D8,'Copied Pivots'!I$17:I$38)/SUMPRODUCT(('Copied Pivots'!$C$3:$AL$3='Copied Pivots'!I$15)*('Copied Pivots'!$B$5:$B$11='Copied Pivots'!$B$6)*'Copied Pivots'!$C$5:$AL$11),"")=0,"",IFERROR(SUMIF('Copied Pivots'!$A$17:$A$38,$D8,'Copied Pivots'!I$17:I$38)/SUMPRODUCT(('Copied Pivots'!$C$3:$AL$3='Copied Pivots'!I$15)*('Copied Pivots'!$B$5:$B$11='Copied Pivots'!$B$6)*'Copied Pivots'!$C$5:$AL$11),"")) -> 8.9368738e-05 | M8: =IF(IFERROR(SUMIF('Copied Pivots'!$A$17:$A$38,$D8,'Copied Pivots'!J$17:J$38)/SUMPRODUCT(('Copied Pivots'!$C$3:$AL$3='Copied Pivots'!J$15)*('Copied Pivots'!$B$5:$B$11='Copied Pivots'!$B$6)*'Copied Pivots'!$C$5:$AL$11),"")=0,"",IFERROR(SUMIF('Copied Pivots'!$A$17:$A$38,$D8,'Copied Pivots'!J$17:J$38)/SUMPRODUCT(('Copied Pivots'!$C$3:$AL$3='Copied Pivots'!J$15)*('Copied Pivots'!$B$5:$B$11='Copied Pivots'!$B$6)*'Copied Pivots'!$C$5:$AL$11),"")) | ... AE8: =IF(IFERROR(SUMIF('Copied Pivots'!$A$17:$A$38,$D8,'Copied Pivots'!AB$17:AB$38)/SUMPRODUCT(('Copied Pivots'!$C$3:$AL$3='Copied Pivots'!AB$15)*('Copied Pivots'!$B$5:$B$11='Copied Pivots'!$B$6)*'Copied Pivots'!$C$5:$AL$11),"")=0,"",IFERROR(SUMIF('Copied Pivots'!$A$17:$A$38,$D8,'Copied Pivots'!AB$17:AB$38)/SUMPRODUCT(('Copied Pivots'!$C$3:$AL$3='Copied Pivots'!AB$15)*('Copied Pivots'!$B$5:$B$11='Copied Pivots'!$B$6)*'Copied Pivots'!$C$5:$AL$11),"")) -> 0.0017415972
C9: SPRICOH100 | D9: SUPHTH | E9: =AVERAGE(F9:AE9) -> 0.0040036844 | F9: =IF(IFERROR(SUMIF('Copied Pivots'!$A$17:$A$38,$D9,'Copied Pivots'!C$17:C$38)/SUMPRODUCT(('Copied Pivots'!$C$3:$AL$3='Copied Pivots'!C$15)*('Copied Pivots'!$B$5:$B$11='Copied Pivots'!$B$6)*'Copied Pivots'!$C$5:$AL$11),"")=0,"",IFERROR(SUMIF('Copied Pivots'!$A$17:$A$38,$D9,'Copied Pivots'!C$17:C$38)/SUMPRODUCT(('Copied Pivots'!$C$3:$AL$3='Copied Pivots'!C$15)*('Copied Pivots'!$B$5:$B$11='Copied Pivots'!$B$6)*'Copied Pivots'!$C$5:$AL$11),"")) | G9: =IF(IFERROR(SUMIF('Copied Pivots'!$A$17:$A$38,$D9,'Copied Pivots'!D$17:D$38)/SUMPRODUCT(('Copied Pivots'!$C$3:$AL$3='Copied Pivots'!D$15)*('Copied Pivots'!$B$5:$B$11='Copied Pivots'!$B$6)*'Copied Pivots'!$C$5:$AL$11),"")=0,"",IFERROR(SUMIF('Copied Pivots'!$A$17:$A$38,$D9,'Copied Pivots'!D$17:D$38)/SUMPRODUCT(('Copied Pivots'!$C$3:$AL$3='Copied Pivots'!D$15)*('Copied Pivots'!$B$5:$B$11='Copied Pivots'!$B$6)*'Copied Pivots'!$C$5:$AL$11),"")) | H9: =IF(IFERROR(SUMIF('Copied Pivots'!$A$17:$A$38,$D9,'Copied Pivots'!E$17:E$38)/SUMPRODUCT(('Copied Pivots'!$C$3:$AL$3='Copied Pivots'!E$15)*('Copied Pivots'!$B$5:$B$11='Copied Pivots'!$B$6)*'Copied Pivots'!$C$5:$AL$11),"")=0,"",IFERROR(SUMIF('Copied Pivots'!$A$17:$A$38,$D9,'Copied Pivots'!E$17:E$38)/SUMPRODUCT(('Copied Pivots'!$C$3:$AL$3='Copied Pivots'!E$15)*('Copied Pivots'!$B$5:$B$11='Copied Pivots'!$B$6)*'Copied Pivots'!$C$5:$AL$11),"")) | I9: =IF(IFERROR(SUMIF('Copied Pivots'!$A$17:$A$38,$D9,'Copied Pivots'!F$17:F$38)/SUMPRODUCT(('Copied Pivots'!$C$3:$AL$3='Copied Pivots'!F$15)*('Copied Pivots'!$B$5:$B$11='Copied Pivots'!$B$6)*'Copied Pivots'!$C$5:$AL$11),"")=0,"",IFERROR(SUMIF('Copied Pivots'!$A$17:$A$38,$D9,'Copied Pivots'!F$17:F$38)/SUMPRODUCT(('Copied Pivots'!$C$3:$AL$3='Copied Pivots'!F$15)*('Copied Pivots'!$B$5:$B$11='Copied Pivots'!$B$6)*'Copied Pivots'!$C$5:$AL$11),"")) -> 0.00034922363 | J9: =IF(IFERROR(SUMIF('Copied Pivots'!$A$17:$A$38,$D9,'Copied Pivots'!G$17:G$38)/SUMPRODUCT(('Copied Pivots'!$C$3:$AL$3='Copied Pivots'!G$15)*('Copied Pivots'!$B$5:$B$11='Copied Pivots'!$B$6)*'Copied Pivots'!$C$5:$AL$11),"")=0,"",IFERROR(SUMIF('Copied Pivots'!$A$17:$A$38,$D9,'Copied Pivots'!G$17:G$38)/SUMPRODUCT(('Copied Pivots'!$C$3:$AL$3='Copied Pivots'!G$15)*('Copied Pivots'!$B$5:$B$11='Copied Pivots'!$B$6)*'Copied Pivots'!$C$5:$AL$11),"")) | K9: =IF(IFERROR(SUMIF('Copied Pivots'!$A$17:$A$38,$D9,'Copied Pivots'!H$17:H$38)/SUMPRODUCT(('Copied Pivots'!$C$3:$AL$3='Copied Pivots'!H$15)*('Copied Pivots'!$B$5:$B$11='Copied Pivots'!$B$6)*'Copied Pivots'!$C$5:$AL$11),"")=0,"",IFERROR(SUMIF('Copied Pivots'!$A$17:$A$38,$D9,'Copied Pivots'!H$17:H$38)/SUMPRODUCT(('Copied Pivots'!$C$3:$AL$3='Copied Pivots'!H$15)*('Copied Pivots'!$B$5:$B$11='Copied Pivots'!$B$6)*'Copied Pivots'!$C$5:$AL$11),"")) -> 0.0050079346 | L9: =IF(IFERROR(SUMIF('Copied Pivots'!$A$17:$A$38,$D9,'Copied Pivots'!I$17:I$38)/SUMPRODUCT(('Copied Pivots'!$C$3:$AL$3='Copied Pivots'!I$15)*('Copied Pivots'!$B$5:$B$11='Copied Pivots'!$B$6)*'Copied Pivots'!$C$5:$AL$11),"")=0,"",IFERROR(SUMIF('Copied Pivots'!$A$17:$A$38,$D9,'Copied Pivots'!I$17:I$38)/SUMPRODUCT(('Copied Pivots'!$C$3:$AL$3='Copied Pivots'!I$15)*('Copied Pivots'!$B$5:$B$11='Copied Pivots'!$B$6)*'Copied Pivots'!$C$5:$AL$11),"")) -> 0.00014865727 | M9: =IF(IFERROR(SUMIF('Copied Pivots'!$A$17:$A$38,$D9,'Copied Pivots'!J$17:J$38)/SUMPRODUCT(('Copied Pivots'!$C$3:$AL$3='Copied Pivots'!J$15)*('Copied Pivots'!$B$5:$B$11='Copied Pivots'!$B$6)*'Copied Pivots'!$C$5:$AL$11),"")=0,"",IFERROR(SUMIF('Copied Pivots'!$A$17:$A$38,$D9,'Copied Pivots'!J$17:J$38)/SUMPRODUCT(('Copied Pivots'!$C$3:$AL$3='Copied Pivots'!J$15)*('Copied Pivots'!$B$5:$B$11='Copied Pivots'!$B$6)*'Copied Pivots'!$C$5:$AL$11),"")) | ... AE9: =IF(IFERROR(SUMIF('Copied Pivots'!$A$17:$A$38,$D9,'Copied Pivots'!AB$17:AB$38)/SUMPRODUCT(('Copied Pivots'!$C$3:$AL$3='Copied Pivots'!AB$15)*('Copied Pivots'!$B$5:$B$11='Copied Pivots'!$B$6)*'Copied Pivots'!$C$5:$AL$11),"")=0,"",IFERROR(SUMIF('Copied Pivots'!$A$17:$A$38,$D9,'Copied Pivots'!AB$17:AB$38)/SUMPRODUCT(('Copied Pivots'!$C$3:$AL$3='Copied Pivots'!AB$15)*('Copied Pivots'!$B$5:$B$11='Copied Pivots'!$B$6)*'Copied Pivots'!$C$5:$AL$11),""))
C10: SPRICOH100 | D10: SUPRPP | E10: =AVERAGE(F10:AE10) -> 0.0025047638 | F10: =IF(IFERROR(SUMIF('Copied Pivots'!$A$17:$A$38,$D10,'Copied Pivots'!C$17:C$38)/SUMPRODUCT(('Copied Pivots'!$C$3:$AL$3='Copied Pivots'!C$15)*('Copied Pivots'!$B$5:$B$11='Copied Pivots'!$B$6)*'Copied Pivots'!$C$5:$AL$11),"")=0,"",IFERROR(SUMIF('Copied Pivots'!$A$17:$A$38,$D10,'Copied Pivots'!C$17:C$38)/SUMPRODUCT(('Copied Pivots'!$C$3:$AL$3='Copied Pivots'!C$15)*('Copied Pivots'!$B$5:$B$11='Copied Pivots'!$B$6)*'Copied Pivots'!$C$5:$AL$11),"")) | G10: =IF(IFERROR(SUMIF('Copied Pivots'!$A$17:$A$38,$D10,'Copied Pivots'!D$17:D$38)/SUMPRODUCT(('Copied Pivots'!$C$3:$AL$3='Copied Pivots'!D$15)*('Copied Pivots'!$B$5:$B$11='Copied Pivots'!$B$6)*'Copied Pivots'!$C$5:$AL$11),"")=0,"",IFERROR(SUMIF('Copied Pivots'!$A$17:$A$38,$D10,'Copied Pivots'!D$17:D$38)/SUMPRODUCT(('Copied Pivots'!$C$3:$AL$3='Copied Pivots'!D$15)*('Copied Pivots'!$B$5:$B$11='Copied Pivots'!$B$6)*'Copied Pivots'!$C$5:$AL$11),"")) | H10: =IF(IFERROR(SUMIF('Copied Pivots'!$A$17:$A$38,$D10,'Copied Pivots'!E$17:E$38)/SUMPRODUCT(('Copied Pivots'!$C$3:$AL$3='Copied Pivots'!E$15)*('Copied Pivots'!$B$5:$B$11='Copied Pivots'!$B$6)*'Copied Pivots'!$C$5:$AL$11),"")=0,"",IFERROR(SUMIF('Copied Pivots'!$A$17:$A$38,$D10,'Copied Pivots'!E$17:E$38)/SUMPRODUCT(('Copied Pivots'!$C$3:$AL$3='Copied Pivots'!E$15)*('Copied Pivots'!$B$5:$B$11='Copied Pivots'!$B$6)*'Copied Pivots'!$C$5:$AL$11),"")) | I10: =IF(IFERROR(SUMIF('Copied Pivots'!$A$17:$A$38,$D10,'Copied Pivots'!F$17:F$38)/SUMPRODUCT(('Copied Pivots'!$C$3:$AL$3='Copied Pivots'!F$15)*('Copied Pivots'!$B$5:$B$11='Copied Pivots'!$B$6)*'Copied Pivots'!$C$5:$AL$11),"")=0,"",IFERROR(SUMIF('Copied Pivots'!$A$17:$A$38,$D10,'Copied Pivots'!F$17:F$38)/SUMPRODUCT(('Copied Pivots'!$C$3:$AL$3='Copied Pivots'!F$15)*('Copied Pivots'!$B$5:$B$11='Copied Pivots'!$B$6)*'Copied Pivots'!$C$5:$AL$11),"")) | J10: =IF(IFERROR(SUMIF('Copied Pivots'!$A$17:$A$38,$D10,'Copied Pivots'!G$17:G$38)/SUMPRODUCT(('Copied Pivots'!$C$3:$AL$3='Copied Pivots'!G$15)*('Copied Pivots'!$B$5:$B$11='Copied Pivots'!$B$6)*'Copied Pivots'!$C$5:$AL$11),"")=0,"",IFERROR(SUMIF('Copied Pivots'!$A$17:$A$38,$D10,'Copied Pivots'!G$17:G$38)/SUMPRODUCT(('Copied Pivots'!$C$3:$AL$3='Copied Pivots'!G$15)*('Copied Pivots'!$B$5:$B$11='Copied Pivots'!$B$6)*'Copied Pivots'!$C$5:$AL$11),"")) | K10: =IF(IFERROR(SUMIF('Copied Pivots'!$A$17:$A$38,$D10,'Copied Pivots'!H$17:H$38)/SUMPRODUCT(('Copied Pivots'!$C$3:$AL$3='Copied Pivots'!H$15)*('Copied Pivots'!$B$5:$B$11='Copied Pivots'!$B$6)*'Copied Pivots'!$C$5:$AL$11),"")=0,"",IFERROR(SUMIF('Copied Pivots'!$A$17:$A$38,$D10,'Copied Pivots'!H$17:H$38)/SUMPRODUCT(('Copied Pivots'!$C$3:$AL$3='Copied Pivots'!H$15)*('Copied Pivots'!$B$5:$B$11='Copied Pivots'!$B$6)*'Copied Pivots'!$C$5:$AL$11),"")) -> 0.00077788117 | L10: =IF(IFERROR(SUMIF('Copied Pivots'!$A$17:$A$38,$D10,'Copied Pivots'!I$17:I$38)/SUMPRODUCT(('Copied Pivots'!$C$3:$AL$3='Copied Pivots'!I$15)*('Copied Pivots'!$B$5:$B$11='Copied Pivots'!$B$6)*'Copied Pivots'!$C$5:$AL$11),"")=0,"",IFERROR(SUMIF('Copied Pivots'!$A$17:$A$38,$D10,'Copied Pivots'!I$17:I$38)/SUMPRODUCT(('Copied Pivots'!$C$3:$AL$3='Copied Pivots'!I$15)*('Copied Pivots'!$B$5:$B$11='Copied Pivots'!$B$6)*'Copied Pivots'!$C$5:$AL$11),"")) -> 0.00011160194 | M10: =IF(IFERROR(SUMIF('Copied Pivots'!$A$17:$A$38,$D10,'Copied Pivots'!J$17:J$38)/SUMPRODUCT(('Copied Pivots'!$C$3:$AL$3='Copied Pivots'!J$15)*('Copied Pivots'!$B$5:$B$11='Copied Pivots'!$B$6)*'Copied Pivots'!$C$5:$AL$11),"")=0,"",IFERROR(SUMIF('Copied Pivots'!$A$17:$A$38,$D10,'Copied Pivots'!J$17:J$38)/SUMPRODUCT(('Copied Pivots'!$C$3:$AL$3='Copied Pivots'!J$15)*('Copied Pivots'!$B$5:$B$11='Copied Pivots'!$B$6)*'Copied Pivots'!$C$5:$AL$11),"")) | ... AE10: =IF(IFERROR(SUMIF('Copied Pivots'!$A$17:$A$38,$D10,'Copied Pivots'!AB$17:AB$38)/SUMPRODUCT(('Copied Pivots'!$C$3:$AL$3='Copied Pivots'!AB$15)*('Copied Pivots'!$B$5:$B$11='Copied Pivots'!$B$6)*'Copied Pivots'!$C$5:$AL$11),"")=0,"",IFERROR(SUMIF('Copied Pivots'!$A$17:$A$38,$D10,'Copied Pivots'!AB$17:AB$38)/SUMPRODUCT(('Copied Pivots'!$C$3:$AL$3='Copied Pivots'!AB$15)*('Copied Pivots'!$B$5:$B$11='Copied Pivots'!$B$6)*'Copied Pivots'!$C$5:$AL$11),""))
B11: COAHAR | C11: =C10 -> SPRICOH100
C12: \I:
C13: =C14 -> SPRIGAS100 | D13: GASRSV | E13: 1
C14: SPRIGAS100 | D14: SUPCOA | F14: =IF(IFERROR(SUMIF('Copied Pivots'!$A$40:$A$61,$D14,'Copied Pivots'!C$40:C$61)/SUMPRODUCT(('Copied Pivots'!$C$3:$AL$3='Copied Pivots'!C$15)*('Copied Pivots'!$B$5:$B$12='Copied Pivots'!$B$12)*'Copied Pivots'!$C$5:$AL$12),"")=0,"",IFERROR(SUMIF('Copied Pivots'!$A$40:$A$61,$D14,'Copied Pivots'!C$40:C$61)/SUMPRODUCT(('Copied Pivots'!$C$3:$AL$3='Copied Pivots'!C$15)*('Copied Pivots'!$B$5:$B$12='Copied Pivots'!$B$12)*'Copied Pivots'!$C$5:$AL$12),"")) | G14: =IF(IFERROR(SUMIF('Copied Pivots'!$A$40:$A$61,$D14,'Copied Pivots'!D$40:D$61)/SUMPRODUCT(('Copied Pivots'!$C$3:$AL$3='Copied Pivots'!D$15)*('Copied Pivots'!$B$5:$B$12='Copied Pivots'!$B$12)*'Copied Pivots'!$C$5:$AL$12),"")=0,"",IFERROR(SUMIF('Copied Pivots'!$A$40:$A$61,$D14,'Copied Pivots'!D$40:D$61)/SUMPRODUCT(('Copied Pivots'!$C$3:$AL$3='Copied Pivots'!D$15)*('Copied Pivots'!$B$5:$B$12='Copied Pivots'!$B$12)*'Copied Pivots'!$C$5:$AL$12),"")) | H14: =IF(IFERROR(SUMIF('Copied Pivots'!$A$40:$A$61,$D14,'Copied Pivots'!E$40:E$61)/SUMPRODUCT(('Copied Pivots'!$C$3:$AL$3='Copied Pivots'!E$15)*('Copied Pivots'!$B$5:$B$12='Copied Pivots'!$B$12)*'Copied Pivots'!$C$5:$AL$12),"")=0,"",IFERROR(SUMIF('Copied Pivots'!$A$40:$A$61,$D14,'Copied Pivots'!E$40:E$61)/SUMPRODUCT(('Copied Pivots'!$C$3:$AL$3='Copied Pivots'!E$15)*('Copied Pivots'!$B$5:$B$12='Copied Pivots'!$B$12)*'Copied Pivots'!$C$5:$AL$12),"")) | I14: =IF(IFERROR(SUMIF('Copied Pivots'!$A$40:$A$61,$D14,'Copied Pivots'!F$40:F$61)/SUMPRODUCT(('Copied Pivots'!$C$3:$AL$3='Copied Pivots'!F$15)*('Copied Pivots'!$B$5:$B$12='Copied Pivots'!$B$12)*'Copied Pivots'!$C$5:$AL$12),"")=0,"",IFERROR(SUMIF('Copied Pivots'!$A$40:$A$61,$D14,'Copied Pivots'!F$40:F$61)/SUMPRODUCT(('Copied Pivots'!$C$3:$AL$3='Copied Pivots'!F$15)*('Copied Pivots'!$B$5:$B$12='Copied Pivots'!$B$12)*'Copied Pivots'!$C$5:$AL$12),"")) | J14: =IF(IFERROR(SUMIF('Copied Pivots'!$A$40:$A$61,$D14,'Copied Pivots'!G$40:G$61)/SUMPRODUCT(('Copied Pivots'!$C$3:$AL$3='Copied Pivots'!G$15)*('Copied Pivots'!$B$5:$B$12='Copied Pivots'!$B$12)*'Copied Pivots'!$C$5:$AL$12),"")=0,"",IFERROR(SUMIF('Copied Pivots'!$A$40:$A$61,$D14,'Copied Pivots'!G$40:G$61)/SUMPRODUCT(('Copied Pivots'!$C$3:$AL$3='Copied Pivots'!G$15)*('Copied Pivots'!$B$5:$B$12='Copied Pivots'!$B$12)*'Copied Pivots'!$C$5:$AL$12),"")) | K14: =IF(IFERROR(SUMIF('Copied Pivots'!$A$40:$A$61,$D14,'Copied Pivots'!H$40:H$61)/SUMPRODUCT(('Copied Pivots'!$C$3:$AL$3='Copied Pivots'!H$15)*('Copied Pivots'!$B$5:$B$12='Copied Pivots'!$B$12)*'Copied Pivots'!$C$5:$AL$12),"")=0,"",IFERROR(SUMIF('Copied Pivots'!$A$40:$A$61,$D14,'Copied Pivots'!H$40:H$61)/SUMPRODUCT(('Copied Pivots'!$C$3:$AL$3='Copied Pivots'!H$15)*('Copied Pivots'!$B$5:$B$12='Copied Pivots'!$B$12)*'Copied Pivots'!$C$5:$AL$12),"")) | L14: =IF(IFERROR(SUMIF('Copied Pivots'!$A$40:$A$61,$D14,'Copied Pivots'!I$40:I$61)/SUMPRODUCT(('Copied Pivots'!$C$3:$AL$3='Copied Pivots'!I$15)*('Copied Pivots'!$B$5:$B$12='Copied Pivots'!$B$12)*'Copied Pivots'!$C$5:$AL$12),"")=0,"",IFERROR(SUMIF('Copied Pivots'!$A$40:$A$61,$D14,'Copied Pivots'!I$40:I$61)/SUMPRODUCT(('Copied Pivots'!$C$3:$AL$3='Copied Pivots'!I$15)*('Copied Pivots'!$B$5:$B$12='Copied Pivots'!$B$12)*'Copied Pivots'!$C$5:$AL$12),"")) | M14: =IF(IFERROR(SUMIF('Copied Pivots'!$A$40:$A$61,$D14,'Copied Pivots'!J$40:J$61)/SUMPRODUCT(('Copied Pivots'!$C$3:$AL$3='Copied Pivots'!J$15)*('Copied Pivots'!$B$5:$B$12='Copied Pivots'!$B$12)*'Copied Pivots'!$C$5:$AL$12),"")=0,"",IFERROR(SUMIF('Copied Pivots'!$A$40:$A$61,$D14,'Copied Pivots'!J$40:J$61)/SUMPRODUCT(('Copied Pivots'!$C$3:$AL$3='Copied Pivots'!J$15)*('Copied Pivots'!$B$5:$B$12='Copied Pivots'!$B$12)*'Copied Pivots'!$C$5:$AL$12),"")) | ... V14: =IF(IFERROR(SUMIF('Copied Pivots'!$A$40:$A$61,$D14,'Copied Pivots'!S$40:S$61)/SUMPRODUCT(('Copied Pivots'!$C$3:$AL$3='Copied Pivots'!S$15)*('Copied Pivots'!$B$5:$B$12='Copied Pivots'!$B$12)*'Copied Pivots'!$C$5:$AL$12),"")=0,"",IFERROR(SUMIF('Copied Pivots'!$A$40:$A$61,$D14,'Copied Pivots'!S$40:S$61)/SUMPRODUCT(('Copied Pivots'!$C$3:$AL$3='Copied Pivots'!S$15)*('Copied Pivots'!$B$5:$B$12='Copied Pivots'!$B$12)*'Copied Pivots'!$C$5:$AL$12),"")) | W14: =IF(IFERROR(SUMIF('Copied Pivots'!$A$40:$A$61,$D14,'Copied Pivots'!T$40:T$57)/SUMPRODUCT(('Copied Pivots'!$C$3:$AL$3='Copied Pivots'!T$15)*('Copied Pivots'!$B$5:$B$12='Copied Pivots'!$B$12)*'Copied Pivots'!$C$5:$AL$12),"")=0,"",IFERROR(SUMIF('Copied Pivots'!$A$40:$A$61,$D14,'Copied Pivots'!T$40:T$57)/SUMPRODUCT(('Copied Pivots'!$C$3:$AL$3='Copied Pivots'!T$15)*('Copied Pivots'!$B$5:$B$12='Copied Pivots'!$B$12)*'Copied Pivots'!$C$5:$AL$12),"")) | X14: =IF(IFERROR(SUMIF('Copied Pivots'!$A$40:$A$61,$D14,'Copied Pivots'!U$40:U$57)/SUMPRODUCT(('Copied Pivots'!$C$3:$AL$3='Copied Pivots'!U$15)*('Copied Pivots'!$B$5:$B$12='Copied Pivots'!$B$12)*'Copied Pivots'!$C$5:$AL$12),"")=0,"",IFERROR(SUMIF('Copied Pivots'!$A$40:$A$61,$D14,'Copied Pivots'!U$40:U$57)/SUMPRODUCT(('Copied Pivots'!$C$3:$AL$3='Copied Pivots'!U$15)*('Copied Pivots'!$B$5:$B$12='Copied Pivots'!$B$12)*'Copied Pivots'!$C$5:$AL$12),"")) | Y14: =IF(IFERROR(SUMIF('Copied Pivots'!$A$40:$A$61,$D14,'Copied Pivots'!V$40:V$57)/SUMPRODUCT(('Copied Pivots'!$C$3:$AL$3='Copied Pivots'!V$15)*('Copied Pivots'!$B$5:$B$12='Copied Pivots'!$B$12)*'Copied Pivots'!$C$5:$AL$12),"")=0,"",IFERROR(SUMIF('Copied Pivots'!$A$40:$A$61,$D14,'Copied Pivots'!V$40:V$57)/SUMPRODUCT(('Copied Pivots'!$C$3:$AL$3='Copied Pivots'!V$15)*('Copied Pivots'!$B$5:$B$12='Copied Pivots'!$B$12)*'Copied Pivots'!$C$5:$AL$12),"")) | Z14: =IF(IFERROR(SUMIF('Copied Pivots'!$A$40:$A$61,$D14,'Copied Pivots'!W$40:W$57)/SUMPRODUCT(('Copied Pivots'!$C$3:$AL$3='Copied Pivots'!W$15)*('Copied Pivots'!$B$5:$B$12='Copied Pivots'!$B$12)*'Copied Pivots'!$C$5:$AL$12),"")=0,"",IFERROR(SUMIF('Copied Pivots'!$A$40:$A$61,$D14,'Copied Pivots'!W$40:W$57)/SUMPRODUCT(('Copied Pivots'!$C$3:$AL$3='Copied Pivots'!W$15)*('Copied Pivots'!$B$5:$B$12='Copied Pivots'!$B$12)*'Copied Pivots'!$C$5:$AL$12),"")) | AA14: =IF(IFERROR(SUMIF('Copied Pivots'!$A$40:$A$61,$D14,'Copied Pivots'!X$40:X$57)/SUMPRODUCT(('Copied Pivots'!$C$3:$AL$3='Copied Pivots'!X$15)*('Copied Pivots'!$B$5:$B$12='Copied Pivots'!$B$12)*'Copied Pivots'!$C$5:$AL$12),"")=0,"",IFERROR(SUMIF('Copied Pivots'!$A$40:$A$61,$D14,'Copied Pivots'!X$40:X$57)/SUMPRODUCT(('Copied Pivots'!$C$3:$AL$3='Copied Pivots'!X$15)*('Copied Pivots'!$B$5:$B$12='Copied Pivots'!$B$12)*'Copied Pivots'!$C$5:$AL$12),"")) | AB14: =IF(IFERROR(SUMIF('Copied Pivots'!$A$40:$A$61,$D14,'Copied Pivots'!Y$40:Y$57)/SUMPRODUCT(('Copied Pivots'!$C$3:$AL$3='Copied Pivots'!Y$15)*('Copied Pivots'!$B$5:$B$12='Copied Pivots'!$B$12)*'Copied Pivots'!$C$5:$AL$12),"")=0,"",IFERROR(SUMIF('Copied Pivots'!$A$40:$A$61,$D14,'Copied Pivots'!Y$40:Y$57)/SUMPRODUCT(('Copied Pivots'!$C$3:$AL$3='Copied Pivots'!Y$15)*('Copied Pivots'!$B$5:$B$12='Copied Pivots'!$B$12)*'Copied Pivots'!$C$5:$AL$12),"")) | AC14: =IF(IFERROR(SUMIF('Copied Pivots'!$A$40:$A$61,$D14,'Copied Pivots'!Z$40:Z$57)/SUMPRODUCT(('Copied Pivots'!$C$3:$AL$3='Copied Pivots'!Z$15)*('Copied Pivots'!$B$5:$B$12='Copied Pivots'!$B$12)*'Copied Pivots'!$C$5:$AL$12),"")=0,"",IFERROR(SUMIF('Copied Pivots'!$A$40:$A$61,$D14,'Copied Pivots'!Z$40:Z$57)/SUMPRODUCT(('Copied Pivots'!$C$3:$AL$3='Copied Pivots'!Z$15)*('Copied Pivots'!$B$5:$B$12='Copied Pivots'!$B$12)*'Copied Pivots'!$C$5:$AL$12),"")) | AD14: =IF(IFERROR(SUMIF('Copied Pivots'!$A$40:$A$61,$D14,'Copied Pivots'!AA$40:AA$57)/SUMPRODUCT(('Copied Pivots'!$C$3:$AL$3='Copied Pivots'!AA$15)*('Copied Pivots'!$B$5:$B$12='Copied Pivots'!$B$12)*'Copied Pivots'!$C$5:$AL$12),"")=0,"",IFERROR(SUMIF('Copied Pivots'!$A$40:$A$61,$D14,'Copied Pivots'!AA$40:AA$57)/SUMPRODUCT(('Copied Pivots'!$C$3:$AL$3='Copied Pivots'!AA$15)*('Copied Pivots'!$B$5:$B$12='Copied Pivots'!$B$12)*'Copied Pivots'!$C$5:$AL$12),"")) | AE14: =IF(IFERROR(SUMIF('Copied Pivots'!$A$40:$A$61,$D14,'Copied Pivots'!AB$40:AB$57)/SUMPRODUCT(('Copied Pivots'!$C$3:$AL$3='Copied Pivots'!AB$15)*('Copied Pivots'!$B$5:$B$12='Copied Pivots'!$B$12)*'Copied Pivots'!$C$5:$AL$12),"")=0,"",IFERROR(SUMIF('Copied Pivots'!$A$40:$A$61,$D14,'Copied Pivots'!AB$40:AB$57)/SUMPRODUCT(('Copied Pivots'!$C$3:$AL$3='Copied Pivots'!AB$15)*('Copied Pivots'!$B$5:$B$12='Copied Pivots'!$B$12)*'Copied Pivots'!$C$5:$AL$12),""))
C15: SPRIGAS100 | D15: SUPELC | E15: =AVERAGE(F15:AE15) -> 0.0097056802 | F15: =IF(IFERROR(SUMIF('Copied Pivots'!$A$40:$A$61,$D15,'Copied Pivots'!C$40:C$61)/SUMPRODUCT(('Copied Pivots'!$C$3:$AL$3='Copied Pivots'!C$15)*('Copied Pivots'!$B$5:$B$12='Copied Pivots'!$B$12)*'Copied Pivots'!$C$5:$AL$12),"")=0,"",IFERROR(SUMIF('Copied Pivots'!$A$40:$A$61,$D15,'Copied Pivots'!C$40:C$61)/SUMPRODUCT(('Copied Pivots'!$C$3:$AL$3='Copied Pivots'!C$15)*('Copied Pivots'!$B$5:$B$12='Copied Pivots'!$B$12)*'Copied Pivots'!$C$5:$AL$12),"")) -> 0.018998222 | G15: =IF(IFERROR(SUMIF('Copied Pivots'!$A$40:$A$61,$D15,'Copied Pivots'!D$40:D$61)/SUMPRODUCT(('Copied Pivots'!$C$3:$AL$3='Copied Pivots'!D$15)*('Copied Pivots'!$B$5:$B$12='Copied Pivots'!$B$12)*'Copied Pivots'!$C$5:$AL$12),"")=0,"",IFERROR(SUMIF('Copied Pivots'!$A$40:$A$61,$D15,'Copied Pivots'!D$40:D$61)/SUMPRODUCT(('Copied Pivots'!$C$3:$AL$3='Copied Pivots'!D$15)*('Copied Pivots'!$B$5:$B$12='Copied Pivots'!$B$12)*'Copied Pivots'!$C$5:$AL$12),"")) -> 0.0082897658 | H15: =IF(IFERROR(SUMIF('Copied Pivots'!$A$40:$A$61,$D15,'Copied Pivots'!E$40:E$61)/SUMPRODUCT(('Copied Pivots'!$C$3:$AL$3='Copied Pivots'!E$15)*('Copied Pivots'!$B$5:$B$12='Copied Pivots'!$B$12)*'Copied Pivots'!$C$5:$AL$12),"")=0,"",IFERROR(SUMIF('Copied Pivots'!$A$40:$A$61,$D15,'Copied Pivots'!E$40:E$61)/SUMPRODUCT(('Copied Pivots'!$C$3:$AL$3='Copied Pivots'!E$15)*('Copied Pivots'!$B$5:$B$12='Copied Pivots'!$B$12)*'Copied Pivots'!$C$5:$AL$12),"")) | I15: =IF(IFERROR(SUMIF('Copied Pivots'!$A$40:$A$61,$D15,'Copied Pivots'!F$40:F$61)/SUMPRODUCT(('Copied Pivots'!$C$3:$AL$3='Copied Pivots'!F$15)*('Copied Pivots'!$B$5:$B$12='Copied Pivots'!$B$12)*'Copied Pivots'!$C$5:$AL$12),"")=0,"",IFERROR(SUMIF('Copied Pivots'!$A$40:$A$61,$D15,'Copied Pivots'!F$40:F$61)/SUMPRODUCT(('Copied Pivots'!$C$3:$AL$3='Copied Pivots'!F$15)*('Copied Pivots'!$B$5:$B$12='Copied Pivots'!$B$12)*'Copied Pivots'!$C$5:$AL$12),"")) -> 0.0013802062 | J15: =IF(IFERROR(SUMIF('Copied Pivots'!$A$40:$A$61,$D15,'Copied Pivots'!G$40:G$61)/SUMPRODUCT(('Copied Pivots'!$C$3:$AL$3='Copied Pivots'!G$15)*('Copied Pivots'!$B$5:$B$12='Copied Pivots'!$B$12)*'Copied Pivots'!$C$5:$AL$12),"")=0,"",IFERROR(SUMIF('Copied Pivots'!$A$40:$A$61,$D15,'Copied Pivots'!G$40:G$61)/SUMPRODUCT(('Copied Pivots'!$C$3:$AL$3='Copied Pivots'!G$15)*('Copied Pivots'!$B$5:$B$12='Copied Pivots'!$B$12)*'Copied Pivots'!$C$5:$AL$12),"")) | K15: =IF(IFERROR(SUMIF('Copied Pivots'!$A$40:$A$61,$D15,'Copied Pivots'!H$40:H$61)/SUMPRODUCT(('Copied Pivots'!$C$3:$AL$3='Copied Pivots'!H$15)*('Copied Pivots'!$B$5:$B$12='Copied Pivots'!$B$12)*'Copied Pivots'!$C$5:$AL$12),"")=0,"",IFERROR(SUMIF('Copied Pivots'!$A$40:$A$61,$D15,'Copied Pivots'!H$40:H$61)/SUMPRODUCT(('Copied Pivots'!$C$3:$AL$3='Copied Pivots'!H$15)*('Copied Pivots'!$B$5:$B$12='Copied Pivots'!$B$12)*'Copied Pivots'!$C$5:$AL$12),"")) -> 0.0013018714 | L15: =IF(IFERROR(SUMIF('Copied Pivots'!$A$40:$A$61,$D15,'Copied Pivots'!I$40:I$61)/SUMPRODUCT(('Copied Pivots'!$C$3:$AL$3='Copied Pivots'!I$15)*('Copied Pivots'!$B$5:$B$12='Copied Pivots'!$B$12)*'Copied Pivots'!$C$5:$AL$12),"")=0,"",IFERROR(SUMIF('Copied Pivots'!$A$40:$A$61,$D15,'Copied Pivots'!I$40:I$61)/SUMPRODUCT(('Copied Pivots'!$C$3:$AL$3='Copied Pivots'!I$15)*('Copied Pivots'!$B$5:$B$12='Copied Pivots'!$B$12)*'Copied Pivots'!$C$5:$AL$12),"")) -> 0.0039616848 | M15: =IF(IFERROR(SUMIF('Copied Pivots'!$A$40:$A$61,$D15,'Copied Pivots'!J$40:J$61)/SUMPRODUCT(('Copied Pivots'!$C$3:$AL$3='Copied Pivots'!J$15)*('Copied Pivots'!$B$5:$B$12='Copied Pivots'!$B$12)*'Copied Pivots'!$C$5:$AL$12),"")=0,"",IFERROR(SUMIF('Copied Pivots'!$A$40:$A$61,$D15,'Copied Pivots'!J$40:J$61)/SUMPRODUCT(('Copied Pivots'!$C$3:$AL$3='Copied Pivots'!J$15)*('Copied Pivots'!$B$5:$B$12='Copied Pivots'!$B$12)*'Copied Pivots'!$C$5:$AL$12),"")) | ... V15: =IF(IFERROR(SUMIF('Copied Pivots'!$A$40:$A$61,$D15,'Copied Pivots'!S$40:S$61)/SUMPRODUCT(('Copied Pivots'!$C$3:$AL$3='Copied Pivots'!S$15)*('Copied Pivots'!$B$5:$B$12='Copied Pivots'!$B$12)*'Copied Pivots'!$C$5:$AL$12),"")=0,"",IFERROR(SUMIF('Copied Pivots'!$A$40:$A$61,$D15,'Copied Pivots'!S$40:S$61)/SUMPRODUCT(('Copied Pivots'!$C$3:$AL$3='Copied Pivots'!S$15)*('Copied Pivots'!$B$5:$B$12='Copied Pivots'!$B$12)*'Copied Pivots'!$C$5:$AL$12),"")) | W15: =IF(IFERROR(SUMIF('Copied Pivots'!$A$40:$A$61,$D15,'Copied Pivots'!T$40:T$57)/SUMPRODUCT(('Copied Pivots'!$C$3:$AL$3='Copied Pivots'!T$15)*('Copied Pivots'!$B$5:$B$12='Copied Pivots'!$B$12)*'Copied Pivots'!$C$5:$AL$12),"")=0,"",IFERROR(SUMIF('Copied Pivots'!$A$40:$A$61,$D15,'Copied Pivots'!T$40:T$57)/SUMPRODUCT(('Copied Pivots'!$C$3:$AL$3='Copied Pivots'!T$15)*('Copied Pivots'!$B$5:$B$12='Copied Pivots'!$B$12)*'Copied Pivots'!$C$5:$AL$12),"")) -> 0.0030243804 | X15: =IF(IFERROR(SUMIF('Copied Pivots'!$A$40:$A$61,$D15,'Copied Pivots'!U$40:U$57)/SUMPRODUCT(('Copied Pivots'!$C$3:$AL$3='Copied Pivots'!U$15)*('Copied Pivots'!$B$5:$B$12='Copied Pivots'!$B$12)*'Copied Pivots'!$C$5:$AL$12),"")=0,"",IFERROR(SUMIF('Copied Pivots'!$A$40:$A$61,$D15,'Copied Pivots'!U$40:U$57)/SUMPRODUCT(('Copied Pivots'!$C$3:$AL$3='Copied Pivots'!U$15)*('Copied Pivots'!$B$5:$B$12='Copied Pivots'!$B$12)*'Copied Pivots'!$C$5:$AL$12),"")) -> 0.0027738498 | Y15: =IF(IFERROR(SUMIF('Copied Pivots'!$A$40:$A$61,$D15,'Copied Pivots'!V$40:V$57)/SUMPRODUCT(('Copied Pivots'!$C$3:$AL$3='Copied Pivots'!V$15)*('Copied Pivots'!$B$5:$B$12='Copied Pivots'!$B$12)*'Copied Pivots'!$C$5:$AL$12),"")=0,"",IFERROR(SUMIF('Copied Pivots'!$A$40:$A$61,$D15,'Copied Pivots'!V$40:V$57)/SUMPRODUCT(('Copied Pivots'!$C$3:$AL$3='Copied Pivots'!V$15)*('Copied Pivots'!$B$5:$B$12='Copied Pivots'!$B$12)*'Copied Pivots'!$C$5:$AL$12),"")) -> 0.0021889089 | Z15: =IF(IFERROR(SUMIF('Copied Pivots'!$A$40:$A$61,$D15,'Copied Pivots'!W$40:W$57)/SUMPRODUCT(('Copied Pivots'!$C$3:$AL$3='Copied Pivots'!W$15)*('Copied Pivots'!$B$5:$B$12='Copied Pivots'!$B$12)*'Copied Pivots'!$C$5:$AL$12),"")=0,"",IFERROR(SUMIF('Copied Pivots'!$A$40:$A$61,$D15,'Copied Pivots'!W$40:W$57)/SUMPRODUCT(('Copied Pivots'!$C$3:$AL$3='Copied Pivots'!W$15)*('Copied Pivots'!$B$5:$B$12='Copied Pivots'!$B$12)*'Copied Pivots'!$C$5:$AL$12),"")) | AA15: =IF(IFERROR(SUMIF('Copied Pivots'!$A$40:$A$61,$D15,'Copied Pivots'!X$40:X$57)/SUMPRODUCT(('Copied Pivots'!$C$3:$AL$3='Copied Pivots'!X$15)*('Copied Pivots'!$B$5:$B$12='Copied Pivots'!$B$12)*'Copied Pivots'!$C$5:$AL$12),"")=0,"",IFERROR(SUMIF('Copied Pivots'!$A$40:$A$61,$D15,'Copied Pivots'!X$40:X$57)/SUMPRODUCT(('Copied Pivots'!$C$3:$AL$3='Copied Pivots'!X$15)*('Copied Pivots'!$B$5:$B$12='Copied Pivots'!$B$12)*'Copied Pivots'!$C$5:$AL$12),"")) -> 0.0077164301 | AB15: =IF(IFERROR(SUMIF('Copied Pivots'!$A$40:$A$61,$D15,'Copied Pivots'!Y$40:Y$57)/SUMPRODUCT(('Copied Pivots'!$C$3:$AL$3='Copied Pivots'!Y$15)*('Copied Pivots'!$B$5:$B$12='Copied Pivots'!$B$12)*'Copied Pivots'!$C$5:$AL$12),"")=0,"",IFERROR(SUMIF('Copied Pivots'!$A$40:$A$61,$D15,'Copied Pivots'!Y$40:Y$57)/SUMPRODUCT(('Copied Pivots'!$C$3:$AL$3='Copied Pivots'!Y$15)*('Copied Pivots'!$B$5:$B$12='Copied Pivots'!$B$12)*'Copied Pivots'!$C$5:$AL$12),"")) -> 0.0046730202 | AC15: =IF(IFERROR(SUMIF('Copied Pivots'!$A$40:$A$61,$D15,'Copied Pivots'!Z$40:Z$57)/SUMPRODUCT(('Copied Pivots'!$C$3:$AL$3='Copied Pivots'!Z$15)*('Copied Pivots'!$B$5:$B$12='Copied Pivots'!$B$12)*'Copied Pivots'!$C$5:$AL$12),"")=0,"",IFERROR(SUMIF('Copied Pivots'!$A$40:$A$61,$D15,'Copied Pivots'!Z$40:Z$57)/SUMPRODUCT(('Copied Pivots'!$C$3:$AL$3='Copied Pivots'!Z$15)*('Copied Pivots'!$B$5:$B$12='Copied Pivots'!$B$12)*'Copied Pivots'!$C$5:$AL$12),"")) | AD15: =IF(IFERROR(SUMIF('Copied Pivots'!$A$40:$A$61,$D15,'Copied Pivots'!AA$40:AA$57)/SUMPRODUCT(('Copied Pivots'!$C$3:$AL$3='Copied Pivots'!AA$15)*('Copied Pivots'!$B$5:$B$12='Copied Pivots'!$B$12)*'Copied Pivots'!$C$5:$AL$12),"")=0,"",IFERROR(SUMIF('Copied Pivots'!$A$40:$A$61,$D15,'Copied Pivots'!AA$40:AA$57)/SUMPRODUCT(('Copied Pivots'!$C$3:$AL$3='Copied Pivots'!AA$15)*('Copied Pivots'!$B$5:$B$12='Copied Pivots'!$B$12)*'Copied Pivots'!$C$5:$AL$12),"")) -> 0.0076177285 | AE15: =IF(IFERROR(SUMIF('Copied Pivots'!$A$40:$A$61,$D15,'Copied Pivots'!AB$40:AB$57)/SUMPRODUCT(('Copied Pivots'!$C$3:$AL$3='Copied Pivots'!AB$15)*('Copied Pivots'!$B$5:$B$12='Copied Pivots'!$B$12)*'Copied Pivots'!$C$5:$AL$12),"")=0,"",IFERROR(SUMIF('Copied Pivots'!$A$40:$A$61,$D15,'Copied Pivots'!AB$40:AB$57)/SUMPRODUCT(('Copied Pivots'!$C$3:$AL$3='Copied Pivots'!AB$15)*('Copied Pivots'!$B$5:$B$12='Copied Pivots'!$B$12)*'Copied Pivots'!$C$5:$AL$12),"")) -> 0.00054863866
C16: SPRIGAS100 | D16: SUPGAS | E16: =AVERAGE(F16:AE16) -> 0.084199825 | F16: =IF(IFERROR(SUMIF('Copied Pivots'!$A$40:$A$61,$D16,'Copied Pivots'!C$40:C$61)/SUMPRODUCT(('Copied Pivots'!$C$3:$AL$3='Copied Pivots'!C$15)*('Copied Pivots'!$B$5:$B$12='Copied Pivots'!$B$12)*'Copied Pivots'!$C$5:$AL$12),"")=0,"",IFERROR(SUMIF('Copied Pivots'!$A$40:$A$61,$D16,'Copied Pivots'!C$40:C$61)/SUMPRODUCT(('Copied Pivots'!$C$3:$AL$3='Copied Pivots'!C$15)*('Copied Pivots'!$B$5:$B$12='Copied Pivots'!$B$12)*'Copied Pivots'!$C$5:$AL$12),"")) -> 0.0090644474 | G16: =IF(IFERROR(SUMIF('Copied Pivots'!$A$40:$A$61,$D16,'Copied Pivots'!D$40:D$61)/SUMPRODUCT(('Copied Pivots'!$C$3:$AL$3='Copied Pivots'!D$15)*('Copied Pivots'!$B$5:$B$12='Copied Pivots'!$B$12)*'Copied Pivots'!$C$5:$AL$12),"")=0,"",IFERROR(SUMIF('Copied Pivots'!$A$40:$A$61,$D16,'Copied Pivots'!D$40:D$61)/SUMPRODUCT(('Copied Pivots'!$C$3:$AL$3='Copied Pivots'!D$15)*('Copied Pivots'!$B$5:$B$12='Copied Pivots'!$B$12)*'Copied Pivots'!$C$5:$AL$12),"")) -> 0.07062415 | H16: =IF(IFERROR(SUMIF('Copied Pivots'!$A$40:$A$61,$D16,'Copied Pivots'!E$40:E$61)/SUMPRODUCT(('Copied Pivots'!$C$3:$AL$3='Copied Pivots'!E$15)*('Copied Pivots'!$B$5:$B$12='Copied Pivots'!$B$12)*'Copied Pivots'!$C$5:$AL$12),"")=0,"",IFERROR(SUMIF('Copied Pivots'!$A$40:$A$61,$D16,'Copied Pivots'!E$40:E$61)/SUMPRODUCT(('Copied Pivots'!$C$3:$AL$3='Copied Pivots'!E$15)*('Copied Pivots'!$B$5:$B$12='Copied Pivots'!$B$12)*'Copied Pivots'!$C$5:$AL$12),"")) | I16: =IF(IFERROR(SUMIF('Copied Pivots'!$A$40:$A$61,$D16,'Copied Pivots'!F$40:F$61)/SUMPRODUCT(('Copied Pivots'!$C$3:$AL$3='Copied Pivots'!F$15)*('Copied Pivots'!$B$5:$B$12='Copied Pivots'!$B$12)*'Copied Pivots'!$C$5:$AL$12),"")=0,"",IFERROR(SUMIF('Copied Pivots'!$A$40:$A$61,$D16,'Copied Pivots'!F$40:F$61)/SUMPRODUCT(('Copied Pivots'!$C$3:$AL$3='Copied Pivots'!F$15)*('Copied Pivots'!$B$5:$B$12='Copied Pivots'!$B$12)*'Copied Pivots'!$C$5:$AL$12),"")) -> 0.0030851668 | J16: =IF(IFERROR(SUMIF('Copied Pivots'!$A$40:$A$61,$D16,'Copied Pivots'!G$40:G$61)/SUMPRODUCT(('Copied Pivots'!$C$3:$AL$3='Copied Pivots'!G$15)*('Copied Pivots'!$B$5:$B$12='Copied Pivots'!$B$12)*'Copied Pivots'!$C$5:$AL$12),"")=0,"",IFERROR(SUMIF('Copied Pivots'!$A$40:$A$61,$D16,'Copied Pivots'!G$40:G$61)/SUMPRODUCT(('Copied Pivots'!$C$3:$AL$3='Copied Pivots'!G$15)*('Copied Pivots'!$B$5:$B$12='Copied Pivots'!$B$12)*'Copied Pivots'!$C$5:$AL$12),"")) | K16: =IF(IFERROR(SUMIF('Copied Pivots'!$A$40:$A$61,$D16,'Copied Pivots'!H$40:H$61)/SUMPRODUCT(('Copied Pivots'!$C$3:$AL$3='Copied Pivots'!H$15)*('Copied Pivots'!$B$5:$B$12='Copied Pivots'!$B$12)*'Copied Pivots'!$C$5:$AL$12),"")=0,"",IFERROR(SUMIF('Copied Pivots'!$A$40:$A$61,$D16,'Copied Pivots'!H$40:H$61)/SUMPRODUCT(('Copied Pivots'!$C$3:$AL$3='Copied Pivots'!H$15)*('Copied Pivots'!$B$5:$B$12='Copied Pivots'!$B$12)*'Copied Pivots'!$C$5:$AL$12),"")) -> 0.0072009764 | L16: =IF(IFERROR(SUMIF('Copied Pivots'!$A$40:$A$61,$D16,'Copied Pivots'!I$40:I$61)/SUMPRODUCT(('Copied Pivots'!$C$3:$AL$3='Copied Pivots'!I$15)*('Copied Pivots'!$B$5:$B$12='Copied Pivots'!$B$12)*'Copied Pivots'!$C$5:$AL$12),"")=0,"",IFERROR(SUMIF('Copied Pivots'!$A$40:$A$61,$D16,'Copied Pivots'!I$40:I$61)/SUMPRODUCT(('Copied Pivots'!$C$3:$AL$3='Copied Pivots'!I$15)*('Copied Pivots'!$B$5:$B$12='Copied Pivots'!$B$12)*'Copied Pivots'!$C$5:$AL$12),"")) -> 0.014162949 | M16: =IF(IFERROR(SUMIF('Copied Pivots'!$A$40:$A$61,$D16,'Copied Pivots'!J$40:J$61)/SUMPRODUCT(('Copied Pivots'!$C$3:$AL$3='Copied Pivots'!J$15)*('Copied Pivots'!$B$5:$B$12='Copied Pivots'!$B$12)*'Copied Pivots'!$C$5:$AL$12),"")=0,"",IFERROR(SUMIF('Copied Pivots'!$A$40:$A$61,$D16,'Copied Pivots'!J$40:J$61)/SUMPRODUCT(('Copied Pivots'!$C$3:$AL$3='Copied Pivots'!J$15)*('Copied Pivots'!$B$5:$B$12='Copied Pivots'!$B$12)*'Copied Pivots'!$C$5:$AL$12),"")) -> 0.038263087 | ... V16: =IF(IFERROR(SUMIF('Copied Pivots'!$A$40:$A$61,$D16,'Copied Pivots'!S$40:S$61)/SUMPRODUCT(('Copied Pivots'!$C$3:$AL$3='Copied Pivots'!S$15)*('Copied Pivots'!$B$5:$B$12='Copied Pivots'!$B$12)*'Copied Pivots'!$C$5:$AL$12),"")=0,"",IFERROR(SUMIF('Copied Pivots'!$A$40:$A$61,$D16,'Copied Pivots'!S$40:S$61)/SUMPRODUCT(('Copied Pivots'!$C$3:$AL$3='Copied Pivots'!S$15)*('Copied Pivots'!$B$5:$B$12='Copied Pivots'!$B$12)*'Copied Pivots'!$C$5:$AL$12),"")) | W16: =IF(IFERROR(SUMIF('Copied Pivots'!$A$40:$A$61,$D16,'Copied Pivots'!T$40:T$57)/SUMPRODUCT(('Copied Pivots'!$C$3:$AL$3='Copied Pivots'!T$15)*('Copied Pivots'!$B$5:$B$12='Copied Pivots'!$B$12)*'Copied Pivots'!$C$5:$AL$12),"")=0,"",IFERROR(SUMIF('Copied Pivots'!$A$40:$A$61,$D16,'Copied Pivots'!T$40:T$57)/SUMPRODUCT(('Copied Pivots'!$C$3:$AL$3='Copied Pivots'!T$15)*('Copied Pivots'!$B$5:$B$12='Copied Pivots'!$B$12)*'Copied Pivots'!$C$5:$AL$12),"")) -> 0.010844612 | X16: =IF(IFERROR(SUMIF('Copied Pivots'!$A$40:$A$61,$D16,'Copied Pivots'!U$40:U$57)/SUMPRODUCT(('Copied Pivots'!$C$3:$AL$3='Copied Pivots'!U$15)*('Copied Pivots'!$B$5:$B$12='Copied Pivots'!$B$12)*'Copied Pivots'!$C$5:$AL$12),"")=0,"",IFERROR(SUMIF('Copied Pivots'!$A$40:$A$61,$D16,'Copied Pivots'!U$40:U$57)/SUMPRODUCT(('Copied Pivots'!$C$3:$AL$3='Copied Pivots'!U$15)*('Copied Pivots'!$B$5:$B$12='Copied Pivots'!$B$12)*'Copied Pivots'!$C$5:$AL$12),"")) -> 0.019479947 | Y16: =IF(IFERROR(SUMIF('Copied Pivots'!$A$40:$A$61,$D16,'Copied Pivots'!V$40:V$57)/SUMPRODUCT(('Copied Pivots'!$C$3:$AL$3='Copied Pivots'!V$15)*('Copied Pivots'!$B$5:$B$12='Copied Pivots'!$B$12)*'Copied Pivots'!$C$5:$AL$12),"")=0,"",IFERROR(SUMIF('Copied Pivots'!$A$40:$A$61,$D16,'Copied Pivots'!V$40:V$57)/SUMPRODUCT(('Copied Pivots'!$C$3:$AL$3='Copied Pivots'!V$15)*('Copied Pivots'!$B$5:$B$12='Copied Pivots'!$B$12)*'Copied Pivots'!$C$5:$AL$12),"")) -> 0.043704053 | Z16: =IF(IFERROR(SUMIF('Copied Pivots'!$A$40:$A$61,$D16,'Copied Pivots'!W$40:W$57)/SUMPRODUCT(('Copied Pivots'!$C$3:$AL$3='Copied Pivots'!W$15)*('Copied Pivots'!$B$5:$B$12='Copied Pivots'!$B$12)*'Copied Pivots'!$C$5:$AL$12),"")=0,"",IFERROR(SUMIF('Copied Pivots'!$A$40:$A$61,$D16,'Copied Pivots'!W$40:W$57)/SUMPRODUCT(('Copied Pivots'!$C$3:$AL$3='Copied Pivots'!W$15)*('Copied Pivots'!$B$5:$B$12='Copied Pivots'!$B$12)*'Copied Pivots'!$C$5:$AL$12),"")) | AA16: =IF(IFERROR(SUMIF('Copied Pivots'!$A$40:$A$61,$D16,'Copied Pivots'!X$40:X$57)/SUMPRODUCT(('Copied Pivots'!$C$3:$AL$3='Copied Pivots'!X$15)*('Copied Pivots'!$B$5:$B$12='Copied Pivots'!$B$12)*'Copied Pivots'!$C$5:$AL$12),"")=0,"",IFERROR(SUMIF('Copied Pivots'!$A$40:$A$61,$D16,'Copied Pivots'!X$40:X$57)/SUMPRODUCT(('Copied Pivots'!$C$3:$AL$3='Copied Pivots'!X$15)*('Copied Pivots'!$B$5:$B$12='Copied Pivots'!$B$12)*'Copied Pivots'!$C$5:$AL$12),"")) -> 0.024891461 | AB16: =IF(IFERROR(SUMIF('Copied Pivots'!$A$40:$A$61,$D16,'Copied Pivots'!Y$40:Y$57)/SUMPRODUCT(('Copied Pivots'!$C$3:$AL$3='Copied Pivots'!Y$15)*('Copied Pivots'!$B$5:$B$12='Copied Pivots'!$B$12)*'Copied Pivots'!$C$5:$AL$12),"")=0,"",IFERROR(SUMIF('Copied Pivots'!$A$40:$A$61,$D16,'Copied Pivots'!Y$40:Y$57)/SUMPRODUCT(('Copied Pivots'!$C$3:$AL$3='Copied Pivots'!Y$15)*('Copied Pivots'!$B$5:$B$12='Copied Pivots'!$B$12)*'Copied Pivots'!$C$5:$AL$12),"")) -> 0.030631318 | AC16: =IF(IFERROR(SUMIF('Copied Pivots'!$A$40:$A$61,$D16,'Copied Pivots'!Z$40:Z$57)/SUMPRODUCT(('Copied Pivots'!$C$3:$AL$3='Copied Pivots'!Z$15)*('Copied Pivots'!$B$5:$B$12='Copied Pivots'!$B$12)*'Copied Pivots'!$C$5:$AL$12),"")=0,"",IFERROR(SUMIF('Copied Pivots'!$A$40:$A$61,$D16,'Copied Pivots'!Z$40:Z$57)/SUMPRODUCT(('Copied Pivots'!$C$3:$AL$3='Copied Pivots'!Z$15)*('Copied Pivots'!$B$5:$B$12='Copied Pivots'!$B$12)*'Copied Pivots'!$C$5:$AL$12),"")) -> 1 | AD16: =IF(IFERROR(SUMIF('Copied Pivots'!$A$40:$A$61,$D16,'Copied Pivots'!AA$40:AA$57)/SUMPRODUCT(('Copied Pivots'!$C$3:$AL$3='Copied Pivots'!AA$15)*('Copied Pivots'!$B$5:$B$12='Copied Pivots'!$B$12)*'Copied Pivots'!$C$5:$AL$12),"")=0,"",IFERROR(SUMIF('Copied Pivots'!$A$40:$A$61,$D16,'Copied Pivots'!AA$40:AA$57)/SUMPRODUCT(('Copied Pivots'!$C$3:$AL$3='Copied Pivots'!AA$15)*('Copied Pivots'!$B$5:$B$12='Copied Pivots'!$B$12)*'Copied Pivots'!$C$5:$AL$12),"")) -> 0.11738227 | AE16: =IF(IFERROR(SUMIF('Copied Pivots'!$A$40:$A$61,$D16,'Copied Pivots'!AB$40:AB$57)/SUMPRODUCT(('Copied Pivots'!$C$3:$AL$3='Copied Pivots'!AB$15)*('Copied Pivots'!$B$5:$B$12='Copied Pivots'!$B$12)*'Copied Pivots'!$C$5:$AL$12),"")=0,"",IFERROR(SUMIF('Copied Pivots'!$A$40:$A$61,$D16,'Copied Pivots'!AB$40:AB$57)/SUMPRODUCT(('Copied Pivots'!$C$3:$AL$3='Copied Pivots'!AB$15)*('Copied Pivots'!$B$5:$B$12='Copied Pivots'!$B$12)*'Copied Pivots'!$C$5:$AL$12),"")) -> 0.044433119
C17: SPRIGAS100 | D17: SUPHTH | E17: =AVERAGE(F17:AE17) -> 0.0011064875 | F17: =IF(IFERROR(SUMIF('Copied Pivots'!$A$40:$A$61,$D17,'Copied Pivots'!C$40:C$61)/SUMPRODUCT(('Copied Pivots'!$C$3:$AL$3='Copied Pivots'!C$15)*('Copied Pivots'!$B$5:$B$12='Copied Pivots'!$B$12)*'Copied Pivots'!$C$5:$AL$12),"")=0,"",IFERROR(SUMIF('Copied Pivots'!$A$40:$A$61,$D17,'Copied Pivots'!C$40:C$61)/SUMPRODUCT(('Copied Pivots'!$C$3:$AL$3='Copied Pivots'!C$15)*('Copied Pivots'!$B$5:$B$12='Copied Pivots'!$B$12)*'Copied Pivots'!$C$5:$AL$12),"")) | G17: =IF(IFERROR(SUMIF('Copied Pivots'!$A$40:$A$61,$D17,'Copied Pivots'!D$40:D$61)/SUMPRODUCT(('Copied Pivots'!$C$3:$AL$3='Copied Pivots'!D$15)*('Copied Pivots'!$B$5:$B$12='Copied Pivots'!$B$12)*'Copied Pivots'!$C$5:$AL$12),"")=0,"",IFERROR(SUMIF('Copied Pivots'!$A$40:$A$61,$D17,'Copied Pivots'!D$40:D$61)/SUMPRODUCT(('Copied Pivots'!$C$3:$AL$3='Copied Pivots'!D$15)*('Copied Pivots'!$B$5:$B$12='Copied Pivots'!$B$12)*'Copied Pivots'!$C$5:$AL$12),"")) | H17: =IF(IFERROR(SUMIF('Copied Pivots'!$A$40:$A$61,$D17,'Copied Pivots'!E$40:E$61)/SUMPRODUCT(('Copied Pivots'!$C$3:$AL$3='Copied Pivots'!E$15)*('Copied Pivots'!$B$5:$B$12='Copied Pivots'!$B$12)*'Copied Pivots'!$C$5:$AL$12),"")=0,"",IFERROR(SUMIF('Copied Pivots'!$A$40:$A$61,$D17,'Copied Pivots'!E$40:E$61)/SUMPRODUCT(('Copied Pivots'!$C$3:$AL$3='Copied Pivots'!E$15)*('Copied Pivots'!$B$5:$B$12='Copied Pivots'!$B$12)*'Copied Pivots'!$C$5:$AL$12),"")) | I17: =IF(IFERROR(SUMIF('Copied Pivots'!$A$40:$A$61,$D17,'Copied Pivots'!F$40:F$61)/SUMPRODUCT(('Copied Pivots'!$C$3:$AL$3='Copied Pivots'!F$15)*('Copied Pivots'!$B$5:$B$12='Copied Pivots'!$B$12)*'Copied Pivots'!$C$5:$AL$12),"")=0,"",IFERROR(SUMIF('Copied Pivots'!$A$40:$A$61,$D17,'Copied Pivots'!F$40:F$61)/SUMPRODUCT(('Copied Pivots'!$C$3:$AL$3='Copied Pivots'!F$15)*('Copied Pivots'!$B$5:$B$12='Copied Pivots'!$B$12)*'Copied Pivots'!$C$5:$AL$12),"")) | J17: =IF(IFERROR(SUMIF('Copied Pivots'!$A$40:$A$61,$D17,'Copied Pivots'!G$40:G$61)/SUMPRODUCT(('Copied Pivots'!$C$3:$AL$3='Copied Pivots'!G$15)*('Copied Pivots'!$B$5:$B$12='Copied Pivots'!$B$12)*'Copied Pivots'!$C$5:$AL$12),"")=0,"",IFERROR(SUMIF('Copied Pivots'!$A$40:$A$61,$D17,'Copied Pivots'!G$40:G$61)/SUMPRODUCT(('Copied Pivots'!$C$3:$AL$3='Copied Pivots'!G$15)*('Copied Pivots'!$B$5:$B$12='Copied Pivots'!$B$12)*'Copied Pivots'!$C$5:$AL$12),"")) | K17: =IF(IFERROR(SUMIF('Copied Pivots'!$A$40:$A$61,$D17,'Copied Pivots'!H$40:H$61)/SUMPRODUCT(('Copied Pivots'!$C$3:$AL$3='Copied Pivots'!H$15)*('Copied Pivots'!$B$5:$B$12='Copied Pivots'!$B$12)*'Copied Pivots'!$C$5:$AL$12),"")=0,"",IFERROR(SUMIF('Copied Pivots'!$A$40:$A$61,$D17,'Copied Pivots'!H$40:H$61)/SUMPRODUCT(('Copied Pivots'!$C$3:$AL$3='Copied Pivots'!H$15)*('Copied Pivots'!$B$5:$B$12='Copied Pivots'!$B$12)*'Copied Pivots'!$C$5:$AL$12),"")) -> 0.0052888527 | L17: =IF(IFERROR(SUMIF('Copied Pivots'!$A$40:$A$61,$D17,'Copied Pivots'!I$40:I$61)/SUMPRODUCT(('Copied Pivots'!$C$3:$AL$3='Copied Pivots'!I$15)*('Copied Pivots'!$B$5:$B$12='Copied Pivots'!$B$12)*'Copied Pivots'!$C$5:$AL$12),"")=0,"",IFERROR(SUMIF('Copied Pivots'!$A$40:$A$61,$D17,'Copied Pivots'!I$40:I$61)/SUMPRODUCT(('Copied Pivots'!$C$3:$AL$3='Copied Pivots'!I$15)*('Copied Pivots'!$B$5:$B$12='Copied Pivots'!$B$12)*'Copied Pivots'!$C$5:$AL$12),"")) -> 4.4781667e-05 | M17: =IF(IFERROR(SUMIF('Copied Pivots'!$A$40:$A$61,$D17,'Copied Pivots'!J$40:J$61)/SUMPRODUCT(('Copied Pivots'!$C$3:$AL$3='Copied Pivots'!J$15)*('Copied Pivots'!$B$5:$B$12='Copied Pivots'!$B$12)*'Copied Pivots'!$C$5:$AL$12),"")=0,"",IFERROR(SUMIF('Copied Pivots'!$A$40:$A$61,$D17,'Copied Pivots'!J$40:J$61)/SUMPRODUCT(('Copied Pivots'!$C$3:$AL$3='Copied Pivots'!J$15)*('Copied Pivots'!$B$5:$B$12='Copied Pivots'!$B$12)*'Copied Pivots'!$C$5:$AL$12),"")) | ... V17: =IF(IFERROR(SUMIF('Copied Pivots'!$A$40:$A$61,$D17,'Copied Pivots'!S$40:S$61)/SUMPRODUCT(('Copied Pivots'!$C$3:$AL$3='Copied Pivots'!S$15)*('Copied Pivots'!$B$5:$B$12='Copied Pivots'!$B$12)*'Copied Pivots'!$C$5:$AL$12),"")=0,"",IFERROR(SUMIF('Copied Pivots'!$A$40:$A$61,$D17,'Copied Pivots'!S$40:S$61)/SUMPRODUCT(('Copied Pivots'!$C$3:$AL$3='Copied Pivots'!S$15)*('Copied Pivots'!$B$5:$B$12='Copied Pivots'!$B$12)*'Copied Pivots'!$C$5:$AL$12),"")) | W17: =IF(IFERROR(SUMIF('Copied Pivots'!$A$40:$A$61,$D17,'Copied Pivots'!T$40:T$57)/SUMPRODUCT(('Copied Pivots'!$C$3:$AL$3='Copied Pivots'!T$15)*('Copied Pivots'!$B$5:$B$12='Copied Pivots'!$B$12)*'Copied Pivots'!$C$5:$AL$12),"")=0,"",IFERROR(SUMIF('Copied Pivots'!$A$40:$A$61,$D17,'Copied Pivots'!T$40:T$57)/SUMPRODUCT(('Copied Pivots'!$C$3:$AL$3='Copied Pivots'!T$15)*('Copied Pivots'!$B$5:$B$12='Copied Pivots'!$B$12)*'Copied Pivots'!$C$5:$AL$12),"")) -> 3.3455535e-06 | X17: =IF(IFERROR(SUMIF('Copied Pivots'!$A$40:$A$61,$D17,'Copied Pivots'!U$40:U$57)/SUMPRODUCT(('Copied Pivots'!$C$3:$AL$3='Copied Pivots'!U$15)*('Copied Pivots'!$B$5:$B$12='Copied Pivots'!$B$12)*'Copied Pivots'!$C$5:$AL$12),"")=0,"",IFERROR(SUMIF('Copied Pivots'!$A$40:$A$61,$D17,'Copied Pivots'!U$40:U$57)/SUMPRODUCT(('Copied Pivots'!$C$3:$AL$3='Copied Pivots'!U$15)*('Copied Pivots'!$B$5:$B$12='Copied Pivots'!$B$12)*'Copied Pivots'!$C$5:$AL$12),"")) | Y17: =IF(IFERROR(SUMIF('Copied Pivots'!$A$40:$A$61,$D17,'Copied Pivots'!V$40:V$57)/SUMPRODUCT(('Copied Pivots'!$C$3:$AL$3='Copied Pivots'!V$15)*('Copied Pivots'!$B$5:$B$12='Copied Pivots'!$B$12)*'Copied Pivots'!$C$5:$AL$12),"")=0,"",IFERROR(SUMIF('Copied Pivots'!$A$40:$A$61,$D17,'Copied Pivots'!V$40:V$57)/SUMPRODUCT(('Copied Pivots'!$C$3:$AL$3='Copied Pivots'!V$15)*('Copied Pivots'!$B$5:$B$12='Copied Pivots'!$B$12)*'Copied Pivots'!$C$5:$AL$12),"")) -> 0.00020057731 | Z17: =IF(IFERROR(SUMIF('Copied Pivots'!$A$40:$A$61,$D17,'Copied Pivots'!W$40:W$57)/SUMPRODUCT(('Copied Pivots'!$C$3:$AL$3='Copied Pivots'!W$15)*('Copied Pivots'!$B$5:$B$12='Copied Pivots'!$B$12)*'Copied Pivots'!$C$5:$AL$12),"")=0,"",IFERROR(SUMIF('Copied Pivots'!$A$40:$A$61,$D17,'Copied Pivots'!W$40:W$57)/SUMPRODUCT(('Copied Pivots'!$C$3:$AL$3='Copied Pivots'!W$15)*('Copied Pivots'!$B$5:$B$12='Copied Pivots'!$B$12)*'Copied Pivots'!$C$5:$AL$12),"")) | AA17: =IF(IFERROR(SUMIF('Copied Pivots'!$A$40:$A$61,$D17,'Copied Pivots'!X$40:X$57)/SUMPRODUCT(('Copied Pivots'!$C$3:$AL$3='Copied Pivots'!X$15)*('Copied Pivots'!$B$5:$B$12='Copied Pivots'!$B$12)*'Copied Pivots'!$C$5:$AL$12),"")=0,"",IFERROR(SUMIF('Copied Pivots'!$A$40:$A$61,$D17,'Copied Pivots'!X$40:X$57)/SUMPRODUCT(('Copied Pivots'!$C$3:$AL$3='Copied Pivots'!X$15)*('Copied Pivots'!$B$5:$B$12='Copied Pivots'!$B$12)*'Copied Pivots'!$C$5:$AL$12),"")) -> 5.1391476e-05 | AB17: =IF(IFERROR(SUMIF('Copied Pivots'!$A$40:$A$61,$D17,'Copied Pivots'!Y$40:Y$57)/SUMPRODUCT(('Copied Pivots'!$C$3:$AL$3='Copied Pivots'!Y$15)*('Copied Pivots'!$B$5:$B$12='Copied Pivots'!$B$12)*'Copied Pivots'!$C$5:$AL$12),"")=0,"",IFERROR(SUMIF('Copied Pivots'!$A$40:$A$61,$D17,'Copied Pivots'!Y$40:Y$57)/SUMPRODUCT(('Copied Pivots'!$C$3:$AL$3='Copied Pivots'!Y$15)*('Copied Pivots'!$B$5:$B$12='Copied Pivots'!$B$12)*'Copied Pivots'!$C$5:$AL$12),"")) | AC17: =IF(IFERROR(SUMIF('Copied Pivots'!$A$40:$A$61,$D17,'Copied Pivots'!Z$40:Z$57)/SUMPRODUCT(('Copied Pivots'!$C$3:$AL$3='Copied Pivots'!Z$15)*('Copied Pivots'!$B$5:$B$12='Copied Pivots'!$B$12)*'Copied Pivots'!$C$5:$AL$12),"")=0,"",IFERROR(SUMIF('Copied Pivots'!$A$40:$A$61,$D17,'Copied Pivots'!Z$40:Z$57)/SUMPRODUCT(('Copied Pivots'!$C$3:$AL$3='Copied Pivots'!Z$15)*('Copied Pivots'!$B$5:$B$12='Copied Pivots'!$B$12)*'Copied Pivots'!$C$5:$AL$12),"")) | AD17: =IF(IFERROR(SUMIF('Copied Pivots'!$A$40:$A$61,$D17,'Copied Pivots'!AA$40:AA$57)/SUMPRODUCT(('Copied Pivots'!$C$3:$AL$3='Copied Pivots'!AA$15)*('Copied Pivots'!$B$5:$B$12='Copied Pivots'!$B$12)*'Copied Pivots'!$C$5:$AL$12),"")=0,"",IFERROR(SUMIF('Copied Pivots'!$A$40:$A$61,$D17,'Copied Pivots'!AA$40:AA$57)/SUMPRODUCT(('Copied Pivots'!$C$3:$AL$3='Copied Pivots'!AA$15)*('Copied Pivots'!$B$5:$B$12='Copied Pivots'!$B$12)*'Copied Pivots'!$C$5:$AL$12),"")) | AE17: =IF(IFERROR(SUMIF('Copied Pivots'!$A$40:$A$61,$D17,'Copied Pivots'!AB$40:AB$57)/SUMPRODUCT(('Copied Pivots'!$C$3:$AL$3='Copied Pivots'!AB$15)*('Copied Pivots'!$B$5:$B$12='Copied Pivots'!$B$12)*'Copied Pivots'!$C$5:$AL$12),"")=0,"",IFERROR(SUMIF('Copied Pivots'!$A$40:$A$61,$D17,'Copied Pivots'!AB$40:AB$57)/SUMPRODUCT(('Copied Pivots'!$C$3:$AL$3='Copied Pivots'!AB$15)*('Copied Pivots'!$B$5:$B$12='Copied Pivots'!$B$12)*'Copied Pivots'!$C$5:$AL$12),""))
C18: SPRIGAS100 | D18: SUPRPP | E18: =AVERAGE(F18:AE18) -> 0.0050415678 | F18: =IF(IFERROR(SUMIF('Copied Pivots'!$A$40:$A$61,$D18,'Copied Pivots'!C$40:C$61)/SUMPRODUCT(('Copied Pivots'!$C$3:$AL$3='Copied Pivots'!C$15)*('Copied Pivots'!$B$5:$B$12='Copied Pivots'!$B$12)*'Copied Pivots'!$C$5:$AL$12),"")=0,"",IFERROR(SUMIF('Copied Pivots'!$A$40:$A$61,$D18,'Copied Pivots'!C$40:C$61)/SUMPRODUCT(('Copied Pivots'!$C$3:$AL$3='Copied Pivots'!C$15)*('Copied Pivots'!$B$5:$B$12='Copied Pivots'!$B$12)*'Copied Pivots'!$C$5:$AL$12),"")) -> 0.0090644474 | G18: =IF(IFERROR(SUMIF('Copied Pivots'!$A$40:$A$61,$D18,'Copied Pivots'!D$40:D$61)/SUMPRODUCT(('Copied Pivots'!$C$3:$AL$3='Copied Pivots'!D$15)*('Copied Pivots'!$B$5:$B$12='Copied Pivots'!$B$12)*'Copied Pivots'!$C$5:$AL$12),"")=0,"",IFERROR(SUMIF('Copied Pivots'!$A$40:$A$61,$D18,'Copied Pivots'!D$40:D$61)/SUMPRODUCT(('Copied Pivots'!$C$3:$AL$3='Copied Pivots'!D$15)*('Copied Pivots'!$B$5:$B$12='Copied Pivots'!$B$12)*'Copied Pivots'!$C$5:$AL$12),"")) | H18: =IF(IFERROR(SUMIF('Copied Pivots'!$A$40:$A$61,$D18,'Copied Pivots'!E$40:E$61)/SUMPRODUCT(('Copied Pivots'!$C$3:$AL$3='Copied Pivots'!E$15)*('Copied Pivots'!$B$5:$B$12='Copied Pivots'!$B$12)*'Copied Pivots'!$C$5:$AL$12),"")=0,"",IFERROR(SUMIF('Copied Pivots'!$A$40:$A$61,$D18,'Copied Pivots'!E$40:E$61)/SUMPRODUCT(('Copied Pivots'!$C$3:$AL$3='Copied Pivots'!E$15)*('Copied Pivots'!$B$5:$B$12='Copied Pivots'!$B$12)*'Copied Pivots'!$C$5:$AL$12),"")) | I18: =IF(IFERROR(SUMIF('Copied Pivots'!$A$40:$A$61,$D18,'Copied Pivots'!F$40:F$61)/SUMPRODUCT(('Copied Pivots'!$C$3:$AL$3='Copied Pivots'!F$15)*('Copied Pivots'!$B$5:$B$12='Copied Pivots'!$B$12)*'Copied Pivots'!$C$5:$AL$12),"")=0,"",IFERROR(SUMIF('Copied Pivots'!$A$40:$A$61,$D18,'Copied Pivots'!F$40:F$61)/SUMPRODUCT(('Copied Pivots'!$C$3:$AL$3='Copied Pivots'!F$15)*('Copied Pivots'!$B$5:$B$12='Copied Pivots'!$B$12)*'Copied Pivots'!$C$5:$AL$12),"")) | J18: =IF(IFERROR(SUMIF('Copied Pivots'!$A$40:$A$61,$D18,'Copied Pivots'!G$40:G$61)/SUMPRODUCT(('Copied Pivots'!$C$3:$AL$3='Copied Pivots'!G$15)*('Copied Pivots'!$B$5:$B$12='Copied Pivots'!$B$12)*'Copied Pivots'!$C$5:$AL$12),"")=0,"",IFERROR(SUMIF('Copied Pivots'!$A$40:$A$61,$D18,'Copied Pivots'!G$40:G$61)/SUMPRODUCT(('Copied Pivots'!$C$3:$AL$3='Copied Pivots'!G$15)*('Copied Pivots'!$B$5:$B$12='Copied Pivots'!$B$12)*'Copied Pivots'!$C$5:$AL$12),"")) | K18: =IF(IFERROR(SUMIF('Copied Pivots'!$A$40:$A$61,$D18,'Copied Pivots'!H$40:H$61)/SUMPRODUCT(('Copied Pivots'!$C$3:$AL$3='Copied Pivots'!H$15)*('Copied Pivots'!$B$5:$B$12='Copied Pivots'!$B$12)*'Copied Pivots'!$C$5:$AL$12),"")=0,"",IFERROR(SUMIF('Copied Pivots'!$A$40:$A$61,$D18,'Copied Pivots'!H$40:H$61)/SUMPRODUCT(('Copied Pivots'!$C$3:$AL$3='Copied Pivots'!H$15)*('Copied Pivots'!$B$5:$B$12='Copied Pivots'!$B$12)*'Copied Pivots'!$C$5:$AL$12),"")) | L18: =IF(IFERROR(SUMIF('Copied Pivots'!$A$40:$A$61,$D18,'Copied Pivots'!I$40:I$61)/SUMPRODUCT(('Copied Pivots'!$C$3:$AL$3='Copied Pivots'!I$15)*('Copied Pivots'!$B$5:$B$12='Copied Pivots'!$B$12)*'Copied Pivots'!$C$5:$AL$12),"")=0,"",IFERROR(SUMIF('Copied Pivots'!$A$40:$A$61,$D18,'Copied Pivots'!I$40:I$61)/SUMPRODUCT(('Copied Pivots'!$C$3:$AL$3='Copied Pivots'!I$15)*('Copied Pivots'!$B$5:$B$12='Copied Pivots'!$B$12)*'Copied Pivots'!$C$5:$AL$12),"")) -> 7.4636112e-05 | M18: =IF(IFERROR(SUMIF('Copied Pivots'!$A$40:$A$61,$D18,'Copied Pivots'!J$40:J$61)/SUMPRODUCT(('Copied Pivots'!$C$3:$AL$3='Copied Pivots'!J$15)*('Copied Pivots'!$B$5:$B$12='Copied Pivots'!$B$12)*'Copied Pivots'!$C$5:$AL$12),"")=0,"",IFERROR(SUMIF('Copied Pivots'!$A$40:$A$61,$D18,'Copied Pivots'!J$40:J$61)/SUMPRODUCT(('Copied Pivots'!$C$3:$AL$3='Copied Pivots'!J$15)*('Copied Pivots'!$B$5:$B$12='Copied Pivots'!$B$12)*'Copied Pivots'!$C$5:$AL$12),"")) | ... V18: =IF(IFERROR(SUMIF('Copied Pivots'!$A$40:$A$61,$D18,'Copied Pivots'!S$40:S$61)/SUMPRODUCT(('Copied Pivots'!$C$3:$AL$3='Copied Pivots'!S$15)*('Copied Pivots'!$B$5:$B$12='Copied Pivots'!$B$12)*'Copied Pivots'!$C$5:$AL$12),"")=0,"",IFERROR(SUMIF('Copied Pivots'!$A$40:$A$61,$D18,'Copied Pivots'!S$40:S$61)/SUMPRODUCT(('Copied Pivots'!$C$3:$AL$3='Copied Pivots'!S$15)*('Copied Pivots'!$B$5:$B$12='Copied Pivots'!$B$12)*'Copied Pivots'!$C$5:$AL$12),"")) | W18: =IF(IFERROR(SUMIF('Copied Pivots'!$A$40:$A$61,$D18,'Copied Pivots'!T$40:T$57)/SUMPRODUCT(('Copied Pivots'!$C$3:$AL$3='Copied Pivots'!T$15)*('Copied Pivots'!$B$5:$B$12='Copied Pivots'!$B$12)*'Copied Pivots'!$C$5:$AL$12),"")=0,"",IFERROR(SUMIF('Copied Pivots'!$A$40:$A$61,$D18,'Copied Pivots'!T$40:T$57)/SUMPRODUCT(('Copied Pivots'!$C$3:$AL$3='Copied Pivots'!T$15)*('Copied Pivots'!$B$5:$B$12='Copied Pivots'!$B$12)*'Copied Pivots'!$C$5:$AL$12),"")) -> 6.1558185e-05 | X18: =IF(IFERROR(SUMIF('Copied Pivots'!$A$40:$A$61,$D18,'Copied Pivots'!U$40:U$57)/SUMPRODUCT(('Copied Pivots'!$C$3:$AL$3='Copied Pivots'!U$15)*('Copied Pivots'!$B$5:$B$12='Copied Pivots'!$B$12)*'Copied Pivots'!$C$5:$AL$12),"")=0,"",IFERROR(SUMIF('Copied Pivots'!$A$40:$A$61,$D18,'Copied Pivots'!U$40:U$57)/SUMPRODUCT(('Copied Pivots'!$C$3:$AL$3='Copied Pivots'!U$15)*('Copied Pivots'!$B$5:$B$12='Copied Pivots'!$B$12)*'Copied Pivots'!$C$5:$AL$12),"")) -> 0.0012627531 | Y18: =IF(IFERROR(SUMIF('Copied Pivots'!$A$40:$A$61,$D18,'Copied Pivots'!V$40:V$57)/SUMPRODUCT(('Copied Pivots'!$C$3:$AL$3='Copied Pivots'!V$15)*('Copied Pivots'!$B$5:$B$12='Copied Pivots'!$B$12)*'Copied Pivots'!$C$5:$AL$12),"")=0,"",IFERROR(SUMIF('Copied Pivots'!$A$40:$A$61,$D18,'Copied Pivots'!V$40:V$57)/SUMPRODUCT(('Copied Pivots'!$C$3:$AL$3='Copied Pivots'!V$15)*('Copied Pivots'!$B$5:$B$12='Copied Pivots'!$B$12)*'Copied Pivots'!$C$5:$AL$12),"")) -> 0.0015740959 | Z18: =IF(IFERROR(SUMIF('Copied Pivots'!$A$40:$A$61,$D18,'Copied Pivots'!W$40:W$57)/SUMPRODUCT(('Copied Pivots'!$C$3:$AL$3='Copied Pivots'!W$15)*('Copied Pivots'!$B$5:$B$12='Copied Pivots'!$B$12)*'Copied Pivots'!$C$5:$AL$12),"")=0,"",IFERROR(SUMIF('Copied Pivots'!$A$40:$A$61,$D18,'Copied Pivots'!W$40:W$57)/SUMPRODUCT(('Copied Pivots'!$C$3:$AL$3='Copied Pivots'!W$15)*('Copied Pivots'!$B$5:$B$12='Copied Pivots'!$B$12)*'Copied Pivots'!$C$5:$AL$12),"")) | AA18: =IF(IFERROR(SUMIF('Copied Pivots'!$A$40:$A$61,$D18,'Copied Pivots'!X$40:X$57)/SUMPRODUCT(('Copied Pivots'!$C$3:$AL$3='Copied Pivots'!X$15)*('Copied Pivots'!$B$5:$B$12='Copied Pivots'!$B$12)*'Copied Pivots'!$C$5:$AL$12),"")=0,"",IFERROR(SUMIF('Copied Pivots'!$A$40:$A$61,$D18,'Copied Pivots'!X$40:X$57)/SUMPRODUCT(('Copied Pivots'!$C$3:$AL$3='Copied Pivots'!X$15)*('Copied Pivots'!$B$5:$B$12='Copied Pivots'!$B$12)*'Copied Pivots'!$C$5:$AL$12),"")) -> 0.0053606448 | AB18: =IF(IFERROR(SUMIF('Copied Pivots'!$A$40:$A$61,$D18,'Copied Pivots'!Y$40:Y$57)/SUMPRODUCT(('Copied Pivots'!$C$3:$AL$3='Copied Pivots'!Y$15)*('Copied Pivots'!$B$5:$B$12='Copied Pivots'!$B$12)*'Copied Pivots'!$C$5:$AL$12),"")=0,"",IFERROR(SUMIF('Copied Pivots'!$A$40:$A$61,$D18,'Copied Pivots'!Y$40:Y$57)/SUMPRODUCT(('Copied Pivots'!$C$3:$AL$3='Copied Pivots'!Y$15)*('Copied Pivots'!$B$5:$B$12='Copied Pivots'!$B$12)*'Copied Pivots'!$C$5:$AL$12),"")) | AC18: =IF(IFERROR(SUMIF('Copied Pivots'!$A$40:$A$61,$D18,'Copied Pivots'!Z$40:Z$57)/SUMPRODUCT(('Copied Pivots'!$C$3:$AL$3='Copied Pivots'!Z$15)*('Copied Pivots'!$B$5:$B$12='Copied Pivots'!$B$12)*'Copied Pivots'!$C$5:$AL$12),"")=0,"",IFERROR(SUMIF('Copied Pivots'!$A$40:$A$61,$D18,'Copied Pivots'!Z$40:Z$57)/SUMPRODUCT(('Copied Pivots'!$C$3:$AL$3='Copied Pivots'!Z$15)*('Copied Pivots'!$B$5:$B$12='Copied Pivots'!$B$12)*'Copied Pivots'!$C$5:$AL$12),"")) | AD18: =IF(IFERROR(SUMIF('Copied Pivots'!$A$40:$A$61,$D18,'Copied Pivots'!AA$40:AA$57)/SUMPRODUCT(('Copied Pivots'!$C$3:$AL$3='Copied Pivots'!AA$15)*('Copied Pivots'!$B$5:$B$12='Copied Pivots'!$B$12)*'Copied Pivots'!$C$5:$AL$12),"")=0,"",IFERROR(SUMIF('Copied Pivots'!$A$40:$A$61,$D18,'Copied Pivots'!AA$40:AA$57)/SUMPRODUCT(('Copied Pivots'!$C$3:$AL$3='Copied Pivots'!AA$15)*('Copied Pivots'!$B$5:$B$12='Copied Pivots'!$B$12)*'Copied Pivots'!$C$5:$AL$12),"")) -> 0.0086565097 | AE18: =IF(IFERROR(SUMIF('Copied Pivots'!$A$40:$A$61,$D18,'Copied Pivots'!AB$40:AB$57)/SUMPRODUCT(('Copied Pivots'!$C$3:$AL$3='Copied Pivots'!AB$15)*('Copied Pivots'!$B$5:$B$12='Copied Pivots'!$B$12)*'Copied Pivots'!$C$5:$AL$12),"")=0,"",IFERROR(SUMIF('Copied Pivots'!$A$40:$A$61,$D18,'Copied Pivots'!AB$40:AB$57)/SUMPRODUCT(('Copied Pivots'!$C$3:$AL$3='Copied Pivots'!AB$15)*('Copied Pivots'!$B$5:$B$12='Copied Pivots'!$B$12)*'Copied Pivots'!$C$5:$AL$12),"")) -> 0.0068340402
B19: GASPIP | C19: =C18 -> SPRIGAS100
C20: \I:
C21: =C22 -> SPRICOL100 | D21: COLRSV | E21: 1
C22: SPRICOL100 | D22: =IF(D6="","",D6) -> SUPCOA | E22: =IF(E6="","",E6) -> 0.0019809122 | F22: =IF(F6="","",F6) | G22: =IF(G6="","",G6) | H22: =IF(H6="","",H6) | I22: =IF(I6="","",I6) -> 0.00024032594 | J22: =IF(J6="","",J6) | K22: =IF(K6="","",K6) -> 0.013616555 | ... AE22: =IF(AE6="","",AE6) -> 0.00023116561
C23: SPRICOL100 | D23: =IF(D7="","",D7) -> SUPELC | E23: =IF(E7="","",E7) -> 0.011946036 | F23: =IF(F7="","",F7) | G23: =IF(G7="","",G7) | H23: =IF(H7="","",H7) | I23: =IF(I7="","",I7) -> 0.0098420983 | J23: =IF(J7="","",J7) | K23: =IF(K7="","",K7) -> 0.0059883349 | ... AE23: =IF(AE7="","",AE7) -> 0.0087236965
C24: SPRICOL100 | D24: =IF(D8="","",D8) -> SUPGAS | E24: =IF(E8="","",E8) -> 0.0005421764 | F24: =IF(F8="","",F8) | G24: =IF(G8="","",G8) | H24: =IF(H8="","",H8) | I24: =IF(I8="","",I8) | J24: =IF(J8="","",J8) | K24: =IF(K8="","",K8) -> 0.00053381966 | ... AE24: =IF(AE8="","",AE8) -> 0.0017415972
C25: SPRICOL100 | D25: =IF(D9="","",D9) -> SUPHTH | E25: =IF(E9="","",E9) -> 0.0040036844 | F25: =IF(F9="","",F9) | G25: =IF(G9="","",G9) | H25: =IF(H9="","",H9) | I25: =IF(I9="","",I9) -> 0.00034922363 | J25: =IF(J9="","",J9) | K25: =IF(K9="","",K9) -> 0.0050079346 | ... AE25: =IF(AE9="","",AE9)
C26: SPRICOL100 | D26: =IF(D10="","",D10) -> SUPRPP | E26: =IF(E10="","",E10) -> 0.0025047638 | F26: =IF(F10="","",F10) | G26: =IF(G10="","",G10) | H26: =IF(H10="","",H10) | I26: =IF(I10="","",I10) | J26: =IF(J10="","",J10) | K26: =IF(K10="","",K10) -> 0.00077788117 | ... AE26: =IF(AE10="","",AE10)
B27: COALIG | C27: =C26 -> SPRICOL100
C28: \I: | D28: =IF(D12="","",D12) | E28: =IF(E12="","",E12) | F28: =IF(F12="","",F12) | G28: =IF(G12="","",G12) | H28: =IF(H12="","",H12) | I28: =IF(I12="","",I12) | J28: =IF(J12="","",J12) | K28: =IF(K12="","",K12) | ... AE28: =IF(AE12="","",AE12)
C29: =C30 -> SPRIOIL100 | D29: OILRSV | E29: 1
C30: SPRIOIL100 | D30: =IF(D14="","",D14) -> SUPCOA | E30: =IF(E14="","",E14) | F30: =IF(F14="","",F14) | G30: =IF(G14="","",G14) | H30: =IF(H14="","",H14) | I30: =IF(I14="","",I14) | J30: =IF(J14="","",J14) | K30: =IF(K14="","",K14) | ... AE30: =IF(AE14="","",AE14)
C31: SPRIOIL100 | D31: =IF(D15="","",D15) -> SUPELC | E31: =IF(E15="","",E15) -> 0.0097056802 | F31: =IF(F15="","",F15) -> 0.018998222 | G31: =IF(G15="","",G15) -> 0.0082897658 | H31: =IF(H15="","",H15) | I31: =IF(I15="","",I15) -> 0.0013802062 | J31: =IF(J15="","",J15) | K31: =IF(K15="","",K15) -> 0.0013018714 | ... AE31: =IF(AE15="","",AE15) -> 0.00054863866
C32: SPRIOIL100 | D32: =IF(D16="","",D16) -> SUPGAS | E32: =IF(E16="","",E16) -> 0.084199825 | F32: =IF(F16="","",F16) -> 0.0090644474 | G32: =IF(G16="","",G16) -> 0.07062415 | H32: =IF(H16="","",H16) | I32: =IF(I16="","",I16) -> 0.0030851668 | J32: =IF(J16="","",J16) | K32: =IF(K16="","",K16) -> 0.0072009764 | ... AE32: =IF(AE16="","",AE16) -> 0.044433119
C33: SPRIOIL100 | D33: =IF(D17="","",D17) -> SUPHTH | E33: =IF(E17="","",E17) -> 0.0011064875 | F33: =IF(F17="","",F17) | G33: =IF(G17="","",G17) | H33: =IF(H17="","",H17) | I33: =IF(I17="","",I17) | J33: =IF(J17="","",J17) | K33: =IF(K17="","",K17) -> 0.0052888527 | ... AE33: =IF(AE17="","",AE17)
C34: SPRIOIL100 | D34: =IF(D18="","",D18) -> SUPRPP | E34: =IF(E18="","",E18) -> 0.0050415678 | F34: =IF(F18="","",F18) -> 0.0090644474 | G34: =IF(G18="","",G18) | H34: =IF(H18="","",H18) | I34: =IF(I18="","",I18) | J34: =IF(J18="","",J18) | K34: =IF(K18="","",K18) | ... AE34: =IF(AE18="","",AE18) -> 0.0068340402
B35: OILPIP | C35: =C34 -> SPRIOIL100
A37: Coke Ovens
G38: ~FI_T: FX
A39: LimType | B39: Year | C39: Comm-IN-A | D39: Comm-IN | E39: TechName | F39: Comm-OUT | G39: Attribute | H39: ACT_BND | I39: ='Copied Pivots'!C$56 -> AT | J39: ='Copied Pivots'!D$56 -> BE | K39: ='Copied Pivots'!E$56 -> CZ | L39: ='Copied Pivots'!F$56 -> DE | M39: ='Copied Pivots'!G$56 -> EE | N39: ='Copied Pivots'!H$56 -> ES | O39: ='Copied Pivots'!I$56 -> FI | P39: ='Copied Pivots'!J$56 -> FR | ... X39: ='Copied Pivots'!R$56 -> UK | Y39: EFF
C40: SUPCOA | E40: SSCDCOKE00 | G40: INPUT | I40: ='Copied Pivots'!C59/'Copied Pivots'!C$71 -> 0 | J40: ='Copied Pivots'!D59/'Copied Pivots'!D$71 -> 0 | K40: ='Copied Pivots'!E59/'Copied Pivots'!E$71 -> 0 | L40: ='Copied Pivots'!F59/'Copied Pivots'!F$71 -> 0 | M40: ='Copied Pivots'!G59/'Copied Pivots'!G$71 -> 0 | N40: ='Copied Pivots'!H59/'Copied Pivots'!H$71 -> 0.1005061 | O40: ='Copied Pivots'!I59/'Copied Pivots'!I$71 -> 0 | P40: ='Copied Pivots'!J59/'Copied Pivots'!J$71 -> 0 | ... X40: ='Copied Pivots'!R59/'Copied Pivots'!R$71 -> 0
C41: SUPRPP | E41: SSCDCOKE00 | G41: INPUT | I41: ='Copied Pivots'!C60/'Copied Pivots'!C$71 -> 0 | J41: ='Copied Pivots'!D60/'Copied Pivots'!D$71 -> 0.00063139285 | K41: ='Copied Pivots'!E60/'Copied Pivots'!E$71 -> 0 | L41: ='Copied Pivots'!F60/'Copied Pivots'!F$71 -> 0 | M41: ='Copied Pivots'!G60/'Copied Pivots'!G$71 -> 0 | N41: ='Copied Pivots'!H60/'Copied Pivots'!H$71 -> 0 | O41: ='Copied Pivots'!I60/'Copied Pivots'!I$71 -> 0 | P41: ='Copied Pivots'!J60/'Copied Pivots'!J$71 -> 0 | ... X41: ='Copied Pivots'!R60/'Copied Pivots'!R$71 -> 0
C42: SUPGAS | E42: SSCDCOKE00 | G42: INPUT | I42: ='Copied Pivots'!C61/'Copied Pivots'!C$71 -> 0.12704744 | J42: ='Copied Pivots'!D61/'Copied Pivots'!D$71 -> 0.085743149 | K42: ='Copied Pivots'!E61/'Copied Pivots'!E$71 -> 0.082110182 | L42: ='Copied Pivots'!F61/'Copied Pivots'!F$71 -> 0.080549921 | M42: ='Copied Pivots'!G61/'Copied Pivots'!G$71 -> 0 | N42: ='Copied Pivots'!H61/'Copied Pivots'!H$71 -> 0.11430999 | O42: ='Copied Pivots'!I61/'Copied Pivots'!I$71 -> 0.085256605 | P42: ='Copied Pivots'!J61/'Copied Pivots'!J$71 -> 0.1199608 | ... X42: ='Copied Pivots'!R61/'Copied Pivots'!R$71 -> 0.11224603
C43: SUPHTH | E43: SSCDCOKE00 | G43: INPUT | I43: ='Copied Pivots'!C62/'Copied Pivots'!C$71 -> 0 | J43: ='Copied Pivots'!D62/'Copied Pivots'!D$71 -> 0 | K43: ='Copied Pivots'!E62/'Copied Pivots'!E$71 -> 0.018811568 | L43: ='Copied Pivots'!F62/'Copied Pivots'!F$71 -> 0 | M43: ='Copied Pivots'!G62/'Copied Pivots'!G$71 -> 0 | N43: ='Copied Pivots'!H62/'Copied Pivots'!H$71 -> 0 | O43: ='Copied Pivots'!I62/'Copied Pivots'!I$71 -> 0 | P43: ='Copied Pivots'!J62/'Copied Pivots'!J$71 -> 0 | ... X43: ='Copied Pivots'!R62/'Copied Pivots'!R$71 -> 0
C44: SUPELC | E44: SSCDCOKE00 | G44: INPUT | I44: ='Copied Pivots'!C63/'Copied Pivots'!C$71 -> 0.002155648 | J44: ='Copied Pivots'!D63/'Copied Pivots'!D$71 -> 0.0016100518 | K44: ='Copied Pivots'!E63/'Copied Pivots'!E$71 -> 0.0045702353 | L44: ='Copied Pivots'!F63/'Copied Pivots'!F$71 -> 0.0037184265 | M44: ='Copied Pivots'!G63/'Copied Pivots'!G$71 -> 0 | N44: ='Copied Pivots'!H63/'Copied Pivots'!H$71 -> 0.0012560184 | O44: ='Copied Pivots'!I63/'Copied Pivots'!I$71 -> 0 | P44: ='Copied Pivots'!J63/'Copied Pivots'!J$71 -> 5.080932e-05 | ... X44: ='Copied Pivots'!R63/'Copied Pivots'!R$71 -> 0
G45: \I:
D46: COAHAR | E46: SSCDCOKE00 | F46: COACOK | G46: Share-O | I46: ='Copied Pivots'!C72/'Copied Pivots'!C71 -> 0.80872443 | J46: ='Copied Pivots'!D72/'Copied Pivots'!D71 -> 0.793926 | K46: ='Copied Pivots'!E72/'Copied Pivots'!E71 -> 0.81288567 | L46: ='Copied Pivots'!F72/'Copied Pivots'!F71 -> 0.79186404 | M46: ='Copied Pivots'!G72/'Copied Pivots'!G71 -> 1 | N46: ='Copied Pivots'!H72/'Copied Pivots'!H71 -> 0.79923408 | O46: ='Copied Pivots'!I72/'Copied Pivots'!I71 -> 0.7655127 | P46: ='Copied Pivots'!J72/'Copied Pivots'!J71 -> 0.817776 | ... X46: ='Copied Pivots'!R72/'Copied Pivots'!R71 -> 0.80633751 | Y46: 1
D47: COALIG | F47: GASCOG
G48: \I:
B49: ='Copied Pivots'!B79 -> 2010 | E49: SSCDCOKE00 | G49: ACT_BND | H49: 0 | I49: ='Copied Pivots'!C79 -> 50.34627 | J49: ='Copied Pivots'!D79 -> 72.917309 | K49: ='Copied Pivots'!E79 -> 98.100911 | L49: ='Copied Pivots'!F79 -> 294.0264 | M49: ='Copied Pivots'!G79 -> 0.62802 | N49: ='Copied Pivots'!H79 -> 77.54791 | O49: ='Copied Pivots'!I79 -> 30.789727 | P49: ='Copied Pivots'!J79 -> 114.07355 | ... X49: ='Copied Pivots'!R79 -> 149.46039
B50: ='Copied Pivots'!B80 -> 2011 | E50: SSCDCOKE00 | G50: ACT_BND | H50: 0 | I50: ='Copied Pivots'!C80 -> 49.060922 | J50: ='Copied Pivots'!D80 -> 72.481882 | K50: ='Copied Pivots'!E80 -> 99.97241 | L50: ='Copied Pivots'!F80 -> 287.61223 | M50: ='Copied Pivots'!G80 -> 0.6824484 | N50: ='Copied Pivots'!H80 -> 74.797182 | O50: ='Copied Pivots'!I80 -> 32.744963 | P50: ='Copied Pivots'!J80 -> 106.90575 | ... X50: ='Copied Pivots'!R80 -> 150.23913
B51: ='Copied Pivots'!B81 -> 2012 | E51: SSCDCOKE00 | G51: ACT_BND | H51: 0 | I51: ='Copied Pivots'!C81 -> 48.876703 | J51: ='Copied Pivots'!D81 -> 68.554663 | K51: ='Copied Pivots'!E81 -> 96.08706 | L51: ='Copied Pivots'!F81 -> 289.48791 | M51: ='Copied Pivots'!G81 -> 0.711756 | N51: ='Copied Pivots'!H81 -> 65.046125 | O51: ='Copied Pivots'!I81 -> 33.632564 | P51: ='Copied Pivots'!J81 -> 115.16631 | ... X51: ='Copied Pivots'!R81 -> 139.0855
B52: ='Copied Pivots'!B82 -> 2013 | E52: SSCDCOKE00 | G52: ACT_BND | H52: 0 | I52: ='Copied Pivots'!C82 -> 49.709876 | J52: ='Copied Pivots'!D82 -> 63.388152 | K52: ='Copied Pivots'!E82 -> 96.706706 | L52: ='Copied Pivots'!F82 -> 297.50563 | M52: ='Copied Pivots'!G82 -> 0.62802 | N52: ='Copied Pivots'!H82 -> 64.878653 | O52: ='Copied Pivots'!I82 -> 33.674432 | P52: ='Copied Pivots'!J82 -> 120.82686 | ... X52: ='Copied Pivots'!R82 -> 141.76505
B53: ='Copied Pivots'!B83 -> 2014 | E53: SSCDCOKE00 | G53: ACT_BND | H53: 0 | I53: ='Copied Pivots'!C83 -> 48.67155 | J53: ='Copied Pivots'!D83 -> 54.210686 | K53: ='Copied Pivots'!E83 -> 98.331185 | L53: ='Copied Pivots'!F83 -> 315.38327 | M53: ='Copied Pivots'!G83 -> 0.711756 | N53: ='Copied Pivots'!H83 -> 57.735972 | O53: ='Copied Pivots'!I83 -> 34.603902 | P53: ='Copied Pivots'!J83 -> 119.84296 | ... X53: ='Copied Pivots'!R83 -> 136.7702
B54: 2015 | E54: SSCDCOKE00 | G54: ACT_BND | H54: =H53 -> 0 | I54: =I53 -> 48.67155 | J54: =J53 -> 54.210686 | K54: =K53 -> 98.331185 | L54: =L53 -> 315.38327 | M54: =M53 -> 0.711756 | N54: =N53 -> 57.735972 | O54: =O53 -> 34.603902 | ... X54: =X53 -> 136.7702
B55: 2030 | E55: SSCDCOKE00 | G55: ACT_BND | H55: =H54 -> 0 | I55: =I54/2 -> 24.335775 | J55: =J54/2 -> 27.105343 | K55: =K54/2 -> 49.165592 | L55: =L54/2 -> 157.69164 | M55: =M54/2 -> 0.355878 | N55: =N54/2 -> 28.867986 | O55: =O54/2 -> 17.301951 | P55: =P54/2 -> 59.921482 | ... X55: =X54/2 -> 68.385098
A56: UP | B56: 2035 | E56: SSCDCOKE00 | G56: ACT_BND | H56: =H55 -> 0 | I56: =I55 -> 24.335775 | J56: =J55 -> 27.105343 | K56: =K55 -> 49.165592 | L56: =L55 -> 157.69164 | M56: =M55 -> 0.355878 | N56: =N55 -> 28.867986 | O56: =O55 -> 17.301951 | ... X56: =X55 -> 68.385098
A57: UP | B57: 0 | E57: SSCDCOKE00 | G57: ACT_BND | H57: 5
A59: Pipelines
E61: ~FI_T: INPUT
C62: Comm-OUT | D62: TechName | E62: Comm-IN | F62: 2010 | G62: ='Copied Pivots'!C99 -> AT | H62: ='Copied Pivots'!D99 -> BE | I62: ='Copied Pivots'!E99 -> BG | J62: ='Copied Pivots'!F99 -> CZ | K62: ='Copied Pivots'!G99 -> DE | L62: ='Copied Pivots'!H99 -> EL | M62: ='Copied Pivots'!I99 -> FI | N62: ='Copied Pivots'!J99 -> FR | ... S62: ='Copied Pivots'!O99 -> LV | T62: ='Copied Pivots'!Q99 -> PL | U62: ='Copied Pivots'!R99 -> PT | V62: ='Copied Pivots'!S99 -> RO | W62: ='Copied Pivots'!T99 -> RS | X62: ='Copied Pivots'!U99 -> SK
D63: SPIPGAS100 | E63: ='Copied Pivots'!A102 -> SUPRPP | F63: =AVERAGE(G63:X63) -> 1.2927924e-06 | G63: ='Copied Pivots'!C102/INDEX('Copied Pivots'!$C$96:$AL$96,1,MATCH(G$62,'Copied Pivots'!$C$89:$AL$89)) -> 0 | H63: ='Copied Pivots'!D102/INDEX('Copied Pivots'!$C$96:$AL$96,1,MATCH(H$62,'Copied Pivots'!$C$89:$AL$89)) -> 0 | I63: ='Copied Pivots'!E102/INDEX('Copied Pivots'!$C$96:$AL$96,1,MATCH(I$62,'Copied Pivots'!$C$89:$AL$89)) -> 0 | J63: ='Copied Pivots'!F102/INDEX('Copied Pivots'!$C$96:$AL$96,1,MATCH(J$62,'Copied Pivots'!$C$89:$AL$89)) -> 0 | K63: ='Copied Pivots'!G102/INDEX('Copied Pivots'!$C$96:$AL$96,1,MATCH(K$62,'Copied Pivots'!$C$89:$AL$89)) -> 0 | L63: ='Copied Pivots'!H102/INDEX('Copied Pivots'!$C$96:$AL$96,1,MATCH(L$62,'Copied Pivots'!$C$89:$AL$89)) -> 0 | M63: ='Copied Pivots'!I102/INDEX('Copied Pivots'!$C$96:$AL$96,1,MATCH(M$62,'Copied Pivots'!$C$89:$AL$89)) -> 0 | N63: ='Copied Pivots'!J102/INDEX('Copied Pivots'!$C$96:$AL$96,1,MATCH(N$62,'Copied Pivots'!$C$89:$AL$89)) -> 0 | ... S63: ='Copied Pivots'!O102/INDEX('Copied Pivots'!$C$96:$AL$96,1,MATCH(S$62,'Copied Pivots'!$C$89:$AL$89)) -> 0 | T63: ='Copied Pivots'!Q102/INDEX('Copied Pivots'!$C$96:$AL$96,1,MATCH(T$62,'Copied Pivots'!$C$89:$AL$89)) -> 2.3270263e-05 | U63: ='Copied Pivots'!R102/INDEX('Copied Pivots'!$C$96:$AL$96,1,MATCH(U$62,'Copied Pivots'!$C$89:$AL$89)) -> 0 | V63: ='Copied Pivots'!S102/INDEX('Copied Pivots'!$C$96:$AL$96,1,MATCH(V$62,'Copied Pivots'!$C$89:$AL$89)) -> 0 | W63: ='Copied Pivots'!T102/INDEX('Copied Pivots'!$C$96:$AL$96,1,MATCH(W$62,'Copied Pivots'!$C$89:$AL$89)) -> 0 | X63: ='Copied Pivots'!U102/INDEX('Copied Pivots'!$C$96:$AL$96,1,MATCH(X$62,'Copied Pivots'!$C$89:$AL$89)) -> 0
D64: SPIPGAS100 | E64: ='Copied Pivots'!A103 -> SUPGAS | F64: =AVERAGE(G64:X64) -> 0.0040390914 | G64: ='Copied Pivots'!C103/INDEX('Copied Pivots'!$C$96:$AL$96,1,MATCH(G$62,'Copied Pivots'!$C$89:$AL$89)) -> 0.0074547549 | H64: ='Copied Pivots'!D103/INDEX('Copied Pivots'!$C$96:$AL$96,1,MATCH(H$62,'Copied Pivots'!$C$89:$AL$89)) -> 0.00070374587 | I64: ='Copied Pivots'!E103/INDEX('Copied Pivots'!$C$96:$AL$96,1,MATCH(I$62,'Copied Pivots'!$C$89:$AL$89)) -> 0.017615681 | J64: ='Copied Pivots'!F103/INDEX('Copied Pivots'!$C$96:$AL$96,1,MATCH(J$62,'Copied Pivots'!$C$89:$AL$89)) -> 0.0027569216 | K64: ='Copied Pivots'!G103/INDEX('Copied Pivots'!$C$96:$AL$96,1,MATCH(K$62,'Copied Pivots'!$C$89:$AL$89)) -> 0.0014126892 | L64: ='Copied Pivots'!H103/INDEX('Copied Pivots'!$C$96:$AL$96,1,MATCH(L$62,'Copied Pivots'!$C$89:$AL$89)) -> 9.7296898e-06 | M64: ='Copied Pivots'!I103/INDEX('Copied Pivots'!$C$96:$AL$96,1,MATCH(M$62,'Copied Pivots'!$C$89:$AL$89)) -> 0.00035884499 | N64: ='Copied Pivots'!J103/INDEX('Copied Pivots'!$C$96:$AL$96,1,MATCH(N$62,'Copied Pivots'!$C$89:$AL$89)) -> 7.8519254e-06 | ... S64: ='Copied Pivots'!O103/INDEX('Copied Pivots'!$C$96:$AL$96,1,MATCH(S$62,'Copied Pivots'!$C$89:$AL$89)) -> 0 | T64: ='Copied Pivots'!Q103/INDEX('Copied Pivots'!$C$96:$AL$96,1,MATCH(T$62,'Copied Pivots'!$C$89:$AL$89)) -> 0.0066627417 | U64: ='Copied Pivots'!R103/INDEX('Copied Pivots'!$C$96:$AL$96,1,MATCH(U$62,'Copied Pivots'!$C$89:$AL$89)) -> 0 | V64: ='Copied Pivots'!S103/INDEX('Copied Pivots'!$C$96:$AL$96,1,MATCH(V$62,'Copied Pivots'!$C$89:$AL$89)) -> 0.00030782662 | W64: ='Copied Pivots'!T103/INDEX('Copied Pivots'!$C$96:$AL$96,1,MATCH(W$62,'Copied Pivots'!$C$89:$AL$89)) -> 0.00027850305 | X64: ='Copied Pivots'!U103/INDEX('Copied Pivots'!$C$96:$AL$96,1,MATCH(X$62,'Copied Pivots'!$C$89:$AL$89)) -> 0.022682668
D65: SPIPGAS100 | E65: ='Copied Pivots'!A104 -> SUPELC | F65: =AVERAGE(G65:X65) -> 0.00023232978 | G65: ='Copied Pivots'!C104/INDEX('Copied Pivots'!$C$96:$AL$96,1,MATCH(G$62,'Copied Pivots'!$C$89:$AL$89)) -> 0.00051231945 | H65: ='Copied Pivots'!D104/INDEX('Copied Pivots'!$C$96:$AL$96,1,MATCH(H$62,'Copied Pivots'!$C$89:$AL$89)) -> 7.2939966e-05 | I65: ='Copied Pivots'!E104/INDEX('Copied Pivots'!$C$96:$AL$96,1,MATCH(I$62,'Copied Pivots'!$C$89:$AL$89)) -> 0.00024531642 | J65: ='Copied Pivots'!F104/INDEX('Copied Pivots'!$C$96:$AL$96,1,MATCH(J$62,'Copied Pivots'!$C$89:$AL$89)) -> 0.00027046469 | K65: ='Copied Pivots'!G104/INDEX('Copied Pivots'!$C$96:$AL$96,1,MATCH(K$62,'Copied Pivots'!$C$89:$AL$89)) -> 0 | L65: ='Copied Pivots'!H104/INDEX('Copied Pivots'!$C$96:$AL$96,1,MATCH(L$62,'Copied Pivots'!$C$89:$AL$89)) -> 0 | M65: ='Copied Pivots'!I104/INDEX('Copied Pivots'!$C$96:$AL$96,1,MATCH(M$62,'Copied Pivots'!$C$89:$AL$89)) -> 0 | N65: ='Copied Pivots'!J104/INDEX('Copied Pivots'!$C$96:$AL$96,1,MATCH(N$62,'Copied Pivots'!$C$89:$AL$89)) -> 0 | ... S65: ='Copied Pivots'!O104/INDEX('Copied Pivots'!$C$96:$AL$96,1,MATCH(S$62,'Copied Pivots'!$C$89:$AL$89)) -> 0.00065200773 | T65: ='Copied Pivots'!Q104/INDEX('Copied Pivots'!$C$96:$AL$96,1,MATCH(T$62,'Copied Pivots'!$C$89:$AL$89)) -> 0.0006278317 | U65: ='Copied Pivots'!R104/INDEX('Copied Pivots'!$C$96:$AL$96,1,MATCH(U$62,'Copied Pivots'!$C$89:$AL$89)) -> 4.8080622e-05 | V65: ='Copied Pivots'!S104/INDEX('Copied Pivots'!$C$96:$AL$96,1,MATCH(V$62,'Copied Pivots'!$C$89:$AL$89)) -> 9.3913207e-05 | W65: ='Copied Pivots'!T104/INDEX('Copied Pivots'!$C$96:$AL$96,1,MATCH(W$62,'Copied Pivots'!$C$89:$AL$89)) -> 0 | X65: ='Copied Pivots'!U104/INDEX('Copied Pivots'!$C$96:$AL$96,1,MATCH(X$62,'Copied Pivots'!$C$89:$AL$89)) -> 0.0003517238
C66: GASNAT | D66: =D65 -> SPIPGAS100 | E66: GASPIP | F66: 1
D67: SPIPOIL100 | E67: =E63 -> SUPRPP | F67: =AVERAGE(G67:X67) -> 1.2927924e-06 | G67: =G63 -> 0 | H67: =H63 -> 0 | I67: =I63 -> 0 | J67: =J63 -> 0 | K67: =K63 -> 0 | L67: =L63 -> 0 | M67: =M63 -> 0 | N67: =N63 -> 0 | ... X67: =X63 -> 0
D68: SPIPOIL100 | E68: =E64 -> SUPGAS | F68: =AVERAGE(G68:X68) -> 0.0040390914 | G68: =G64 -> 0.0074547549 | H68: =H64 -> 0.00070374587 | I68: =I64 -> 0.017615681 | J68: =J64 -> 0.0027569216 | K68: =K64 -> 0.0014126892 | L68: =L64 -> 9.7296898e-06 | M68: =M64 -> 0.00035884499 | N68: =N64 -> 7.8519254e-06 | ... X68: =X64 -> 0.022682668
D69: SPIPOIL100 | E69: =E65 -> SUPELC | F69: =AVERAGE(G69:X69) -> 0.00023232978 | G69: =G65 -> 0.00051231945 | H69: =H65 -> 7.2939966e-05 | I69: =I65 -> 0.00024531642 | J69: =J65 -> 0.00027046469 | K69: =K65 -> 0 | L69: =L65 -> 0 | M69: =M65 -> 0 | N69: =N65 -> 0 | ... X69: =X65 -> 0.0003517238
C70: OILCRD | D70: =D69 -> SPIPOIL100 | E70: OILPIP | F70: 1

Sheet Ambient_Heat
B2: ~FI_Process | L2: ~FI_T
B3: Sets | C3: TechName | D3: TechDesc | E3: Tact | F3: Tcap | G3: Tslvl | H3: Vintage | J3: =C3 -> TechName | K3: Comm-IN | L3: Comm-OUT | M3: VAROM | N3: EFF
B4: IRE | C4: MINRENAHT | D4: Ambient heat supply for heat pumps | E4: PJ | F4: PJa | J4: =C4 -> MINRENAHT | L4: RENAHT | M4: 0.01
B5: IRE | C5: MINRENGHT | D5: Ground heat supply for heat pumps | E5: PJ | F5: PJa | J5: =C5 -> MINRENGHT | L5: RENGHT | M5: 0.01
B6: PRE | C6: RSDAHT00 | D6: Fuel Tech Base-year - Ambient Heat (RSD) | E6: PJ | F6: PJa | J6: =C6 -> RSDAHT00 | K6: =L4 -> RENAHT | L6: RSDAHT | N6: 1
B7: PRE | C7: RSDGHT00 | D7: Fuel Tech Base-year - Ground Heat (RSD) | E7: PJ | F7: PJa | J7: =C7 -> RSDGHT00 | K7: =L5 -> RENGHT | L7: RSDGHT | N7: 1
B8: PRE | C8: COMAHT00 | D8: Fuel Tech Base-year - Ambient Heat (COM) | E8: PJ | F8: PJa | J8: =C8 -> COMAHT00 | K8: =L4 -> RENAHT | L8: COMAHT | N8: 1
B9: PRE | C9: COMGHT00 | D9: Fuel Tech Base-year - Ground Heat (COM) | E9: PJ | F9: PJa | J9: =C9 -> COMGHT00 | K9: =L5 -> RENGHT | L9: COMGHT | N9: 1

Sheet Copied Pivots
A1: Primary Production | F1: Years Avg 2010-2014
B2: Average of PJ | C2: Column Labels
B3: Row Labels | C3: AL | D3: AT | E3: BE | F3: BG | G3: CY | H3: CZ | I3: DE | J3: DK | K3: EE | L3: EL | M3: ES | N3: FI | O3: FR | P3: HR | Q3: HU | R3: IE | S3: IS | T3: IT | U3: LT | V3: LU | W3: LV | X3: \I:MD | Y3: ME | Z3: MK | AA3: MT | AB3: NL | AC3: NO | AD3: PL | AE3: PT | AF3: RO | AG3: RS | AH3: SE | AI3: SI | AJ3: SK | AK3: UK | AL3: XK
B4: Primary production
B5: 0-All products | C5: 72.168709 | D5: 501.60292 | E5: 602.98126 | F5: 470.78891 | G5: 4.3391995 | H5: 1294.0662 | I5: 5153.5405 | J5: 786.09096 | K5: 222.27972 | L5: 398.77344 | M5: 1414.6871 | N5: 733.50643 | O5: 5626.2302 | P5: 190.56555 | Q5: 436.54173 | R5: 75.62868 | S5: 214.00242 | T5: 1454.7187 | U5: 57.111301 | V5: 5.3691523 | W5: 91.381934 | X5: 11.313571 | Y5: 31.646346 | Z5: 62.794464 | AA5: 0.3475044 | AB5: 2733.1062 | AC5: 8380.0301 | AD5: 2870.7179 | AE5: 232.81204 | AF5: 1136.2749 | AG5: 444.98148 | AH5: 1424.5629 | AI5: 154.8086 | AJ5: 260.36537 | AK5: 5119.7848 | AL5: 73.705265
B6: 2000-Solid fuels | C6: 0.0575685 | D6: 0.0083736 | F6: 222.99315 | H6: 806.2705 | I6: 1920.7925 | K6: 176.20901 | L6: 301.26119 | M6: 98.781684 | N6: 65.245416 | Q6: 67.364775 | R6: 36.173115 | T6: 2.2968785 | U6: 0.74608776 | W6: 0.07033824 | Y6: 16.659277 | Z6: 49.302919 | AC6: 45.410033 | AD6: 2330.8418 | AF6: 234.6065 | AG6: 299.07066 | AH6: 7.6978505 | AI6: 45.072577 | AJ6: 24.668626 | AK6: 373.10082 | AL6: 63.028925
B7: 3000-Total petroleum products | C7: 42.225553 | D7: 38.869414 | F7: 1.0065067 | H7: 12.017791 | I7: 156.75798 | J7: 415.56251 | L7: 3.7530475 | M7: 8.6976583 | N7: 2.8227406 | O7: 46.322755 | P7: 27.714941 | Q7: 37.347931 | T7: 242.42661 | U7: 4.2445778 | X7: 0.40025808 | AB7: 70.178304 | AC7: 3813.9161 | AD7: 32.948441 | AF7: 180.26602 | AG7: 46.828521 | AJ7: 0.59536296 | AK7: 2055.4726
B8: 4000-Gas | C8: 0.63806832 | D8: 54.667048 | F8: 9.3072564 | H8: 8.5645181 | I8: 404.20372 | J8: 224.66201 | L8: 0.26879256 | M8: 1.77939 | O8: 15.949196 | P8: 73.750482 | Q8: 76.198923 | R8: 7.0999754 | T8: 276.67882 | X8: 0.0041868 | AB8: 2432.7259 | AC8: 3988.3834 | AD8: 159.09003 | AF8: 362.85907 | AG8: 16.784044 | AI8: 0.12225456 | AJ8: 4.2412284 | AK8: 1616.6859
B9: 5100-Nuclear heat | E9: 459.69054 | F9: 167.96688 | H9: 319.95358 | I9: 1171.5973 | M9: 637.65131 | N9: 250.90571 | O9: 4657.9733 | Q9: 169.53693 | AB9: 41.054923 | AF9: 125.56129 | AH9: 677.53561 | AI9: 62.791952 | AJ9: 167.82285 | AK9: 725.49959
B10: 5500-Renewable energies | C10: 29.260708 | D10: 378.54115 | E10: 113.2722 | F10: 69.065453 | G10: 4.2211318 | H10: 137.96176 | I10: 1330.9954 | J10: 128.78764 | K10: 44.618728 | L10: 92.511533 | M10: 659.83131 | N10: 406.84057 | O10: 855.2234 | P10: 88.774395 | Q10: 82.38785 | R10: 30.78554 | S10: 213.99907 | T10: 886.38994 | U10: 51.84347 | V10: 4.0268642 | W10: 91.064575 | X10: 10.910801 | Y10: 14.987907 | Z10: 13.490707 | AA10: 0.3475044 | AB10: 160.07057 | AC10: 524.51644 | AD10: 329.21981 | AE10: 226.60636 | AF10: 231.35001 | AG10: 82.13748 | AH10: 716.20824 | AI10: 45.463624 | AJ10: 59.717166 | AK10: 321.97413 | AL10: 10.677177
B11: 7200-Waste (non-renewable) | D11: 29.517777 | E11: 30.018519 | F11: 0.44882496 | G11: 0.195384 | H11: 9.2997202 | I11: 169.19277 | J11: 17.077957 | K11: 3.632049 | L11: 0.97803648 | M11: 7.9448717 | N11: 7.6936637 | O11: 50.760763 | P11: 0.32573304 | Q11: 3.7061554 | R11: 1.5692126 | S11: 0.0167472 | T11: 46.928166 | U11: 0.690822 | V11: 1.3422881 | W11: 0.2470212 | AB11: 29.073977 | AC11: 7.8058699 | AD11: 18.617025 | AE11: 6.205675 | AF11: 1.632852 | AG11: 0.15993576 | AH11: 23.121184 | AI11: 1.3590353 | AJ11: 3.316783 | AK11: 27.050077
B12: Oil&Gas | C12: =C8+C7 -> 42.863621 | D12: =D8+D7 -> 93.536461 | E12: =E8+E7 -> 0 | F12: =F8+F7 -> 10.313763 | G12: =G8+G7 -> 0 | H12: =H8+H7 -> 20.582309 | I12: =I8+I7 -> 560.9617 | J12: =J8+J7 -> 640.22452 | ... AL12: =AL8+AL7 -> 0
B14: Average of PJ | C14: Column Labels
B15: Row Labels | C15: AL | D15: AT | E15: BE | F15: BG | G15: CY | H15: CZ | I15: DE | J15: DK | K15: EE | L15: EL | M15: ES | N15: FR | O15: HR | P15: HU | Q15: IT | R15: LT | S15: MK | T15: NL | U15: NO | V15: PL | W15: PT | X15: RO | Y15: RS | Z15: SI | AA15: SK | AB15: UK
B16: Consumption in Coal Mines
B17: 0-All products | F17: 2.3253487 | H17: 20.90218 | I17: 7.0421976 | K17: 1.8153965 | L17: 3.2631919 | M17: 1.2041237 | N17: 0.20766528 | P17: 1.3674089 | Q17: 0.17417088 | S17: 0.4772952 | U17: 0.3098232 | V17: 30.235395 | W17: 0.00921096 | X17: 3.6910829 | Y17: 1.4134637 | Z17: 0.29893752 | AA17: 0.48650616 | AB17: 3.9916951
A18: SUPCOA | B18: 2000-Solid fuels | F18: 0.05359104 | H18: 10.978627 | I18: 0.19091808 | K18: 0.2009664 | P18: 0.06615144 | V18: 1.4302109 | X18: 0.0450081 | AA18: 0.01758456 | AB18: 0.08624808
B19: 2117-Other Bituminous Coal | I19: 0.0397746 | P19: 0.0669888 | V19: 1.1823523 | AB19: 0.08624808
B20: 2118-Sub-bituminous Coal | P20: 0.0648954
B21: 2121-Coke Oven Coke | I21: 0.1130436
B22: 2210-Lignite/Brown Coal | F22: 0.0251208 | H22: 10.978627 | V22: 0.24785856 | X22: 0.0450081 | AA22: 0.01758456
B23: 2230-BKB (brown coal briquettes) | F23: 0.0334944 | I23: 0.15239952
B24: 2310-Peat | K24: 0.2533014
B25: 2410-Oil shale and oil sands | K25: 0.09964584
A26: SUPRPP | B26: 3000-Total petroleum products | H26: 0.62718264 | I26: 0.21436416 | K26: 0.74692512 | M26: 0.7933986 | S26: 0.07703712 | U26: 0.2260872 | V26: 0.97803648 | X26: 0.16998408 | AA26: 0.041868
B27: 3260-Gas/diesel oil (without bio components) | H27: 0.62718264 | I27: 0.19845432 | K27: 0.6531408 | M27: 0.7933986 | S27: 0.07703712 | U27: 0.2260872 | V27: 0.95375304 | X27: 0.16998408 | AA27: 0.041868
B28: 3270A-Total fuel oil | I28: 0.041868 | K28: 0.09713376
B29: 3295-Other Oil Products | V29: 0.0303543
A30: SUPGAS | B30: 4000-Gas | H30: 0.43040304 | I30: 0.1716588 | M30: 0.0774558 | V30: 0.6866352 | X30: 0.04270536 | AA30: 0.0041868 | AB30: 0.64979136
B31: 4100-Natural gas | I31: 0.1716588 | M31: 0.0774558 | V31: 0.55433232 | X31: 0.04270536 | AA31: 0.0041868 | AB31: 0.64979136
B32: 4210-Coke Oven Gas | V32: 0.13146552
B33: 4230-Gas Works Gas | H33: 0.1214172
B34: 4240-Other recovered gases | H34: 1.5449292
A35: SUPHTH | B35: 5200-Derived heat | F35: 0.07787448 | H35: 4.0377499 | I35: 0.28553976 | K35: 0.0491949 | Q35: 0.0516372 | V35: 4.7578795 | X35: 0.062802 | Z35: 0.0669888 | AA35: 0.09797112
B36: 5500-Renewable energies | I36: 0.4207734 | V36: 0.0460548
B37: 5541-Solid biofuels (excluding charcoal) | I37: 0.4207734 | V37: 0.0460548
A38: SUPELC | B38: 6000-Electrical energy | F38: 2.1947206 | H38: 4.8282178 | I38: 6.1495718 | K38: 0.82731168 | L38: 3.2631919 | M38: 0.82563696 | N38: 0.20766528 | P38: 1.3012574 | Q38: 0.14318856 | S38: 0.39858336 | U38: 0.12895344 | V38: 22.335741 | W38: 0.00921096 | X38: 3.3762355 | Y38: 1.4134637 | Z38: 0.23194872 | AA38: 0.3223836 | AB38: 3.2548183
B39: Consumption in Oil and gas extraction
B40: 0-All products | C40: 1.4268614 | D40: 7.3813284 | E40: 0.0062802 | F40: 0.04856688 | G40: 0.0879228 | H40: 0.19761696 | I40: 10.201557 | J40: 24.496967 | K40: 0.38267352 | L40: 0.90518616 | M40: 0.3935592 | N40: 2.5438997 | O40: 4.8826462 | P40: 2.2926917 | Q40: 32.111081 | R40: 0.11053152 | T40: 34.868508 | U40: 183.48316 | V40: 9.1548569 | W40: 0.12225456 | X40: 20.638412 | Y40: 2.0071519 | Z40: 0.12225456 | AA40: 0.61294752 | AB40: 190.27499
A41: SUPRPP | B41: 3000-Total petroleum products | C41: 0.38853504 | G41: 0.0879228 | I41: 0.041868 | M41: 0.083736 | P41: 0.53507304 | R41: 0.041868 | T41: 0.15407424 | U41: 9.8523778 | V41: 0.30228696 | W41: 0.2763288 | X41: 2.9115007 | AA41: 0.041868 | AB41: 25.095679
B42: 3105-Crude oil (without NGL) | X42: 0.0460548
B43: 3214-Refinery gas | X43: 1.4050901
B44: 3220-Liquified petroleum gas (LPG) | C44: 0.1423512 | P44: 0.53507304 | W44: 0.2763288
B45: 3244-Other kerosene | G45: 0.0879228 | X45: 0.0648954
B46: 3260-Gas/diesel oil (without bio components) | I46: 0.041868 | M46: 0.083736 | R46: 0.041868 | T46: 0.15407424 | U46: 9.8523778 | V46: 0.30228696 | X46: 0.91021032 | AA46: 0.041868 | AB46: 25.095679
B47: 3270A-Total fuel oil | X47: 0.7002423
B48: 3295-Other Oil Products | C48: 0.5526576
A49: SUPGAS | B49: 4000-Gas | C49: 0.38853504 | D49: 6.605933 | F49: 0.03181968 | H49: 0.14821272 | I49: 7.9448717 | J49: 24.496967 | K49: 0.38267352 | L49: 0.73603944 | M49: 0.1737522 | N49: 0.83568528 | O49: 4.4949485 | P49: 2.1394548 | Q49: 29.737166 | R49: 0.0041868 | T49: 27.143024 | U49: 151.98838 | V49: 8.3928593 | W49: 0.0083736 | X49: 13.519177 | Y49: 1.9485367 | Z49: 0.12225456 | AA49: 0.56773008 | AB49: 163.16546
B50: 4100-Natural gas | C50: 0.38853504 | D50: 6.605933 | F50: 0.03181968 | H50: 0.14821272 | I50: 7.9448717 | J50: 24.496967 | K50: 0.38267352 | L50: 0.73603944 | M50: 0.1737522 | N50: 0.83568528 | O50: 4.4949485 | P50: 2.1394548 | Q50: 29.737166 | R50: 0.0041868 | T50: 27.143024 | U50: 151.98838 | V50: 8.3928593 | W50: 0.0083736 | X50: 13.519177 | Y50: 1.9485367 | Z50: 0.12225456 | AA50: 0.56773008 | AB50: 163.16546
A51: SUPHTH | B51: 5200-Derived heat | H51: 0.1088568 | I51: 0.0251208 | P51: 0.0041868 | Q51: 1.100291 | T51: 0.0083736 | V51: 0.03851856 | X51: 0.027912
A52: SUPELC | B52: 6000-Electrical energy | C52: 0.8143326 | D52: 0.77539536 | E52: 0.0062802 | F52: 0.01423512 | H52: 0.02679552 | I52: 2.2223534 | L52: 0.16914672 | M52: 0.22106304 | N52: 1.7065397 | O52: 0.38686032 | P52: 0.90183672 | Q52: 1.2736246 | R52: 0.07285032 | T52: 7.5697344 | U52: 21.642407 | V52: 0.42035472 | W52: 0.0125604 | X52: 4.1909868 | Y52: 0.2972628 | AA52: 0.03684384 | AB52: 2.0146882
A54: Coke Ovens
B55: Average of PJ | C55: Column Labels
B56: Row Labels | C56: AT | D56: BE | E56: CZ | F56: DE | G56: EE | H56: ES | I56: FI | J56: FR | K56: HU | L56: IT | M56: NL | N56: PL | O56: RO | P56: SE | Q56: SK | R56: UK
B57: Consumption in Coke Ovens
B58: 0-All products | C58: 6.3739843 | D58: 5.8129531 | E58: 10.318787 | F58: 25.010268 | H58: 14.693156 | I58: 2.8210658 | J58: 13.84491 | K58: 3.3142709 | L58: 2.4995196 | M58: 7.817593 | N58: 45.624397 | O58: 0.0125604 | P58: 4.3115666 | Q58: 7.9867397 | R58: 16.10327
B59: 2000-Solid fuels | H59: 6.8345323 | L59: 1.3381013 | N59: 1.5256699
B60: 3000-Total petroleum products | D60: 0.041868
B61: 4000-Gas | C61: 6.2676396 | D61: 5.6856744 | E61: 8.0336318 | F61: 23.907465 | H61: 7.7732129 | I61: 2.8210658 | J61: 13.839049 | K61: 3.1015814 | L61: 0.57442896 | M61: 7.5127939 | N61: 40.666388 | O61: 0.0125604 | P61: 4.2629998 | Q61: 6.6235176 | R61: 16.10327
B62: 5200-Derived heat | E62: 1.8405173 | L62: 0.1381644 | N62: 0.64141776 | Q62: 1.1362975
B63: 6000-Electrical energy | C63: 0.10634472 | D63: 0.1067634 | E63: 0.44715024 | F63: 1.1036405 | H63: 0.08541072 | J63: 0.00586152 | K63: 0.21101472 | L63: 0.44882496 | M63: 0.30479904 | N63: 2.7909209 | P63: 0.04940424 | Q63: 0.2260872
B64: 7200-Waste (non-renewable) | N64: 0.0083736
B65: Transformation input in Coke Ovens
B66: 0-All products | C66: 52.37938 | D66: 69.487482 | E66: 99.202039 | F66: 347.47426 | G66: 0.93281904 | H66: 69.366902 | I66: 35.782068 | J66: 134.38372 | K66: 41.576599 | L66: 128.08259 | M66: 82.262246 | N66: 371.13051 | O66: 0.083736 | P66: 47.119085 | Q66: 60.316716 | R66: 157.50658
B67: 2000-Solid fuels | C67: 52.37938 | D67: 69.487482 | E67: 99.202039 | F67: 315.17309 | G67: 0.93281904 | H67: 69.366902 | I67: 35.782068 | J67: 134.38372 | K67: 41.576599 | L67: 128.08259 | M67: 82.262246 | N67: 371.13051 | O67: 0.083736 | P67: 46.62588 | Q67: 60.316716 | R67: 157.13144
B68: 3000-Total petroleum products | F68: 32.301162 | P68: 0.8220084
B69: 4000-Gas | R69: 0.37513728
B70: Transformation output from Coke Ovens
B71: 0-All products | C71: 49.333064 | D71: 66.310538 | E71: 97.839654 | F71: 296.80309 | G71: 0.67240008 | H71: 68.001168 | I71: 33.089118 | J71: 115.36309 | K71: 38.392956 | L71: 117.84586 | M71: 76.350485 | N71: 352.46241 | O71: 0.0711756 | P71: 40.31386 | Q71: 59.209726 | R71: 143.46405
B72: 2000-Solid fuels | C72: 39.896855 | D72: 52.645661 | E72: 79.532453 | F72: 235.02769 | G72: 0.67240008 | H72: 54.348851 | I72: 25.33014 | J72: 94.341164 | K72: 30.359324 | L72: 99.276564 | M72: 60.110725 | N72: 283.18845 | O72: 0.0586152 | P72: 32.643642 | Q72: 47.428908 | R72: 115.68045
B73: 4000-Gas | C73: 9.4353725 | D73: 13.66404 | E73: 18.305527 | F73: 61.773722 | H73: 13.653155 | I73: 7.7614898 | J73: 21.021923 | K73: 8.0327945 | L73: 18.567621 | M73: 16.240597 | N73: 69.273955 | O73: 0.0125604 | P73: 7.671055 | Q73: 11.779143 | R73: 27.784442
B76: Average of PJ | C76: Column Labels
B77: Row Labels | C77: AT | D77: BE | E77: CZ | F77: DE | G77: EE | H77: ES | I77: FI | J77: FR | K77: HU | L77: IT | M77: NL | N77: PL | O77: RO | P77: SE | Q77: SK | R77: UK
B78: Transformation output from Coke Ovens
B79: 2010 | C79: 50.34627 | D79: 72.917309 | E79: 98.100911 | F79: 294.0264 | G79: 0.62802 | H79: 77.54791 | I79: 30.789727 | J79: 114.07355 | K79: 39.724358 | L79: 131.61624 | M79: 78.322468 | N79: 370.03776 | O79: 0.0711756 | P79: 41.780077 | Q79: 61.592015 | R79: 149.46039
B80: 2011 | C80: 49.060922 | D80: 72.481882 | E80: 99.97241 | F80: 287.61223 | G80: 0.6824484 | H80: 74.797182 | I80: 32.744963 | J80: 106.90575 | K80: 41.152057 | L80: 153.73511 | M80: 77.568844 | N80: 351.95497 | P80: 43.295699 | Q80: 60.369469 | R80: 150.23913
B81: 2012 | C81: 48.876703 | D81: 68.554663 | E81: 96.08706 | F81: 289.48791 | G81: 0.711756 | H81: 65.046125 | I81: 33.632564 | J81: 115.16631 | K81: 39.942072 | L81: 146.56312 | M81: 73.168517 | N81: 332.9469 | P81: 39.389414 | Q81: 58.401673 | R81: 139.0855
B82: 2013 | C82: 49.709876 | D82: 63.388152 | E82: 96.706706 | F82: 297.50563 | G82: 0.62802 | H82: 64.878653 | I82: 33.674432 | J82: 120.82686 | K82: 35.583613 | L82: 86.373684 | M82: 75.626168 | N82: 350.45609 | P82: 37.944968 | Q82: 57.417775 | R82: 141.76505
B83: 2014 | C83: 48.67155 | D83: 54.210686 | E83: 98.331185 | F83: 315.38327 | G83: 0.711756 | H83: 57.735972 | I83: 34.603902 | J83: 119.84296 | K83: 35.562679 | L83: 70.941139 | M83: 77.066428 | N83: 356.91633 | P83: 39.15914 | Q83: 58.267696 | R83: 136.7702
A86: Pipelines
B88: Average of PJ | C88: Column Labels
B89: Row Labels | C89: AL | D89: AT | E89: BE | F89: BG | G89: CY | H89: CZ | I89: DE | J89: DK | K89: EE | L89: EL | M89: ES | N89: FI | O89: FR | P89: HR | Q89: HU | R89: IE | S89: IS | T89: IT | U89: LT | V89: LU | W89: LV | X89: \I:MD | Y89: ME | Z89: MK | AA89: MT | AB89: NL | AC89: NO | AD89: PL | AE89: PT | AF89: RO | AG89: RS | AH89: SE | AI89: SI | AJ89: SK | AK89: UK | AL89: XK
B90: 3000-Total petroleum products
B91: Primary production | C91: 42.225553 | D91: 38.869414 | F91: 1.0065067 | H91: 12.017791 | I91: 156.75798 | J91: 415.56251 | L91: 3.7530475 | M91: 8.6976583 | N91: 2.8227406 | O91: 46.322755 | P91: 27.714941 | Q91: 37.347931 | T91: 242.42661 | U91: 4.2445778 | X91: 0.40025808 | AB91: 70.178304 | AC91: 3813.9161 | AD91: 32.948441 | AF91: 180.26602 | AG91: 46.828521 | AJ91: 0.59536296 | AK91: 2055.4726
B92: Imports | C92: 52.640636 | D92: 564.57742 | E92: 2337.9887 | F92: 325.18959 | G92: 106.5683 | H92: 434.5195 | I92: 5283.3455 | J92: 444.77632 | K92: 68.119236 | L92: 1148.0842 | M92: 3308.4261 | N92: 720.83633 | O92: 4268.2014 | P92: 180.36148 | Q92: 313.79145 | R92: 353.26795 | S92: 35.288025 | T92: 3573.3559 | U92: 428.05592 | V92: 118.32902 | W92: 91.608021 | X92: 33.34535 | Y92: 12.634925 | Z92: 48.80469 | AA92: 95.397075 | AB92: 6000.8081 | AC92: 245.68896 | AD92: 1200.235 | AE92: 635.9297 | AF92: 351.11175 | AG92: 118.32985 | AH92: 1117.1781 | AI92: 143.71358 | AJ92: 285.93164 | AK92: 3580.2348 | AL92: 23.215806
B93: 4000-Gas
B94: Primary production | C94: 0.63806832 | D94: 54.667048 | F94: 9.3072564 | H94: 8.5645181 | I94: 404.20372 | J94: 224.66201 | L94: 0.26879256 | M94: 1.77939 | O94: 15.949196 | P94: 73.750482 | Q94: 76.198923 | R94: 7.0999754 | T94: 276.67882 | X94: 0.0041868 | AB94: 2432.7259 | AC94: 3988.3834 | AD94: 159.09003 | AF94: 362.85907 | AG94: 16.784044 | AI94: 0.12225456 | AJ94: 4.2412284 | AK94: 1616.6859
B95: Imports | D95: 415.7191 | E95: 681.28447 | F95: 91.170082 | H95: 281.74736 | I95: 3226.4209 | J95: 29.075651 | K95: 21.785595 | L95: 138.82926 | M95: 1305.1939 | N95: 130.39705 | O95: 1748.2293 | P95: 38.940589 | Q95: 296.93121 | R95: 163.90317 | T95: 2271.1707 | U95: 101.94439 | V95: 41.977694 | W95: 49.099441 | X95: 77.982499 | Z95: 4.698427 | AB95: 785.91093 | AD95: 406.93268 | AE95: 169.54865 | AF95: 68.725485 | AG95: 58.589242 | AH95: 45.053317 | AI95: 30.260516 | AJ95: 185.37811 | AK95: 1768.6693
B96: Oil&Gas | C96: =SUM(C91:C95) -> 95.504257 | D96: =SUM(D91:D95) -> 1073.833 | E96: =SUM(E91:E95) -> 3019.2731 | F96: =SUM(F91:F95) -> 426.67344 | G96: =SUM(G91:G95) -> 106.5683 | H96: =SUM(H91:H95) -> 736.84917 | I96: =SUM(I91:I95) -> 9070.7282 | J96: =SUM(J91:J95) -> 1114.0765 | ... AL96: =SUM(AL91:AL95) -> 23.215806
B98: Average of PJ | C98: Column Labels
B99: Row Labels | C99: AT | D99: BE | E99: BG | F99: CZ | G99: DE | H99: EL | I99: FI | J99: FR | K99: HR | L99: HU | M99: IT | N99: LT | O99: LV | P99: \I:MD | Q99: PL | R99: PT | S99: RO | T99: RS | U99: SK
B100: Consumption in Pipeline transport
B101: 0000-All products | C101: 8.5544698 | D101: 1.9200665 | E101: 7.6208134 | F101: 2.230727 | G101: 12.81412 | H101: 0.0125604 | I101: 0.30647376 | J101: 0.04772952 | K101: 0.08038656 | L101: 1.728311 | M101: 7.3662559 | N101: 1.0827065 | O101: 0.07285032 | P101: 0.14151384 | Q101: 13.15995 | R101: 0.0387279 | S101: 0.38769768 | T101: 0.0669888 | U101: 10.832926
A102: SUPRPP | B102: 3000-Total petroleum products | Q102: 0.041868
A103: SUPGAS | B103: 4000-Gas | C103: 8.0051616 | D103: 2.124801 | E103: 7.5161434 | F103: 2.0314354 | G103: 12.81412 | H103: 0.0125604 | I103: 0.30647376 | J103: 0.04772952 | L103: 1.7124012 | M103: 7.201296 | N103: 1.0006452 | P103: 0.1660764 | Q103: 11.987646 | S103: 0.29642544 | T103: 0.0669888 | U103: 10.800269
A104: SUPELC | B104: 6000-Electrical energy | C104: 0.55014552 | D104: 0.22022568 | E104: 0.10467 | F104: 0.19929168 | K104: 0.08038656 | L104: 0.0397746 | M104: 1.6060565 | N104: 0.083736 | O104: 0.07285032 | P104: 0.04103064 | Q104: 1.1295986 | R104: 0.0387279 | S104: 0.09043488 | U104: 0.167472

Sheet Pivot
A2: Scenario | B2: nrg_100a
A3: Year | B3: (Multiple Items)
A5: Average of PJ | B5: Column Labels
A6: Row Labels | B6: AL | C6: AT | D6: BE | E6: BG | F6: CY | G6: CZ | H6: DE | I6: DK | J6: EE | K6: EL | L6: ES | M6: FI | N6: FR | O6: HR | P6: HU | Q6: IE | R6: IS | S6: IT | T6: LT | U6: LU | V6: LV | W6: MD | X6: ME | Y6: MK | Z6: MT | AA6: NL | AB6: NO | AC6: PL | AD6: PT | AE6: RO | AF6: RS | AG6: SE | AH6: SI | AI6: SK | AJ6: UK | AK6: XK
A7: Consumption in BKB / PB Plants
A8: 0000-All products | E8: 6.3002966 | G8: 0.5819652 | H8: 32.132853 | J8: 0.04270536 | Q8: 0.87420384 | T8: 0.0334944 | AF8: 0.81475128
A9: 2000-Solid fuels | G9: 0.1381644 | H9: 10.27022 | J9: 0.020934 | Q9: 0.55433232 | T9: 0.0125604
A10: 5200-Derived heat | E10: 6.1746926 | G10: 0.4061196 | H10: 4.3978147 | T10: 0.0041868
A11: 5500-Renewable energies | H11: 0.0136071 | T11: 0.00502416
A12: 6000-Electrical energy | E12: 0.125604 | G12: 0.0376812 | H12: 17.452257 | J12: 0.03851856 | Q12: 0.31987152 | T12: 0.020934 | AF12: 0.81475128
A13: Consumption in Coal Mines
A14: 0000-All products | E14: 2.3253487 | G14: 20.90218 | H14: 7.0421976 | J14: 1.8153965 | K14: 3.2631919 | L14: 1.2041237 | N14: 0.20766528 | P14: 1.3674089 | S14: 0.17417088 | Y14: 0.4772952 | AB14: 0.3098232 | AC14: 30.235395 | AD14: 0.00921096 | AE14: 3.6910829 | AF14: 1.4134637 | AH14: 0.29893752 | AI14: 0.48650616 | AJ14: 3.9916951
A15: 2000-Solid fuels | E15: 0.05359104 | G15: 10.978627 | H15: 0.19091808 | J15: 0.2009664 | P15: 0.06615144 | AC15: 1.4302109 | AE15: 0.0450081 | AI15: 0.01758456 | AJ15: 0.08624808
A16: 3000-Total petroleum products | G16: 0.62718264 | H16: 0.21436416 | J16: 0.74692512 | L16: 0.7933986 | Y16: 0.07703712 | AB16: 0.2260872 | AC16: 0.97803648 | AE16: 0.16998408 | AI16: 0.041868
A17: 4000-Gas | G17: 0.43040304 | H17: 0.1716588 | L17: 0.0774558 | AC17: 0.6866352 | AE17: 0.04270536 | AI17: 0.0041868 | AJ17: 0.64979136
A18: 5200-Derived heat | E18: 0.07787448 | G18: 4.0377499 | H18: 0.28553976 | J18: 0.0491949 | S18: 0.0516372 | AC18: 4.7578795 | AE18: 0.062802 | AH18: 0.0669888 | AI18: 0.09797112
A19: 5500-Renewable energies | H19: 0.4207734 | AC19: 0.0460548
A20: 6000-Electrical energy | E20: 2.1947206 | G20: 4.8282178 | H20: 6.1495718 | J20: 0.82731168 | K20: 3.2631919 | L20: 0.82563696 | N20: 0.20766528 | P20: 1.3012574 | S20: 0.14318856 | Y20: 0.39858336 | AB20: 0.12895344 | AC20: 22.335741 | AD20: 0.00921096 | AE20: 3.3762355 | AF20: 1.4134637 | AH20: 0.23194872 | AI20: 0.3223836 | AJ20: 3.2548183
A21: Consumption in Coke Ovens
A22: 0000-All products | C22: 6.3739843 | D22: 5.8129531 | G22: 10.318787 | H22: 25.010268 | L22: 14.693156 | M22: 2.8210658 | N22: 13.84491 | P22: 3.3142709 | S22: 2.4995196 | AA22: 7.817593 | AC22: 45.624397 | AE22: 0.0125604 | AG22: 4.3115666 | AI22: 7.9867397 | AJ22: 16.10327
A23: 2000-Solid fuels | L23: 6.8345323 | S23: 1.3381013 | AC23: 1.5256699
A24: 3000-Total petroleum products | D24: 0.041868
A25: 4000-Gas | C25: 6.2676396 | D25: 5.6856744 | G25: 8.0336318 | H25: 23.907465 | L25: 7.7732129 | M25: 2.8210658 | N25: 13.839049 | P25: 3.1015814 | S25: 0.57442896 | AA25: 7.5127939 | AC25: 40.666388 | AE25: 0.0125604 | AG25: 4.2629998 | AI25: 6.6235176 | AJ25: 16.10327
A26: 5200-Derived heat | G26: 1.8405173 | S26: 0.1381644 | AC26: 0.64141776 | AI26: 1.1362975
A27: 6000-Electrical energy | C27: 0.10634472 | D27: 0.1067634 | G27: 0.44715024 | H27: 1.1036405 | L27: 0.08541072 | N27: 0.00586152 | P27: 0.21101472 | S27: 0.44882496 | AA27: 0.30479904 | AC27: 2.7909209 | AG27: 0.04940424 | AI27: 0.2260872
A28: 7200-Waste (non-renewable) | AC28: 0.0083736
A29: Consumption in Gas Works
A30: 0000-All products | G30: 5.3741765 | L30: 0.3391308 | AC30: 0.27046728 | AG30: 0.272142
A31: 2000-Solid fuels | G31: 2.3079735
A32: 4000-Gas | AC32: 0.010467 | AG32: 0.251208
A33: 5200-Derived heat | G33: 3.3661872 | AC33: 0.02344608
A34: 6000-Electrical energy | G34: 0.16077312 | L34: 0.3391308 | AC34: 0.23948496 | AG34: 0.020934
A35: Consumption in Oil and gas extraction
A36: 0000-All products | B36: 1.4268614 | C36: 7.3813284 | D36: 0.0062802 | E36: 0.04856688 | F36: 0.0879228 | G36: 0.19761696 | H36: 10.201557 | I36: 24.496967 | J36: 0.38267352 | K36: 0.90518616 | L36: 0.3935592 | N36: 2.5438997 | O36: 4.8826462 | P36: 2.2926917 | S36: 32.111081 | T36: 0.11053152 | AA36: 34.868508 | AB36: 183.48316 | AC36: 9.1548569 | AD36: 0.12225456 | AE36: 20.638412 | AF36: 2.0071519 | AH36: 0.12225456 | AI36: 0.61294752 | AJ36: 190.27499
A37: 3000-Total petroleum products | B37: 0.38853504 | F37: 0.0879228 | H37: 0.041868 | L37: 0.083736 | P37: 0.53507304 | T37: 0.041868 | AA37: 0.15407424 | AB37: 9.8523778 | AC37: 0.30228696 | AD37: 0.2763288 | AE37: 2.9115007 | AI37: 0.041868 | AJ37: 25.095679
A38: 4000-Gas | B38: 0.38853504 | C38: 6.605933 | E38: 0.03181968 | G38: 0.14821272 | H38: 7.9448717 | I38: 24.496967 | J38: 0.38267352 | K38: 0.73603944 | L38: 0.1737522 | N38: 0.83568528 | O38: 4.4949485 | P38: 2.1394548 | S38: 29.737166 | T38: 0.0041868 | AA38: 27.143024 | AB38: 151.98838 | AC38: 8.3928593 | AD38: 0.0083736 | AE38: 13.519177 | AF38: 1.9485367 | AH38: 0.12225456 | AI38: 0.56773008 | AJ38: 163.16546
A39: 5200-Derived heat | G39: 0.1088568 | H39: 0.0251208 | P39: 0.0041868 | S39: 1.100291 | AA39: 0.0083736 | AC39: 0.03851856 | AE39: 0.027912
A40: 6000-Electrical energy | B40: 0.8143326 | C40: 0.77539536 | D40: 0.0062802 | E40: 0.01423512 | G40: 0.02679552 | H40: 2.2223534 | K40: 0.16914672 | L40: 0.22106304 | N40: 1.7065397 | O40: 0.38686032 | P40: 0.90183672 | S40: 1.2736246 | T40: 0.07285032 | AA40: 7.5697344 | AB40: 21.642407 | AC40: 0.42035472 | AD40: 0.0125604 | AE40: 4.1909868 | AF40: 0.2972628 | AI40: 0.03684384 | AJ40: 2.0146882
A41: Consumption in Patent Fuel Plants
A42: 0000-All products | P42: 0.0188406 | AC42: 0.020934
A43: 2000-Solid fuels | P43: 0.0293076
A44: 5200-Derived heat | AC44: 0.020934
A45: 6000-Electrical energy | P45: 0.0041868
A46: Consumption in Pipeline transport
A47: 0000-All products | C47: 8.5544698 | D47: 1.9200665 | E47: 7.6208134 | G47: 2.230727 | H47: 12.81412 | K47: 0.0125604 | M47: 0.30647376 | N47: 0.04772952 | O47: 0.08038656 | P47: 1.728311 | S47: 7.3662559 | T47: 1.0827065 | V47: 0.07285032 | W47: 0.14151384 | AC47: 13.15995 | AD47: 0.0387279 | AE47: 0.38769768 | AF47: 0.0669888 | AI47: 10.832926
A48: 3000-Total petroleum products | AC48: 0.041868
A49: 4000-Gas | C49: 8.0051616 | D49: 2.124801 | E49: 7.5161434 | G49: 2.0314354 | H49: 12.81412 | K49: 0.0125604 | M49: 0.30647376 | N49: 0.04772952 | P49: 1.7124012 | S49: 7.201296 | T49: 1.0006452 | W49: 0.1660764 | AC49: 11.987646 | AE49: 0.29642544 | AF49: 0.0669888 | AI49: 10.800269
A50: 6000-Electrical energy | C50: 0.55014552 | D50: 0.22022568 | E50: 0.10467 | G50: 0.19929168 | O50: 0.08038656 | P50: 0.0397746 | S50: 1.6060565 | T50: 0.083736 | V50: 0.07285032 | W50: 0.04103064 | AC50: 1.1295986 | AD50: 0.0387279 | AE50: 0.09043488 | AI50: 0.167472
A51: Primary production
A52: 0000-All products | B52: 72.168709 | C52: 501.60292 | D52: 602.98126 | E52: 470.78891 | F52: 4.3391995 | G52: 1294.0662 | H52: 5153.5405 | I52: 786.09096 | J52: 222.27972 | K52: 398.77344 | L52: 1414.6871 | M52: 733.50643 | N52: 5626.2302 | O52: 190.56555 | P52: 436.54173 | Q52: 75.62868 | R52: 214.00242 | S52: 1454.7187 | T52: 57.111301 | U52: 5.3691523 | V52: 91.381934 | W52: 11.313571 | X52: 31.646346 | Y52: 62.794464 | Z52: 0.3475044 | AA52: 2733.1062 | AB52: 8380.0301 | AC52: 2870.7179 | AD52: 232.81204 | AE52: 1136.2749 | AF52: 444.98148 | AG52: 1424.5629 | AH52: 154.8086 | AI52: 260.36537 | AJ52: 5119.7848 | AK52: 73.705265
A53: 2000-Solid fuels | B53: 0.0575685 | C53: 0.0083736 | E53: 222.99315 | G53: 806.2705 | H53: 1920.7925 | J53: 176.20901 | K53: 301.26119 | L53: 98.781684 | M53: 65.245416 | P53: 67.364775 | Q53: 36.173115 | S53: 2.2968785 | T53: 0.74608776 | V53: 0.07033824 | X53: 16.659277 | Y53: 49.302919 | AB53: 45.410033 | AC53: 2330.8418 | AE53: 234.6065 | AF53: 299.07066 | AG53: 7.6978505 | AH53: 45.072577 | AI53: 24.668626 | AJ53: 373.10082 | AK53: 63.028925
A54: 3000-Total petroleum products | B54: 42.225553 | C54: 38.869414 | E54: 1.0065067 | G54: 12.017791 | H54: 156.75798 | I54: 415.56251 | K54: 3.7530475 | L54: 8.6976583 | M54: 2.8227406 | N54: 46.322755 | O54: 27.714941 | P54: 37.347931 | S54: 242.42661 | T54: 4.2445778 | W54: 0.40025808 | AA54: 70.178304 | AB54: 3813.9161 | AC54: 32.948441 | AE54: 180.26602 | AF54: 46.828521 | AI54: 0.59536296 | AJ54: 2055.4726
A55: 4000-Gas | B55: 0.63806832 | C55: 54.667048 | E55: 9.3072564 | G55: 8.5645181 | H55: 404.20372 | I55: 224.66201 | K55: 0.26879256 | L55: 1.77939 | N55: 15.949196 | O55: 73.750482 | P55: 76.198923 | Q55: 7.0999754 | S55: 276.67882 | W55: 0.0041868 | AA55: 2432.7259 | AB55: 3988.3834 | AC55: 159.09003 | AE55: 362.85907 | AF55: 16.784044 | AH55: 0.12225456 | AI55: 4.2412284 | AJ55: 1616.6859
A56: 5100-Nuclear heat | D56: 459.69054 | E56: 167.96688 | G56: 319.95358 | H56: 1171.5973 | L56: 637.65131 | M56: 250.90571 | N56: 4657.9733 | P56: 169.53693 | AA56: 41.054923 | AE56: 125.56129 | AG56: 677.53561 | AH56: 62.791952 | AI56: 167.82285 | AJ56: 725.49959
A57: 5500-Renewable energies | B57: 29.260708 | C57: 378.54115 | D57: 113.2722 | E57: 69.065453 | F57: 4.2211318 | G57: 137.96176 | H57: 1330.9954 | I57: 128.78764 | J57: 44.618728 | K57: 92.511533 | L57: 659.83131 | M57: 406.84057 | N57: 855.2234 | O57: 88.774395 | P57: 82.38785 | Q57: 30.78554 | R57: 213.99907 | S57: 886.38994 | T57: 51.84347 | U57: 4.0268642 | V57: 91.064575 | W57: 10.910801 | X57: 14.987907 | Y57: 13.490707 | Z57: 0.3475044 | AA57: 160.07057 | AB57: 524.51644 | AC57: 329.21981 | AD57: 226.60636 | AE57: 231.35001 | AF57: 82.13748 | AG57: 716.20824 | AH57: 45.463624 | AI57: 59.717166 | AJ57: 321.97413 | AK57: 10.677177
A58: 7200-Waste (non-renewable) | C58: 29.517777 | D58: 30.018519 | E58: 0.44882496 | F58: 0.195384 | G58: 9.2997202 | H58: 169.19277 | I58: 17.077957 | J58: 3.632049 | K58: 0.97803648 | L58: 7.9448717 | M58: 7.6936637 | N58: 50.760763 | O58: 0.32573304 | P58: 3.7061554 | Q58: 1.5692126 | R58: 0.0167472 | S58: 46.928166 | T58: 0.690822 | U58: 1.3422881 | V58: 0.2470212 | AA58: 29.073977 | AB58: 7.8058699 | AC58: 18.617025 | AD58: 6.205675 | AE58: 1.632852 | AF58: 0.15993576 | AG58: 23.121184 | AH58: 1.3590353 | AI58: 3.316783 | AJ58: 27.050077
A59: Transformation input in BKB / PB Plants
A60: 0000-All products | E60: 38.890348 | G60: 3.6383292 | H60: 142.95242 | J60: 1.0877306 | M60: 0.42537888 | Q60: 4.4622914 | T60: 0.1004832 | AF60: 16.692772
A61: 2000-Solid fuels | E61: 38.890348 | G61: 3.6383292 | H61: 142.95242 | J61: 1.0877306 | M61: 0.42537888 | Q61: 4.4622914 | T61: 0.1004832 | AF61: 16.692772
A62: Transformation input in Coke Ovens
A63: 0000-All products | C63: 52.37938 | D63: 69.487482 | G63: 99.202039 | H63: 347.47426 | J63: 0.93281904 | L63: 69.366902 | M63: 35.782068 | N63: 134.38372 | P63: 41.576599 | S63: 128.08259 | AA63: 82.262246 | AC63: 371.13051 | AE63: 0.083736 | AG63: 47.119085 | AI63: 60.316716 | AJ63: 157.50658
A64: 2000-Solid fuels | C64: 52.37938 | D64: 69.487482 | G64: 99.202039 | H64: 315.17309 | J64: 0.93281904 | L64: 69.366902 | M64: 35.782068 | N64: 134.38372 | P64: 41.576599 | S64: 128.08259 | AA64: 82.262246 | AC64: 371.13051 | AE64: 0.083736 | AG64: 46.62588 | AI64: 60.316716 | AJ64: 157.13144
A65: 3000-Total petroleum products | H65: 32.301162 | AG65: 0.8220084
A66: 4000-Gas | AJ66: 0.37513728
A67: Transformation input in Gas Works
A68: 0000-All products | G68: 19.399119 | I68: 0.607086 | J68: 10.835438 | L68: 1.8589392 | O68: 0.10467 | AC68: 0.10132056 | AG68: 0.3823944
A69: 2000-Solid fuels | G69: 19.399119 | J69: 10.835438
A70: 3000-Total petroleum products | L70: 1.8589392 | AC70: 0.10132056 | AG70: 0.5735916
A71: 4000-Gas | I71: 0.607086 | O71: 0.10467 | AG71: 0.1911972
A72: Transformation input in Patent Fuel Plants
A73: 0000-All products | E73: 0.5066028 | P73: 0.10467 | AC73: 0.0879228 | AJ73: 9.4747284
A74: 2000-Solid fuels | E74: 0.5066028 | P74: 0.10467 | AC74: 0.0879228 | AJ74: 6.1060291
A75: 3000-Total petroleum products | AJ75: 3.3695366
A76: Transformation output from BKB / PB Plants
A77: 0000-All products | E77: 24.699608 | G77: 2.9014524 | H77: 135.26797 | J77: 1.3154926 | M77: 0.50409072 | Q77: 4.2956568 | T77: 0.12392928 | AF77: 9.7242617
A78: 2000-Solid fuels | E78: 24.699608 | G78: 2.9014524 | H78: 135.26797 | J78: 1.3154926 | M78: 0.50409072 | Q78: 4.2956568 | T78: 0.12392928 | AF78: 9.7242617
A79: Transformation output from Coke Ovens
A80: 0000-All products | C80: 49.333064 | D80: 66.310538 | G80: 97.839654 | H80: 296.80309 | J80: 0.67240008 | L80: 68.001168 | M80: 33.089118 | N80: 115.36309 | P80: 38.392956 | S80: 117.84586 | AA80: 76.350485 | AC80: 352.46241 | AE80: 0.0711756 | AG80: 40.31386 | AI80: 59.209726 | AJ80: 143.46405
A81: 2000-Solid fuels | C81: 39.896855 | D81: 52.645661 | G81: 79.532453 | H81: 235.02769 | J81: 0.67240008 | L81: 54.348851 | M81: 25.33014 | N81: 94.341164 | P81: 30.359324 | S81: 99.276564 | AA81: 60.110725 | AC81: 283.18845 | AE81: 0.0586152 | AG81: 32.643642 | AI81: 47.428908 | AJ81: 115.68045
A82: 4000-Gas | C82: 9.4353725 | D82: 13.66404 | G82: 18.305527 | H82: 61.773722 | L82: 13.653155 | M82: 7.7614898 | N82: 21.021923 | P82: 8.0327945 | S82: 18.567621 | AA82: 16.240597 | AC82: 69.273955 | AE82: 0.0125604 | AG82: 7.671055 | AI82: 11.779143 | AJ82: 27.784442
A83: Transformation output from Gas Works
A84: 0000-All products | G84: 15.524654 | J84: 6.5079619 | O84: 0.10132056
A85: 4000-Gas | G85: 15.524654 | J85: 6.5079619 | O85: 0.10132056
A86: Transformation output from Patent Fuel Plants
A87: 0000-All products | E87: 0.5568444 | P87: 0.146538 | AC87: 0.0879228 | AJ87: 8.6432299
A88: 2000-Solid fuels | E88: 0.5568444 | P88: 0.146538 | AC88: 0.0879228 | AJ88: 8.6432299
A89: Imports
A90: 0000-All products | B90: 67.251731 | C90: 1239.5641 | D90: 3273.3499 | E90: 489.14552 | F90: 107.69036 | G90: 854.83738 | H90: 10173.257 | I90: 684.32241 | J90: 101.05177 | K90: 1330.5943 | L90: 5100.7039 | M90: 1082.1304 | N90: 6537.581 | O90: 291.72283 | P90: 721.43672 | Q90: 579.35599 | R90: 39.243714 | S90: 6721.5222 | T90: 575.79051 | U90: 190.15357 | V90: 164.83599 | W90: 119.81449 | X90: 16.918859 | Y90: 68.123423 | Z90: 95.512631 | AA90: 7747.3334 | AB90: 318.60962 | AC90: 1960.9003 | AD90: 936.26896 | AE90: 485.44606 | AF90: 221.39045 | AG90: 1306.084 | AH90: 214.35662 | AI90: 642.53647 | AJ90: 6506.355 | AK90: 31.797071
A91: 2000-Solid fuels | B91: 4.6908907 | C91: 134.1727 | D91: 169.44482 | E91: 61.379325 | F91: 0.11806776 | G91: 93.121968 | H91: 1454.9063 | I91: 117.26724 | J91: 1.9619345 | K91: 10.570833 | L91: 401.4195 | M91: 153.28628 | N91: 457.97563 | O91: 27.650465 | P91: 49.722437 | Q91: 53.751813 | R91: 3.8836757 | S91: 591.39387 | T91: 10.60014 | U91: 2.3203246 | V91: 3.7279267 | W91: 4.7536927 | X91: 0.0223296 | Y91: 5.3465436 | AA91: 832.27304 | AB91: 32.499616 | AC91: 302.62609 | AD91: 99.916307 | AE91: 48.616284 | AF91: 23.174775 | AG91: 88.175683 | AH91: 11.258305 | AI91: 129.12845 | AJ91: 1026.6025 | AK91: 1.1279239
A92: 3000-Total petroleum products | B92: 52.640636 | C92: 564.57742 | D92: 2337.9887 | E92: 325.18959 | F92: 106.5683 | G92: 434.5195 | H92: 5283.3455 | I92: 444.77632 | J92: 68.119236 | K92: 1148.0842 | L92: 3308.4261 | M92: 720.83633 | N92: 4268.2014 | O92: 180.36148 | P92: 313.79145 | Q92: 353.26795 | R92: 35.288025 | S92: 3573.3559 | T92: 428.05592 | U92: 118.32902 | V92: 91.608021 | W92: 33.34535 | X92: 12.634925 | Y92: 48.80469 | Z92: 95.397075 | AA92: 6000.8081 | AB92: 245.68896 | AC92: 1200.235 | AD92: 635.9297 | AE92: 351.11175 | AF92: 118.32985 | AG92: 1117.1781 | AH92: 143.71358 | AI92: 285.93164 | AJ92: 3580.2348 | AK92: 23.215806
A93: 4000-Gas | C93: 415.7191 | D93: 681.28447 | E93: 91.170082 | G93: 281.74736 | H93: 3226.4209 | I93: 29.075651 | J93: 21.785595 | K93: 138.82926 | L93: 1305.1939 | M93: 130.39705 | N93: 1748.2293 | O93: 38.940589 | P93: 296.93121 | Q93: 163.90317 | S93: 2271.1707 | T93: 101.94439 | U93: 41.977694 | V93: 49.099441 | W93: 77.982499 | Y93: 4.698427 | AA93: 785.91093 | AC93: 406.93268 | AD93: 169.54865 | AE93: 68.725485 | AF93: 58.589242 | AG93: 45.053317 | AH93: 30.260516 | AI93: 185.37811 | AJ93: 1768.6693
A94: 5200-Derived heat | G94: 0.0167472 | I94: 0.15658632 | AI94: 0.0753624
A95: 5500-Renewable energies | B95: 1.5030612 | C95: 38.836757 | D95: 25.975745 | E95: 2.3060894 | F95: 0.98222328 | G95: 8.6507662 | H95: 50.263371 | I95: 48.136477 | J95: 0.73269 | K95: 6.5414563 | L95: 54.615969 | M95: 11.604135 | N95: 19.435126 | O95: 0.32322096 | P95: 5.2619702 | Q95: 2.8512108 | R95: 0.0711756 | S95: 120.00206 | T95: 5.7317292 | U95: 2.3839639 | V95: 1.7308231 | W95: 0.0198873 | X95: 0.04270536 | Y95: 0.29140128 | Z95: 0.11555568 | AA95: 27.472944 | AB95: 6.8697014 | AC95: 19.281889 | AD95: 2.2893422 | AE95: 7.1778499 | AF95: 0.28302768 | AG95: 21.076351 | AH95: 1.8430294 | AI95: 1.8581018 | AJ95: 80.196479 | AK95: 0.07871184
A96: 6000-Electrical energy | B96: 9.617917 | C96: 86.259803 | D96: 58.655393 | E96: 9.0995911 | G96: 36.790249 | H96: 158.32133 | I96: 44.909292 | J96: 8.5980125 | K96: 26.568595 | L96: 31.047634 | M96: 66.008251 | N96: 43.738662 | O96: 44.447906 | P96: 55.617451 | Q96: 5.5818418 | S96: 165.59883 | T96: 29.458325 | U96: 25.142571 | V96: 16.748875 | W96: 3.7178784 | X96: 4.2278306 | Y96: 8.9823607 | AA96: 96.815563 | AB96: 33.553015 | AC96: 31.826379 | AD96: 27.841383 | AE96: 9.8121845 | AF96: 21.015224 | AG96: 47.247201 | AH96: 27.279514 | AI96: 40.115406 | AJ96: 50.652744 | AK96: 7.3754669
A97: 7200-Waste (non-renewable) | F97: 0.0334944 | P97: 0.1392111 | V97: 1.9209038 | AA97: 5.0649813 | AD97: 0.9305163 | AI97: 0.1392111

Sheet Eurostat Dump
A1: Sector | B1: product | C1: Fuel | D1: unit | E1: Country | F1: Year | G1: Scenario | H1: PJ
A2: Primary production | B2: 0 | C2: 0000-All products | D2: KTOE | E2: SI | F2: 2012 | G2: nrg_100a | H2: 149.85395 | BA2: SELECT t2.EleDesc as [Sector],[product],[product]+'-'+T3.EleDesc as [Fuel],[unit],[geo] as [Country],[time] as [Year],[Scenario],TRY_CONVERT(float,PV)*0.041868 as [PJ]
A3: Primary production | B3: 0 | C3: 0000-All products | D3: KTOE | E3: SK | F3: 2013 | G3: nrg_100a | H3: 268.3027 | BA3: FROM [LMA_PET].[dbo].[VD_Euro2016] T1
A4: Primary production | B4: 5520 | C4: 5520-Wind power | D4: KTOE | E4: TR | F4: 2010 | G4: nrg_110a | H4: 10.496308 | BA4: JOIN
A5: Primary production | B5: 5520 | C5: 5520-Wind power | D5: KTOE | E5: UA | F5: 2011 | G5: nrg_107a | H5: 0.3223836 | BA5: (Select * from [LMA_PET].[dbo].[VDE_Euro2016] where DimName='indic_nrg') T2
A6: Imports | B6: 0 | C6: 0000-All products | D6: KTOE | E6: AL | F6: 2009 | G6: nrg_100a | H6: 56.412943 | BA6: ON T1.indic_nrg=T2.EleName
A7: Imports | B7: 6000 | C7: 6000-Electrical energy | D7: KTOE | E7: NO | F7: 2009 | G7: nrg_100a | H7: 20.343661 | BA7: JOIN
A8: Transformation input in BKB / PB Plants | B8: 0 | C8: 0000-All products | D8: KTOE | E8: EE | F8: 2012 | G8: nrg_100a | H8: 0.8499204 | BA8: (Select * from [LMA_PET].[dbo].[VDE_Euro2016] where DimName='product') T3
A9: Primary production | B9: 0 | C9: 0000-All products | D9: KTOE | E9: NO | F9: 2013 | G9: nrg_100a | H9: 8119.9804 | BA9: ON T1.product=T3.EleName
A10: Imports | B10: 2112 | C10: 2112-Patent Fuels | D10: KTOE | E10: AT | F10: 2013 | G10: nrg_101a | H10: 0.3809988 | BA10: where [indic_nrg] in ('B_100100','B_101004','B_101104','B_101305','B_101312','B_101945','B_101010','B_101110','B_101011','B_101111','B_101310','B_101313','B_101007','B_101107','B_101314','B_101311','B_100300','B_101500','B_101400')
A11: Consumption in Oil and gas extraction | B11: 6000 | C11: 6000-Electrical energy | D11: KTOE | E11: TR | F11: 2012 | G11: nrg_105a | H11: 0.2009664 | BA11: --where [indic_nrg] in ('B_100300')
A12: Consumption in Oil and gas extraction | B12: 0 | C12: 0000-All products | D12: KTOE | E12: SK | F12: 2010 | G12: nrg_110a | H12: 0.7243164 | BA12: and time>2008 and TRY_CONVERT(float,PV)>0 and len(geo)=2 and unit='ktoe'
A13: Consumption in Oil and gas extraction | B13: 0 | C13: 0000-All products | D13: KTOE | E13: TR | F13: 2014 | G13: nrg_110a | H13: 0.2553948
A14: Consumption in Oil and gas extraction | B14: 0 | C14: 0000-All products | D14: KTOE | E14: SI | F14: 2012 | G14: nrg_110a | H14: 0.0711756
A15: Imports | B15: 0 | C15: 0000-All products | D15: KTOE | E15: NO | F15: 2014 | G15: nrg_110a | H15: 292.63639
A16: Transformation input in Coke Ovens | B16: 0 | C16: 0000-All products | D16: KTOE | E16: EE | F16: 2010 | G16: nrg_110a | H16: 0.900162
A17: Transformation input in BKB / PB Plants | B17: 0 | C17: 0000-All products | D17: KTOE | E17: RS | F17: 2012 | G17: nrg_110a | H17: 17.772966
A18: Transformation output from Gas Works | B18: 0 | C18: 0000-All products | D18: KTOE | E18: CZ | F18: 2010 | G18: nrg_110a | H18: 15.951708
A19: Imports | B19: 2112 | C19: 2112-Patent Fuels | D19: KTOE | E19: AT | F19: 2009 | G19: nrg_110a | H19: 0.5275368
A20: Imports | B20: 6000 | C20: 6000-Electrical energy | D20: KTOE | E20: SE | F20: 2011 | G20: nrg_100a | H20: 44.932738
A21: Consumption in Gas Works | B21: 6000 | C21: 6000-Electrical energy | D21: KTOE | E21: CZ | F21: 2009 | G21: nrg_100a | H21: 0.167472
A22: Consumption in Pipeline transport | B22: 6000 | C22: 6000-Electrical energy | D22: KTOE | E22: PL | F22: 2010 | G22: nrg_100a | H22: 1.2644136
A23: Consumption in Pipeline transport | B23: 6000 | C23: 6000-Electrical energy | D23: KTOE | E23: PT | F23: 2012 | G23: nrg_100a | H23: 0.0502416
A24: Consumption in Pipeline transport | B24: 6000 | C24: 6000-Electrical energy | D24: KTOE | E24: RO | F24: 2010 | G24: nrg_100a | H24: 0.1297908
... A257: Imports | B257: 3105 | C257: 3105-Crude oil (without NGL) | D257: KTOE | E257: AL | F257: 2011 | G257: nrg_102a | H257: 4.061196
A258: Imports | B258: 3270A | C258: 3270A-Total fuel oil | D258: KTOE | E258: NO | F258: 2012 | G258: nrg_102a | H258: 48.081211
A259: Imports | B259: 3270A | C259: 3270A-Total fuel oil | D259: KTOE | E259: AT | F259: 2011 | G259: nrg_102a | H259: 3.4415496
A260: Imports | B260: 3270A | C260: 3270A-Total fuel oil | D260: KTOE | E260: AL | F260: 2010 | G260: nrg_102a | H260: 0.2009664
A261: Transformation output from Gas Works | B261: 4000 | C261: 4000-Gas | D261: KTOE | E261: CZ | F261: 2014 | G261: nrg_103a | H261: 15.520468
A262: Consumption in Oil and gas extraction | B262: 4000 | C262: 4000-Gas | D262: KTOE | E262: SK | F262: 2014 | G262: nrg_103a | H262: 0.3475044
A263: Consumption in Oil and gas extraction | B263: 4100 | C263: 4100-Natural gas | D263: KTOE | E263: UA | F263: 2009 | G263: nrg_103a | H263: 23.839639
A264: Primary production | B264: 7200 | C264: 7200-Waste (non-renewable) | D264: KTOE | E264: PL | F264: 2013 | G264: nrg_108a | H264: 18.882468
A265: Imports | B265: 3105 | C265: 3105-Crude oil (without NGL) | D265: KTOE | E265: NO | F265: 2014 | G265: nrg_110a | H265: 51.970748
A266: Imports | B266: 3105 | C266: 3105-Crude oil (without NGL) | D266: KTOE | E266: PL | F266: 2012 | G266: nrg_110a | H266: 1005.1921
A267: Consumption in Oil and gas extraction | B267: 4000 | C267: 4000-Gas | D267: KTOE | E267: SI | F267: 2010 | G267: nrg_110a | H267: 0.251208
A268: Transformation output from Gas Works | B268: 4000 | C268: 4000-Gas | D268: KTOE | E268: EE | F268: 2012 | G268: nrg_110a | H268: 6.677946
A269: Imports | B269: 4100 | C269: 4100-Natural gas | D269: KTOE | E269: PL | F269: 2014 | G269: nrg_110a | H269: 406.50479
A270: Consumption in Oil and gas extraction | B270: 4000 | C270: 4000-Gas | D270: KTOE | E270: SI | F270: 2014 | G270: nrg_100a | H270: 0.1088568
A271: Consumption in Oil and gas extraction | B271: 4000 | C271: 4000-Gas | D271: KTOE | E271: UA | F271: 2010 | G271: nrg_100a | H271: 28.298581
A272: Imports | B272: 2210 | C272: 2210-Lignite/Brown Coal | D272: KTOE | E272: RS | F272: 2009 | G272: nrg_101a | H272: 4.81482
A273: Imports | B273: 3105 | C273: 3105-Crude oil (without NGL) | D273: KTOE | E273: RO | F273: 2013 | G273: nrg_102a | H273: 227.8331
A274: Imports | B274: 3270A | C274: 3270A-Total fuel oil | D274: KTOE | E274: RO | F274: 2012 | G274: nrg_102a | H274: 0.0795492
A275: Imports | B275: 3270A | C275: 3270A-Total fuel oil | D275: KTOE | E275: PL | F275: 2013 | G275: nrg_102a | H275: 2.4785856
A276: Imports | B276: 4100 | C276: 4100-Natural gas | D276: KTOE | E276: RS | F276: 2013 | G276: nrg_103a | H276: 62.923417
A277: Consumption in Pipeline transport | B277: 4100 | C277: 4100-Natural gas | D277: KTOE | E277: RS | F277: 2012 | G277: nrg_103a | H277: 0.0376812
A278: Consumption in Pipeline transport | B278: 4100 | C278: 4100-Natural gas | D278: KTOE | E278: TR | F278: 2011 | G278: nrg_103a | H278: 6.59421
A279: Imports | B279: 4000 | C279: 4000-Gas | D279: KTOE | E279: RO | F279: 2009 | G279: nrg_103a | H279: 66.909251
A280: Imports | B280: 7200 | C280: 7200-Waste (non-renewable) | D280: KTOE | E280: PT | F280: 2013 | G280: nrg_108a | H280: 1.088568
A281: Primary production | B281: 7200 | C281: 7200-Waste (non-renewable) | D281: KTOE | E281: PT | F281: 2011 | G281: nrg_108a | H281: 6.2508924
A282: Imports | B282: 2210 | C282: 2210-Lignite/Brown Coal | D282: KTOE | E282: RS | F282: 2013 | G282: nrg_110a | H282: 5.191632
A283: Imports | B283: 3270A | C283: 3270A-Total fuel oil | D283: KTOE | E283: PT | F283: 2014 | G283: nrg_110a | H283: 9.5584644
A284: Consumption in Coal Mines | B284: 3270A | C284: 3270A-Total fuel oil | D284: KTOE | E284: EE | F284: 2012 | G284: nrg_110a | H284: 0.1214172
A285: Primary production | B285: 4000 | C285: 4000-Gas | D285: KTOE | E285: PL | F285: 2012 | G285: nrg_110a | H285: 163.5699
A286: Imports | B286: 4000 | C286: 4000-Gas | D286: KTOE | E286: RS | F286: 2014 | G286: nrg_110a | H286: 46.494414
A287: Consumption in Coal Mines | B287: 4000 | C287: 4000-Gas | D287: KTOE | E287: ES | F287: 2012 | G287: nrg_110a | H287: 0.041868
A288: Consumption in Gas Works | B288: 4000 | C288: 4000-Gas | D288: KTOE | E288: UA | F288: 2014 | G288: nrg_110a | H288: 14.067648
A289: Consumption in Pipeline transport | B289: 4000 | C289: 4000-Gas | D289: KTOE | E289: RS | F289: 2014 | G289: nrg_110a | H289: 0.0753624
A290: Imports | B290: 4100 | C290: 4100-Natural gas | D290: KTOE | E290: RS | F290: 2012 | G290: nrg_110a | H290: 59.666087
A291: Imports | B291: 4100 | C291: 4100-Natural gas | D291: KTOE | E291: RO | F291: 2009 | G291: nrg_110a | H291: 66.909251
A292: Consumption in Coal Mines | B292: 4100 | C292: 4100-Natural gas | D292: KTOE | E292: ES | F292: 2014 | G292: nrg_110a | H292: 0.0293076
A293: Consumption in Pipeline transport | B293: 4100 | C293: 4100-Natural gas | D293: KTOE | E293: PL | F293: 2012 | G293: nrg_110a | H293: 10.806131
A294: Consumption in Pipeline transport | B294: 4100 | C294: 4100-Natural gas | D294: KTOE | E294: SK | F294: 2010 | G294: nrg_110a | H294: 16.186169
A295: Primary production | B295: 7200 | C295: 7200-Waste (non-renewable) | D295: KTOE | E295: PL | F295: 2014 | G295: nrg_110a | H295: 21.54946
A296: Primary production | B296: 7200 | C296: 7200-Waste (non-renewable) | D296: KTOE | E296: PT | F296: 2009 | G296: nrg_110a | H296: 5.8489596
... A305: Imports | B305: 3105 | C305: 3105-Crude oil (without NGL) | D305: KTOE | E305: ES | F305: 2012 | G305: nrg_102a | H305: 2466.8165
A306: Imports | B306: 3270A | C306: 3270A-Total fuel oil | D306: KTOE | E306: ME | F306: 2010 | G306: nrg_102a | H306: 0.439614
A307: Imports | B307: 3270A | C307: 3270A-Total fuel oil | D307: KTOE | E307: EE | F307: 2011 | G307: nrg_102a | H307: 6.761682
A308: Consumption in Coal Mines | B308: 3270A | C308: 3270A-Total fuel oil | D308: KTOE | E308: EE | F308: 2014 | G308: nrg_102a | H308: 0.1214172
A309: Transformation output from Coke Ovens | B309: 4000 | C309: 4000-Gas | D309: KTOE | E309: FR | F309: 2009 | G309: nrg_103a | H309: 22.391006
A310: Consumption in Pipeline transport | B310: 0 | C310: 0000-All products | D310: KTOE | E310: RS | F310: 2014 | G310: nrg_110a | H310: 0.0753624
A311: Primary production | B311: 5520 | C311: 5520-Wind power | D311: KTOE | E311: PL | F311: 2014 | G311: nrg_110a | H311: 27.63288
A312: Primary production | B312: 5520 | C312: 5520-Wind power | D312: KTOE | E312: PT | F312: 2011 | G312: nrg_110a | H312: 32.979424
A313: Consumption in Gas Works | B313: 6000 | C313: 6000-Electrical energy | D313: KTOE | E313: UA | F313: 2014 | G313: nrg_110a | H313: 0.1925928
A314: Consumption in Pipeline transport | B314: 6000 | C314: 6000-Electrical energy | D314: KTOE | E314: PT | F314: 2014 | G314: nrg_110a | H314: 0.0251208
A315: Consumption in Pipeline transport | B315: 6000 | C315: 6000-Electrical energy | D315: KTOE | E315: PL | F315: 2012 | G315: nrg_110a | H315: 1.109502
A316: Imports | B316: 6000 | C316: 6000-Electrical energy | D316: KTOE | E316: RS | F316: 2009 | G316: nrg_110a | H316: 18.660568
A317: Consumption in Coal Mines | B317: 6000 | C317: 6000-Electrical energy | D317: KTOE | E317: ES | F317: 2010 | G317: nrg_110a | H317: 0.4898556
A318: Consumption in Coal Mines | B318: 6000 | C318: 6000-Electrical energy | D318: KTOE | E318: FR | F318: 2009 | G318: nrg_110a | H318: 0.2135268
A319: Consumption in Coal Mines | B319: 0 | C319: 0000-All products | D319: KTOE | E319: EL | F319: 2014 | G319: nrg_100a | H319: 2.8386504
A320: Consumption in Coal Mines | B320: 0 | C320: 0000-All products | D320: KTOE | E320: ES | F320: 2012 | G320: nrg_100a | H320: 0.5568444
... A461: Imports | B461: 3105 | C461: 3105-Crude oil (without NGL) | D461: KTOE | E461: ES | F461: 2012 | G461: nrg_110a | H461: 2466.8165
A462: Imports | B462: 3270A | C462: 3270A-Total fuel oil | D462: KTOE | E462: EL | F462: 2009 | G462: nrg_110a | H462: 73.800724
A463: Imports | B463: 3270A | C463: 3270A-Total fuel oil | D463: KTOE | E463: ES | F463: 2012 | G463: nrg_110a | H463: 129.32188
A464: Primary production | B464: 4000 | C464: 4000-Gas | D464: KTOE | E464: FR | F464: 2013 | G464: nrg_110a | H464: 12.112412
A465: Primary production | B465: 4000 | C465: 4000-Gas | D465: KTOE | E465: HR | F465: 2010 | G465: nrg_110a | H465: 92.72506
A466: Imports | B466: 4000 | C466: 4000-Gas | D466: KTOE | E466: EL | F466: 2013 | G466: nrg_110a | H466: 135.43042
A467: Imports | B467: 4000 | C467: 4000-Gas | D467: KTOE | E467: MK | F467: 2009 | G467: nrg_110a | H467: 2.6962992
A468: Consumption in Oil and gas extraction | B468: 4000 | C468: 4000-Gas | D468: KTOE | E468: FR | F468: 2013 | G468: nrg_110a | H468: 0.900162
A469: Consumption in Oil and gas extraction | B469: 4000 | C469: 4000-Gas | D469: KTOE | E469: HR | F469: 2013 | G469: nrg_110a | H469: 3.2782644
A470: Transformation output from Coke Ovens | B470: 4000 | C470: 4000-Gas | D470: KTOE | E470: NL | F470: 2012 | G470: nrg_110a | H470: 15.9224
A471: Transformation output from Coke Ovens | B471: 4000 | C471: 4000-Gas | D471: KTOE | E471: RO | F471: 2010 | G471: nrg_110a | H471: 0.0125604
A472: Transformation output from Coke Ovens | B472: 4000 | C472: 4000-Gas | D472: KTOE | E472: SK | F472: 2010 | G472: nrg_110a | H472: 12.187775
A473: Consumption in Pipeline transport | B473: 4000 | C473: 4000-Gas | D473: KTOE | E473: FR | F473: 2010 | G473: nrg_110a | H473: 0.0669888
A474: Imports | B474: 4100 | C474: 4100-Natural gas | D474: KTOE | E474: EE | F474: 2011 | G474: nrg_110a | H474: 21.072164
A475: Imports | B475: 4100 | C475: 4100-Natural gas | D475: KTOE | E475: EL | F475: 2012 | G475: nrg_110a | H475: 153.81885
... A488: Primary production | B488: 4000 | C488: 4000-Gas | D488: KTOE | E488: TR | F488: 2012 | G488: nrg_110a | H488: 21.800668
A489: Imports | B489: 3270A | C489: 3270A-Total fuel oil | D489: KTOE | E489: NO | F489: 2010 | G489: nrg_102a | H489: 64.480907
A490: Imports | B490: 3270A | C490: 3270A-Total fuel oil | D490: KTOE | E490: AT | F490: 2009 | G490: nrg_102a | H490: 4.3584588
A491: Transformation output from Gas Works | B491: 4000 | C491: 4000-Gas | D491: KTOE | E491: CZ | F491: 2012 | G491: nrg_103a | H491: 15.227392
A492: Consumption in Oil and gas extraction | B492: 4000 | C492: 4000-Gas | D492: KTOE | E492: SK | F492: 2012 | G492: nrg_103a | H492: 0.6196464
...

Sheet Flexible Refinery
A2: From Eurostat - 1990-2014 | E2: Column Labels
E3: Sum of MaxShare | AI3: Sum of MinShare
A4: Row Labels | E4: AL | F4: AT | G4: BE | H4: BG | I4: CY | J4: CZ | K4: DE | L4: DK | M4: EL | N4: ES | O4: FI | P4: FR | Q4: HR | R4: HU | S4: IE | T4: IT | U4: LT | V4: \I:MD | W4: MK | X4: NL | Y4: NO | Z4: PL | AA4: PT | AB4: RO | AC4: RS | AD4: SE | AE4: SI | AF4: SK | AG4: UK | AH4: KS | AI4: AL | AJ4: AT | AK4: BE | AL4: BG | AM4: CY | AN4: CZ | AO4: DE | AP4: DK | AQ4: EL | AR4: ES | AS4: FI | AT4: FR | AU4: HR | AV4: HU | AW4: IE | AX4: IT | AY4: LT | AZ4: \I:MD | BA4: MK | BB4: NL | BC4: NO | BD4: PL | BE4: PT | BF4: RO | BG4: RS | BH4: SE | BI4: SI | BJ4: SK | BK4: UK | BL4: KS
A5: B_101108
A6: Aviation gasoline | D6: OILKER | E6: 0 | G6: 0.000284 | H6: 0 | J6: 0.0032867 | K6: 0.0002608 | N6: 0.0002155 | O6: 0.0025305 | P6: 0.0012703 | R6: 0.0009022 | T6: 0.0010305 | X6: 0.0014718 | Z6: 0.0010866 | AB6: 0.0007862 | AE6: 0.0034289 | AF6: 0.0001632 | AG6: 0.001258 | AI6: 0 | AK6: 3.22e-05 | AL6: 0 | AN6: 0.0001486 | AO6: 0 | AR6: 0 | AS6: 0.0004702 | AT6: 0.0002127 | AV6: 0 | AX6: 2.96e-05 | BB6: 0.0006617 | BD6: 0.0001658 | BF6: 7.06e-05 | BI6: 0.0034289 | BJ6: 0.0001632 | BK6: 0
A7: Bitumen | D7: OILOTH | E7: 0.6962415 | F7: 0.0501071 | G7: 0.0359826 | H7: 0.0422187 | I7: 0.0496297 | J7: 0.0750779 | K7: 0.0355833 | L7: 0.0032175 | M7: 0.0337026 | N7: 0.04407 | O7: 0.0443568 | P7: 0.0390044 | Q7: 0.035504 | R7: 0.0694734 | T7: 0.0419258 | U7: 0.0265483 | X7: 0.0109649 | Y7: 0.0135604 | Z7: 0.0697814 | AA7: 0.0295754 | AB7: 0.0316921 | AC7: 0.078078 | AD7: 0.0493569 | AF7: 0.0674438 | AG7: 0.0252802 | AI7: 0.0138298 | AJ7: 0.0270154 | AK7: 0.0068141 | AL7: 0.0148374 | AM7: 0.0291174 | AN7: 0.0397916 | AO7: 0.0254939 | AP7: 0.000568 | AQ7: 0.0097369 | AR7: 0.0282009 | AS7: 0.0120849 | AT7: 0.0277535 | AU7: 0.0007883 | AV7: 0.0304521 | AX7: 0.0210067 | AY7: 0.0048178 | BB7: 0.0031127 | BC7: 0.0004949 | BD7: 0.0190453 | BE7: 0.0067367 | BF7: 0.0037121 | BG7: 0.0233 | BH7: 0.0295358 | BJ7: 0.0008304 | BK7: 0.0111315
A8: Ethane | D8: OILOTH | E8: 0 | H8: 0 | N8: 0 | P8: 0.0003863 | R8: 0 | X8: 4.23e-05 | AF8: 0.0044689 | AG8: 0.0011629 | AI8: 0 | AL8: 0 | AR8: 0 | AT8: 0.0001324 | AV8: 0 | BB8: 0 | BJ8: 0.0029312 | BK8: 0
A9: Gas/diesel oil (without bio components) | D9: OILDST | E9: 0.2985883 | F9: 0.4502775 | G9: 0.3830922 | H9: 0.3735929 | I9: 0.3762906 | J9: 0.4201305 | K9: 0.4409545 | L9: 0.4748256 | M9: 0.3476884 | N9: 0.4558567 | O9: 0.4570668 | P9: 0.4247203 | Q9: 0.3681015 | R9: 0.4921741 | S9: 0.4279901 | T9: 0.4495833 | U9: 0.3378882 | V9: 0.3920973 | W9: 0.4612516 | X9: 0.3698511 | Y9: 0.4712634 | Z9: 0.4493005 | AA9: 0.392574 | AB9: 0.4372485 | AC9: 0.3799434 | AD9: 0.3853319 | AE9: 0.3804368 | AF9: 0.4770242 | AG9: 0.3562467 | AH9: 0.616307 | AI9: 0 | AJ9: 0.3144272 | AK9: 0.2758811 | AL9: 0.2314039 | AM9: 0.3209227 | AN9: 0.3313166 | AO9: 0.3829709 | AP9: 0.3942294 | AQ9: 0.220445 | AR9: 0.2788389 | AS9: 0.3426932 | AT9: 0.3561107 | AU9: 0.2608016 | AV9: 0.3105267 | AW9: 0.3067151 | AX9: 0.3237679 | AY9: 0.2411507 | AZ9: 0.0562092 | BA9: 0.2796747 | BB9: 0.2294629 | BC9: 0.4009318 | BD9: 0.3130649 | BE9: 0.2340207 | BF9: 0.2967493 | BG9: 0.2053456 | BH9: 0.318551 | BI9: 0.3291415 | BJ9: 0.2947048 | BK9: 0.2652094 | BL9: 0.616307
A10: Gasoline (without bio components) | D10: OILGSL | E10: 0.1205086 | F10: 0.2916396 | G10: 0.2001626 | H10: 0.284346 | I10: 0.2021468 | J10: 0.207507 | K10: 0.246459 | L10: 0.2962144 | M10: 0.2577261 | N10: 0.1852141 | O10: 0.3695334 | P10: 0.2336236 | Q10: 0.2871477 | R10: 0.2273058 | S10: 0.2274112 | T10: 0.2393334 | U10: 0.3263565 | W10: 1 | X10: 0.2072621 | Y10: 0.2534491 | Z10: 0.2527453 | AA10: 0.2267842 | AB10: 0.3078683 | AC10: 0.2941688 | AD10: 0.255792 | AE10: 0.2581021 | AF10: 0.2637405 | AG10: 0.3189292 | AI10: 0 | AJ10: 0.1707958 | AK10: 0.1199412 | AL10: 0.1388385 | AM10: 0.1270016 | AN10: 0.1195707 | AO10: 0.1980714 | AP10: 0.1727788 | AQ10: 0.1750839 | AR10: 0.125011 | AS10: 0.2757287 | AT10: 0.1869522 | AU10: 0.2152164 | AV10: 0.0934881 | AW10: 0.1548899 | AX10: 0.1996668 | AY10: 0.2026447 | BA10: 0.0925702 | BB10: 0.1152501 | BC10: 0.2066148 | BD10: 0.1514985 | BE10: 0.1563462 | BF10: 0.2087568 | BG10: 0.1331436 | BH10: 0.1975267 | BI10: 0.0587082 | BJ10: 0.0714476 | BK10: 0.25131
A11: Gasoline type jet fuel | D11: OILKER | E11: 0 | H11: 0 | K11: 0.0022336 | M11: 0.0096297 | N11: 0.0122674 | R11: 0 | X11: 8.03e-05 | AA11: 0.000529 | AD11: 0.0141972 | AG11: 0 | AI11: 0 | AL11: 0 | AO11: 0.0001505 | AQ11: 8.78e-05 | AR11: 0.0013836 | AV11: 0 | BB11: 1.41e-05 | BE11: 0.000529 | BH11: 0.0005226 | BK11: 0
A12: Kerosene type jet fuel (without bio components) | D12: OILKER | E12: 0.0294453 | F12: 0.0755298 | G12: 0.0596504 | H12: 0.0368101 | I12: 0.0403514 | J12: 0.0272188 | K12: 0.0521123 | L12: 0.0787682 | M12: 0.1059576 | N12: 0.0702606 | O12: 0.0755133 | P12: 0.0755052 | Q12: 0.0367334 | R12: 0.0334984 | S12: 0.0303374 | T12: 0.0479949 | U12: 0.1199953 | W12: 0.069844 | X12: 0.1254414 | Y12: 0.0711272 | Z12: 0.0461533 | AA12: 0.0819741 | AB12: 0.0360459 | AC12: 0.0360326 | AD12: 0.0151549 | AF12: 0.0286946 | AG12: 0.0871502 | AI12: 0 | AJ12: 0.0338083 | AK12: 0.0445996 | AL12: 0.0116437 | AM12: 0.003887 | AN12: 0.0148497 | AO12: 0.0197122 | AP12: 0.0177754 | AQ12: 0.0641357 | AR12: 0.0025016 | AS12: 0.0381046 | AT12: 0.0583553 | AU12: 0.0076732 | AV12: 0.0104903 | AW12: 0 | AX12: 0.028777 | AY12: 0.0356909 | BA12: 0.0041632 | BB12: 0.0683946 | BC12: 0.0263711 | BD12: 0.0100299 | BE12: 0.0427666 | BF12: 0.006481 | BG12: 0.0119076 | BH12: 0.0028392 | BJ12: 0.0050116 | BK12: 0.061301
A13: Liquified petroleum gas (LPG) | D13: OILLPG | E13: 0.003576 | F13: 0.0126612 | G13: 0.0218762 | H13: 0.033833 | I13: 0.0442067 | J13: 0.0318369 | K13: 0.0306622 | L13: 0.0242002 | M13: 0.0384951 | N13: 0.036595 | O13: 0.0318144 | P13: 0.035711 | Q13: 0.070318 | R13: 0.0426959 | S13: 0.0266787 | T13: 0.031094 | U13: 0.0751467 | W13: 0.0456263 | X13: 0.0437494 | Y13: 0.0318492 | Z13: 0.0244682 | AA13: 0.0372903 | AB13: 0.0683407 | AC13: 0.0676761 | AD13: 0.0237144 | AF13: 0.0302828 | AG13: 0.0423323 | AI13: 0 | AJ13: 0.0022157 | AK13: 0.012025 | AL13: 0.0108071 | AM13: 0.0287777 | AN13: 0.0183751 | AO13: 0.0253092 | AP13: 0.0157613 | AQ13: 0.0260461 | AR13: 0.0188204 | AS13: 0.013829 | AT13: 0.0258024 | AU13: 0.0275467 | AV13: 0.009885 | AW13: 0.0116886 | AX13: 0.0204053 | AY13: 0.0283938 | BA13: 0 | BB13: 0.018238 | BC13: 0.0163716 | BD13: 0.0118099 | BE13: 0.016821 | BF13: 0.0145835 | BG13: 0.0093431 | BH13: 0.0122097 | BJ13: 0.0007366 | BK13: 0.0176639
A14: Lubricants | D14: OILNEU | E14: 0.0690119 | F14: 0.0138283 | G14: 0.0022523 | H14: 0.0288383 | J14: 0.0305935 | K14: 0.0277308 | L14: 0 | M14: 0.0118737 | N14: 0.0081615 | O14: 0.0225881 | P14: 0.0222068 | Q14: 0.0121286 | R14: 0.0637214 | T14: 0.0180168 | U14: 0.00588 | V14: 0.3442623 | X14: 0.0166537 | Z14: 0.0328693 | AA14: 0.0128772 | AB14: 0.0249057 | AC14: 0.0672115 | AD14: 0.0245478 | AE14: 0.0352809 | AF14: 0.0179898 | AG14: 0.0136155 | AI14: 0 | AJ14: 0.0002239 | AK14: 5.28e-05 | AL14: 0 | AN14: 0.0105769 | AO14: 0.0119523 | AP14: 0 | AQ14: 0.0071315 | AR14: 0.0022615 | AS14: 0.0035566 | AT14: 0.0157969 | AU14: 0.0017623 | AV14: 0.012461 | AX14: 0.0109 | AY14: 0.0021262 | AZ14: 0.054902 | BB14: 0.0053651 | BD14: 0.0087679 | BE14: 0.0051194 | BF14: 6.62e-05 | BG14: 0.0013014 | BH14: 0.0079303 | BI14: 0.0352809 | BJ14: 0.0001537 | BK14: 0.0054765
A15: Naphtha | D15: OILNAP | E15: 0.1041386 | F15: 0.1270774 | G15: 0.0760347 | H15: 0.1315067 | J15: 0.116215 | K15: 0.0865748 | L15: 0.0334316 | M15: 0.0549698 | N15: 0.058177 | O15: 0.0302546 | P15: 0.0833676 | Q15: 0.0585768 | R15: 0.1444249 | S15: 0.0419784 | T15: 0.053311 | U15: 0.0220296 | W15: 0.2125932 | X15: 0.1484787 | Y15: 0.1294537 | Z15: 0.079807 | AA15: 0.1078225 | AB15: 0.0559201 | AC15: 0.1875117 | AD15: 0.0844415 | AE15: 0.2652756 | AF15: 0.1495156 | AG15: 0.0431329 | AI15: 0 | AJ15: 0.0587276 | AK15: 0.0232256 | AL15: 0.0424107 | AN15: 0.0563161 | AO15: 0.0695387 | AP15: 0 | AQ15: 0.0106303 | AR15: 0.0052429 | AS15: 0.0141896 | AT15: 0.0410595 | AU15: 0.0092848 | AV15: 0.0591892 | AW15: 0.0016428 | AX15: 0.0237989 | AY15: 0.0046409 | BA15: 0.1629256 | BB15: 0.0981077 | BC15: 0.0380689 | BD15: 0.0412727 | BE15: 0.0645653 | BF15: 0.0222976 | BG15: 0.0165361 | BH15: 0.0115962 | BI15: 0.1417563 | BJ15: 0.0668267 | BK15: 0.0251624
A16: Other kerosene | D16: OILKER | E16: 0.318453 | F16: 0.0052967 | G16: 0.0034496 | H16: 0.0167041 | I16: 0.0408786 | J16: 0.0041784 | K16: 0.0005183 | L16: 0.0098948 | M16: 0.0029406 | N16: 0.1462782 | O16: 0.0001959 | P16: 0.0013947 | Q16: 0.0027218 | R16: 0.0265272 | S16: 0.1039467 | T16: 0.0275733 | X16: 0.0103155 | Y16: 0.027642 | Z16: 0.0028735 | AA16: 0.0022924 | AB16: 0.0232321 | AC16: 0.070595 | AD16: 0.0008451 | AE16: 0.0040134 | AF16: 0.0300978 | AG16: 0.0418286 | AI16: 0 | AJ16: 0.0001028 | AK16: 0.0004583 | AL16: 0 | AM16: 0.0165575 | AN16: 0.0005128 | AO16: 1.04e-05 | AP16: 0 | AQ16: 3.69e-05 | AR16: 0.0022567 | AS16: 8.24e-05 | AT16: 0 | AU16: 0.0001929 | AV16: 0 | AW16: 0.0289623 | AX16: 0.0003062 | BB16: 0.0026303 | BC16: 0.0007804 | BD16: 3.93e-05 | BE16: 7.37e-05 | BF16: 0.0004936 | BG16: 0.0027711 | BH16: 9.37e-05 | BI16: 0.0026922 | BJ16: 0.0001514 | BK16: 0.0262261
A17: Other Oil Products | D17: OILOTH | E17: 0.3394674 | F17: 0.0209596 | G17: 0.2852097 | H17: 0.0856516 | I17: 0.0156544 | J17: 0.1542027 | K17: 0.0271666 | M17: 0.0534461 | N17: 0.0669112 | O17: 0.0090003 | P17: 0.0219789 | Q17: 0.047508 | R17: 0.0878111 | S17: 0.0106066 | T17: 0.0538085 | U17: 0.0090328 | V17: 0.2807018 | W17: 0.0056003 | X17: 0.0588083 | Z17: 0.0326749 | AA17: 0.0825499 | AB17: 0.0577971 | AC17: 0.0773944 | AD17: 0.080605 | AE17: 0.0032887 | AF17: 0.1242712 | AG17: 0.0200249 | AI17: 0.1440103 | AJ17: 0.0007807 | AK17: 0.0889502 | AL17: 0.0001471 | AM17: 0.0009151 | AN17: 0.0093747 | AO17: 0.0099424 | AQ17: 0.000979 | AR17: 0.0193052 | AS17: 0.0026715 | AT17: 0.0131864 | AU17: 0.0011186 | AV17: 0.0162936 | AW17: 0.003616 | AX17: 0.001811 | AY17: 0.0020601 | AZ17: 0.0522876 | BA17: 0.0040645 | BB17: 0.0107306 | BD17: 0.0058497 | BE17: 0.0028687 | BF17: 0.0076213 | BG17: 0.017958 | BH17: 0.0168232 | BI17: 0.0032887 | BJ17: 0.0094573 | BK17: 0.0042952
A18: Paraffin Waxes | D18: OILOTH | E18: 0 | H18: 0.0015473 | J18: 0.0019282 | K18: 0.0027044 | M18: 0.0002666 | N18: 0.006804 | P18: 0.0026792 | Q18: 0.0026239 | R18: 0.0067807 | T18: 0.0012789 | X18: 0.0074645 | Z18: 0.0079044 | AA18: 0.0016517 | AB18: 0.0010888 | AF18: 0.0007488 | AG18: 0.0050532 | AI18: 0 | AL18: 0 | AN18: 0.0003907 | AO18: 0.0010503 | AQ18: 4.24e-05 | AR18: 0.0004604 | AT18: 0.0011473 | AU18: 0.0010559 | AV18: 0.0032528 | AX18: 0.0003539 | BB18: 0.0007249 | BD18: 0.0013258 | BE18: 0.0005 | BF18: 0.0001192 | BJ18: 0.0001508 | BK18: 9.21e-05
A19: Petroleum coke | D19: OILOTH | E19: 0.211062 | F19: 0.0063865 | G19: 0.010817 | H19: 0.0102803 | K19: 0.0146584 | M19: 0.013993 | N19: 0.0469599 | O19: 0.0075787 | P19: 0.0084984 | Q19: 0.0173771 | R19: 0.0433472 | T19: 0.0152204 | U19: 0.0130251 | X19: 0.0068481 | Y19: 0.0272391 | AA19: 0 | AB19: 0.056393 | AC19: 0.0107505 | AD19: 0.0025325 | AF19: 0.0079237 | AG19: 0.0229239 | AI19: 0 | AJ19: 0.0043594 | AK19: 0.0048175 | AL19: 0.0082289 | AO19: 0.010404 | AQ19: 0.0052337 | AR19: 0.0043537 | AS19: 0.0053533 | AT19: 0.006471 | AU19: 0.0020522 | AV19: 0.0021609 | AX19: 0.0076822 | AY19: 0.0036704 | BB19: 0.0027884 | BC19: 0.0077449 | BE19: 0 | BF19: 0.0149916 | BG19: 0.0036626 | BH19: 0.0008494 | BJ19: 0.0047479 | BK19: 0.0121927
A20: Refinery gas | D20: OILRFG | E20: 0.1168837 | F20: 0.0487007 | G20: 0.0279036 | H20: 0.0598429 | I20: 0.0378255 | J20: 0.0223954 | K20: 0.04222 | L20: 0.054096 | M20: 0.0341452 | N20: 0.0396181 | O20: 0.0630461 | P20: 0.0366354 | Q20: 0.0926848 | R20: 0.0315431 | S20: 0.0341444 | T20: 0.044297 | U20: 0.0456823 | W20: 0.0051524 | X20: 0.0535436 | Y20: 0.0588629 | Z20: 0.0511116 | AA20: 0.0291855 | AB20: 0.0975587 | AC20: 0.0406628 | AD20: 0.043735 | AE20: 0.0046668 | AF20: 0.0761615 | AG20: 0.0466854 | AI20: 0 | AJ20: 0.0214144 | AK20: 0.0167325 | AL20: 0.0234803 | AM20: 0.0174916 | AN20: 0.0064864 | AO20: 0.0355615 | AP20: 0.0413443 | AQ20: 0.0255245 | AR20: 0.0299356 | AS20: 0.0276516 | AT20: 0.0263541 | AU20: 0.0392927 | AV20: 0.0229696 | AW20: 0.0205614 | AX20: 0.0322018 | AY20: 0.0253987 | BA20: 0.0011832 | BB20: 0.0291806 | BC20: 0.0262145 | BD20: 0.016315 | BE20: 0.0010624 | BF20: 0.0657499 | BG20: 0.0119282 | BH20: 0.0234579 | BI20: 0.0041108 | BJ20: 0.0161725 | BK20: 0.0349655
A21: Total fuel oil | D21: OILHFO | E21: 0.2496057 | F21: 0.2038946 | G21: 0.2132405 | H21: 0.3754157 | I21: 0.400194 | J21: 0.2505624 | K21: 0.1173031 | L21: 0.2657768 | M21: 0.3460967 | N21: 0.2818953 | O21: 0.143901 | P21: 0.1471848 | Q21: 0.3413516 | R21: 0.2352883 | S21: 0.3606203 | T21: 0.2560573 | U21: 0.388582 | V21: 0.8852006 | W21: 0.4781569 | X21: 0.2096404 | Y21: 0.1455622 | Z21: 0.2836273 | AA21: 0.3397752 | AB21: 0.4899557 | AC21: 0.466886 | AD21: 0.2796805 | AE21: 0.3012756 | AF21: 0.2740291 | AG21: 0.1672034 | AH21: 0.383693 | AI21: 0 | AJ21: 0.0887965 | AK21: 0.1382158 | AL21: 0.1294691 | AM21: 0.2423517 | AN21: 0.0149518 | AO21: 0.0731215 | AP21: 0.1563219 | AQ21: 0.2017453 | AR21: 0.0702706 | AS21: 0.0805238 | AT21: 0.1046414 | AU21: 0.1333754 | AV21: 0.0086494 | AW21: 0.2831626 | AX21: 0.0690201 | AY21: 0.1515713 | AZ21: 0.4210526 | BA21: 0 | BB21: 0.1397844 | BC21: 0.0802709 | BD21: 0.1100487 | BE21: 0.1638434 | BF21: 0.0255905 | BG21: 0.0996914 | BH21: 0.1493507 | BI21: 0.1659037 | BJ21: 0.0772912 | BK21: 0.0825806 | BL21: 0.383693
A22: White Spirit and SBP | D22: OILOTH | E22: 0.0491464 | F22: 0.0091599 | G22: 0.0127116 | H22: 0.0029448 | J22: 0.0108466 | K22: 0.0027946 | L22: 0 | M22: 8.59e-05 | N22: 0.003885 | O22: 0.0133792 | P22: 0.0051281 | Q22: 0.0010519 | R22: 0.0473042 | T22: 0.0007847 | X22: 0.005495 | Y22: 0.0041968 | Z22: 0.0077114 | AA22: 0.0036492 | AB22: 0.0110171 | AE22: 0.0250761 | AF22: 0.0113447 | AG22: 0.0027658 | AI22: 0 | AJ22: 0 | AK22: 0 | AL22: 0.0001624 | AN22: 0.0001262 | AO22: 9.29e-05 | AP22: 0 | AQ22: 8.59e-05 | AR22: 0.0017641 | AS22: 0.0043902 | AT22: 0.0002991 | AU22: 0.0001468 | AV22: 0.002203 | AX22: 5.86e-05 | BB22: 0.0005227 | BC22: 0.0017828 | BD22: 0.0011507 | BE22: 0.0009493 | BF22: 0.000999 | BI22: 0.0057033 | BJ22: 0.0003463 | BK22: 0.00069
G24: ~FI_T: Share-O
A25: TechName | B25: Comm-IN | C25: Comm-IN-A | D25: Attribute | E25: LimType | F25: Year | G25: Comm-OUT | H25: FX | I25: UP | J25: =E4 -> AL | K25: =F4 -> AT | L25: =G4 -> BE | M25: =H4 -> BG | N25: =I4 -> CY | O25: =J4 -> CZ | P25: =K4 -> DE | Q25: =L4 -> DK | ... AM25: =AH4 -> KS | AN25: =AI4&"~LO" -> AL~LO | AO25: =AJ4&"~LO" -> AT~LO | AP25: =AK4&"~LO" -> BE~LO | AQ25: =AL4&"~LO" -> BG~LO | AR25: =AM4&"~LO" -> CY~LO | AS25: =AN4&"~LO" -> CZ~LO | AT25: =AO4&"~LO" -> DE~LO | AU25: =AP4&"~LO" -> DK~LO | ... BQ25: =BL4&"~LO" -> KS~LO
A26: SSCDRFLX00 | B26: OILCRD,OILFDS | E26: UP | G26: OILDST | I26: =AVERAGE(J26:AL26) -> 0.41142727 | J26: =MIN(SUMIF($D$6:$D$22,$G26,E$6:E$22),1) -> 0.2985883 | K26: =MIN(SUMIF($D$6:$D$22,$G26,F$6:F$22),1) -> 0.4502775 | L26: =MIN(SUMIF($D$6:$D$22,$G26,G$6:G$22),1) -> 0.3830922 | M26: =MIN(SUMIF($D$6:$D$22,$G26,H$6:H$22),1) -> 0.3735929 | N26: =MIN(SUMIF($D$6:$D$22,$G26,I$6:I$22),1) -> 0.3762906 | O26: =MIN(SUMIF($D$6:$D$22,$G26,J$6:J$22),1) -> 0.4201305 | P26: =MIN(SUMIF($D$6:$D$22,$G26,K$6:K$22),1) -> 0.4409545 | Q26: =MIN(SUMIF($D$6:$D$22,$G26,L$6:L$22),1) -> 0.4748256 | ... BQ26: =MIN(SUMIF($D$6:$D$22,$G26,BL$6:BL$22),1) -> 0.616307
E27: UP | G27: OILGSL | I27: =AVERAGE(J27:AL27) -> 0.27039577 | J27: =MIN(SUMIF($D$6:$D$22,$G27,E$6:E$22),1) -> 0.1205086 | K27: =MIN(SUMIF($D$6:$D$22,$G27,F$6:F$22),1) -> 0.2916396 | L27: =MIN(SUMIF($D$6:$D$22,$G27,G$6:G$22),1) -> 0.2001626 | M27: =MIN(SUMIF($D$6:$D$22,$G27,H$6:H$22),1) -> 0.284346 | N27: =MIN(SUMIF($D$6:$D$22,$G27,I$6:I$22),1) -> 0.2021468 | O27: =MIN(SUMIF($D$6:$D$22,$G27,J$6:J$22),1) -> 0.207507 | P27: =MIN(SUMIF($D$6:$D$22,$G27,K$6:K$22),1) -> 0.246459 | Q27: =MIN(SUMIF($D$6:$D$22,$G27,L$6:L$22),1) -> 0.2962144 | ... BQ27: =MIN(SUMIF($D$6:$D$22,$G27,BL$6:BL$22),1) -> 0
E28: UP | G28: OILHFO | I28: =AVERAGE(J28:AL28) -> 0.30682631 | J28: =MIN(SUMIF($D$6:$D$22,$G28,E$6:E$22),1) -> 0.2496057 | K28: =MIN(SUMIF($D$6:$D$22,$G28,F$6:F$22),1) -> 0.2038946 | L28: =MIN(SUMIF($D$6:$D$22,$G28,G$6:G$22),1) -> 0.2132405 | M28: =MIN(SUMIF($D$6:$D$22,$G28,H$6:H$22),1) -> 0.3754157 | N28: =MIN(SUMIF($D$6:$D$22,$G28,I$6:I$22),1) -> 0.400194 | O28: =MIN(SUMIF($D$6:$D$22,$G28,J$6:J$22),1) -> 0.2505624 | P28: =MIN(SUMIF($D$6:$D$22,$G28,K$6:K$22),1) -> 0.1173031 | Q28: =MIN(SUMIF($D$6:$D$22,$G28,L$6:L$22),1) -> 0.2657768 | ... BQ28: =MIN(SUMIF($D$6:$D$22,$G28,BL$6:BL$22),1) -> 0.383693
E29: UP | G29: OILKER | I29: =AVERAGE(J29:AL29) -> 0.088789666 | J29: =MIN(SUMIF($D$6:$D$22,$G29,E$6:E$22),1) -> 0.3478983 | K29: =MIN(SUMIF($D$6:$D$22,$G29,F$6:F$22),1) -> 0.0808265 | L29: =MIN(SUMIF($D$6:$D$22,$G29,G$6:G$22),1) -> 0.063384 | M29: =MIN(SUMIF($D$6:$D$22,$G29,H$6:H$22),1) -> 0.0535142 | N29: =MIN(SUMIF($D$6:$D$22,$G29,I$6:I$22),1) -> 0.08123 | O29: =MIN(SUMIF($D$6:$D$22,$G29,J$6:J$22),1) -> 0.0346839 | P29: =MIN(SUMIF($D$6:$D$22,$G29,K$6:K$22),1) -> 0.055125 | Q29: =MIN(SUMIF($D$6:$D$22,$G29,L$6:L$22),1) -> 0.088663 | ... BQ29: =MIN(SUMIF($D$6:$D$22,$G29,BL$6:BL$22),1) -> 0
E30: UP | G30: OILLPG | I30: =AVERAGE(J30:AL30) -> 0.034714859 | J30: =MIN(SUMIF($D$6:$D$22,$G30,E$6:E$22),1) -> 0.003576 | K30: =MIN(SUMIF($D$6:$D$22,$G30,F$6:F$22),1) -> 0.0126612 | L30: =MIN(SUMIF($D$6:$D$22,$G30,G$6:G$22),1) -> 0.0218762 | M30: =MIN(SUMIF($D$6:$D$22,$G30,H$6:H$22),1) -> 0.033833 | N30: =MIN(SUMIF($D$6:$D$22,$G30,I$6:I$22),1) -> 0.0442067 | O30: =MIN(SUMIF($D$6:$D$22,$G30,J$6:J$22),1) -> 0.0318369 | P30: =MIN(SUMIF($D$6:$D$22,$G30,K$6:K$22),1) -> 0.0306622 | Q30: =MIN(SUMIF($D$6:$D$22,$G30,L$6:L$22),1) -> 0.0242002 | ... BQ30: =MIN(SUMIF($D$6:$D$22,$G30,BL$6:BL$22),1) -> 0
E31: UP | G31: OILNAP | I31: =AVERAGE(J31:AL31) -> 0.092621414 | J31: =MIN(SUMIF($D$6:$D$22,$G31,E$6:E$22),1) -> 0.1041386 | K31: =MIN(SUMIF($D$6:$D$22,$G31,F$6:F$22),1) -> 0.1270774 | L31: =MIN(SUMIF($D$6:$D$22,$G31,G$6:G$22),1) -> 0.0760347 | M31: =MIN(SUMIF($D$6:$D$22,$G31,H$6:H$22),1) -> 0.1315067 | N31: =MIN(SUMIF($D$6:$D$22,$G31,I$6:I$22),1) -> 0 | O31: =MIN(SUMIF($D$6:$D$22,$G31,J$6:J$22),1) -> 0.116215 | P31: =MIN(SUMIF($D$6:$D$22,$G31,K$6:K$22),1) -> 0.0865748 | Q31: =MIN(SUMIF($D$6:$D$22,$G31,L$6:L$22),1) -> 0.0334316 | ... BQ31: =MIN(SUMIF($D$6:$D$22,$G31,BL$6:BL$22),1) -> 0
E32: UP | G32: OILNEU | I32: =AVERAGE(J32:AL32) -> 0.031967093 | J32: =MIN(SUMIF($D$6:$D$22,$G32,E$6:E$22),1) -> 0.0690119 | K32: =MIN(SUMIF($D$6:$D$22,$G32,F$6:F$22),1) -> 0.0138283 | L32: =MIN(SUMIF($D$6:$D$22,$G32,G$6:G$22),1) -> 0.0022523 | M32: =MIN(SUMIF($D$6:$D$22,$G32,H$6:H$22),1) -> 0.0288383 | N32: =MIN(SUMIF($D$6:$D$22,$G32,I$6:I$22),1) -> 0 | O32: =MIN(SUMIF($D$6:$D$22,$G32,J$6:J$22),1) -> 0.0305935 | P32: =MIN(SUMIF($D$6:$D$22,$G32,K$6:K$22),1) -> 0.0277308 | Q32: =MIN(SUMIF($D$6:$D$22,$G32,L$6:L$22),1) -> 0 | ... BQ32: =MIN(SUMIF($D$6:$D$22,$G32,BL$6:BL$22),1) -> 0
E33: UP | G33: OILOTH | I33: =AVERAGE(J33:AL33) -> 0.15018863 | J33: =MIN(SUMIF($D$6:$D$22,$G33,E$6:E$22),1) -> 1 | K33: =MIN(SUMIF($D$6:$D$22,$G33,F$6:F$22),1) -> 0.0866131 | L33: =MIN(SUMIF($D$6:$D$22,$G33,G$6:G$22),1) -> 0.3447209 | M33: =MIN(SUMIF($D$6:$D$22,$G33,H$6:H$22),1) -> 0.1426427 | N33: =MIN(SUMIF($D$6:$D$22,$G33,I$6:I$22),1) -> 0.0652841 | O33: =MIN(SUMIF($D$6:$D$22,$G33,J$6:J$22),1) -> 0.2420554 | P33: =MIN(SUMIF($D$6:$D$22,$G33,K$6:K$22),1) -> 0.0829073 | Q33: =MIN(SUMIF($D$6:$D$22,$G33,L$6:L$22),1) -> 0.0032175 | ... BQ33: =MIN(SUMIF($D$6:$D$22,$G33,BL$6:BL$22),1) -> 0
E34: UP | G34: OILRFG | I34: =AVERAGE(J34:AL34) -> 0.046172083 | J34: =MIN(SUMIF($D$6:$D$22,$G34,E$6:E$22),1) -> 0.1168837 | K34: =MIN(SUMIF($D$6:$D$22,$G34,F$6:F$22),1) -> 0.0487007 | L34: =MIN(SUMIF($D$6:$D$22,$G34,G$6:G$22),1) -> 0.0279036 | M34: =MIN(SUMIF($D$6:$D$22,$G34,H$6:H$22),1) -> 0.0598429 | N34: =MIN(SUMIF($D$6:$D$22,$G34,I$6:I$22),1) -> 0.0378255 | O34: =MIN(SUMIF($D$6:$D$22,$G34,J$6:J$22),1) -> 0.0223954 | P34: =MIN(SUMIF($D$6:$D$22,$G34,K$6:K$22),1) -> 0.04222 | Q34: =MIN(SUMIF($D$6:$D$22,$G34,L$6:L$22),1) -> 0.054096 | ... BQ34: =MIN(SUMIF($D$6:$D$22,$G34,BL$6:BL$22),1) -> 0
C35: INDELC | D35: INPUT | I35: =AVERAGE(J35:AL35) -> 0.0062547593 | J35: =MIN(SUMIF($D$52:$D$88,$C35,E$52:E$88),1) -> 0.02517675 | K35: =MIN(SUMIF($D$52:$D$88,$C35,F$52:F$88),1) -> 0.00713642 | L35: =MIN(SUMIF($D$52:$D$88,$C35,G$52:G$88),1) -> 0.00429303 | M35: =MIN(SUMIF($D$52:$D$88,$C35,H$52:H$88),1) -> 0.0053899 | N35: =MIN(SUMIF($D$52:$D$88,$C35,I$52:I$88),1) -> 0.00147852 | O35: =MIN(SUMIF($D$52:$D$88,$C35,J$52:J$88),1) -> 0.00438551 | P35: =MIN(SUMIF($D$52:$D$88,$C35,K$52:K$88),1) -> 0.00514123 | Q35: =MIN(SUMIF($D$52:$D$88,$C35,L$52:L$88),1) -> 0.00332689 | ... AL35: =MIN(SUMIF($D$52:$D$88,$C35,AG$52:AG$88),1) -> 0.00486176
C36: REFHTH | D36: INPUT | I36: =AVERAGE(J36:AL36) -> 0.0049107166 | J36: =MIN(SUMIF($D$52:$D$88,$C36,E$52:E$88),1) -> 0 | K36: =MIN(SUMIF($D$52:$D$88,$C36,F$52:F$88),1) -> 0 | L36: =MIN(SUMIF($D$52:$D$88,$C36,G$52:G$88),1) -> 0.00408036 | M36: =MIN(SUMIF($D$52:$D$88,$C36,H$52:H$88),1) -> 0.02383669 | N36: =MIN(SUMIF($D$52:$D$88,$C36,I$52:I$88),1) -> 0 | O36: =MIN(SUMIF($D$52:$D$88,$C36,J$52:J$88),1) -> 0.0164266 | P36: =MIN(SUMIF($D$52:$D$88,$C36,K$52:K$88),1) -> 0.00071209 | Q36: =MIN(SUMIF($D$52:$D$88,$C36,L$52:L$88),1) -> 0.00118021 | ... AL36: =MIN(SUMIF($D$52:$D$88,$C36,AG$52:AG$88),1) -> 0.00174628
C37: SUPBIO | D37: INPUT | I37: =AVERAGE(J37:AL37) -> 4.8693448e-05 | J37: =MIN(SUMIF($D$52:$D$88,$C37,E$52:E$88),1) -> 0 | K37: =MIN(SUMIF($D$52:$D$88,$C37,F$52:F$88),1) -> 3.178e-05 | L37: =MIN(SUMIF($D$52:$D$88,$C37,G$52:G$88),1) -> 0 | M37: =MIN(SUMIF($D$52:$D$88,$C37,H$52:H$88),1) -> 0 | N37: =MIN(SUMIF($D$52:$D$88,$C37,I$52:I$88),1) -> 0 | O37: =MIN(SUMIF($D$52:$D$88,$C37,J$52:J$88),1) -> 0 | P37: =MIN(SUMIF($D$52:$D$88,$C37,K$52:K$88),1) -> 8.095e-05 | Q37: =MIN(SUMIF($D$52:$D$88,$C37,L$52:L$88),1) -> 0 | ... AL37: =MIN(SUMIF($D$52:$D$88,$C37,AG$52:AG$88),1) -> 0
C38: SUPCOA | D38: INPUT | I38: =AVERAGE(J38:AL38) -> 4.0313793e-05 | J38: =MIN(SUMIF($D$52:$D$88,$C38,E$52:E$88),1) -> 0 | K38: =MIN(SUMIF($D$52:$D$88,$C38,F$52:F$88),1) -> 0 | L38: =MIN(SUMIF($D$52:$D$88,$C38,G$52:G$88),1) -> 0 | M38: =MIN(SUMIF($D$52:$D$88,$C38,H$52:H$88),1) -> 0 | N38: =MIN(SUMIF($D$52:$D$88,$C38,I$52:I$88),1) -> 0 | O38: =MIN(SUMIF($D$52:$D$88,$C38,J$52:J$88),1) -> 0 | P38: =MIN(SUMIF($D$52:$D$88,$C38,K$52:K$88),1) -> 0.0006239 | Q38: =MIN(SUMIF($D$52:$D$88,$C38,L$52:L$88),1) -> 0 | ... AL38: =MIN(SUMIF($D$52:$D$88,$C38,AG$52:AG$88),1) -> 0
C39: SUPRPG | D39: INPUT | I39: =AVERAGE(J39:AL39) -> 0.037768185 | J39: =MIN(SUMIF($D$52:$D$88,$C39,E$52:E$88),1) -> 0.07519758 | K39: =MIN(SUMIF($D$52:$D$88,$C39,F$52:F$88),1) -> 0.05200033 | L39: =MIN(SUMIF($D$52:$D$88,$C39,G$52:G$88),1) -> 0.02659783 | M39: =MIN(SUMIF($D$52:$D$88,$C39,H$52:H$88),1) -> 0.03502229 | N39: =MIN(SUMIF($D$52:$D$88,$C39,I$52:I$88),1) -> 0.02368133 | O39: =MIN(SUMIF($D$52:$D$88,$C39,J$52:J$88),1) -> 0.02924548 | P39: =MIN(SUMIF($D$52:$D$88,$C39,K$52:K$88),1) -> 0.04104667 | Q39: =MIN(SUMIF($D$52:$D$88,$C39,L$52:L$88),1) -> 0.04136093 | ... AL39: =MIN(SUMIF($D$52:$D$88,$C39,AG$52:AG$88),1) -> 0.0388212
C40: SUPRPP | D40: INPUT | I40: =AVERAGE(J40:AL40) -> 0.047361389 | J40: =MIN(SUMIF($D$52:$D$88,$C40,E$52:E$88),1) -> 0.11032021 | K40: =MIN(SUMIF($D$52:$D$88,$C40,F$52:F$88),1) -> 0.0438993 | L40: =MIN(SUMIF($D$52:$D$88,$C40,G$52:G$88),1) -> 0.01673715 | M40: =MIN(SUMIF($D$52:$D$88,$C40,H$52:H$88),1) -> 0.03032377 | N40: =MIN(SUMIF($D$52:$D$88,$C40,I$52:I$88),1) -> 0.03034803 | O40: =MIN(SUMIF($D$52:$D$88,$C40,J$52:J$88),1) -> 0.01466426 | P40: =MIN(SUMIF($D$52:$D$88,$C40,K$52:K$88),1) -> 0.02131069 | Q40: =MIN(SUMIF($D$52:$D$88,$C40,L$52:L$88),1) -> 0.00375322 | ... AL40: =MIN(SUMIF($D$52:$D$88,$C40,AG$52:AG$88),1) -> 0.02954855
D41: EFF | I41: =AVERAGE(J41:AL41) -> 1.0004735 | J41: 1.0003885 | K41: 1.000346 | L41: 1.000231 | M41: 1.0008863 | N41: 1.0001269 | O41: 1.0001492 | P41: 1.0009249 | Q41: 1.0004181 | R41: 1.0002116 | S41: 1.0002338 | T41: 1.0004245 | U41: 1.0005063 | V41: 1.0002181 | W41: 1.0005408 | X41: 1.000321 | Y41: 1.0002712 | Z41: 1.0003597 | AA41: 1.0014015 | AB41: 1.0002157 | AC41: 1.0007508 | AD41: 1.0003416 | AE41: 1.0009881 | AF41: 1.0002903 | AG41: 1.0011399 | AH41: 1.0013818 | AI41: 0.99985381 | AJ41: 1.000939 | AK41: 0.9997075 | AL41: 1.0001632 | AM41: 1.2925659
D42: ACT_BND | E42: FX | F42: 2010 | H42: 0 | J42: 6.149 | K42: 319.895 | L42: 1383.92 | M42: 226.409 | N42: 0 | O42: 335.157 | P42: 3952.727 | Q42: 300.421 | R42: 836.373 | S42: 2220.133 | T42: 438.924 | U42: 2783.89 | V42: 175.651 | W42: 258.811 | X42: 122.944 | Y42: 3529.817 | Z42: 382.663 | AA42: 0 | AB42: 34.326 | AC42: 2164.094 | AD42: 538.799 | AE42: 948.07 | AF42: 482.525 | AG42: 441.889 | AH42: 122.336 | AI42: 836.376 | AJ42: 0 | AK42: 222.442 | AL42: 2944.418 | AM42: 0
D43: ACT_BND | E43: FX | F43: 2011 | H43: 0 | J43: 11.746 | K43: 340.733 | L43: 1226.535 | M43: 208.418 | N43: 0 | O43: 300.411 | P43: 3867.747 | Q43: 282.298 | R43: 702.07 | S43: 2201.374 | T43: 470.542 | U43: 2785.23 | V43: 139.484 | W43: 268.399 | X43: 123.445 | Y43: 3323.464 | Z43: 383.266 | AA43: 0 | AB43: 28.064 | AC43: 2108.177 | AD43: 617.733 | AE43: 982.701 | AF43: 436.792 | AG43: 427.13 | AH43: 101.395 | AI43: 777.034 | AJ43: 0 | AK43: 244.741 | AL43: 3031.827 | AM43: 0
D44: ACT_BND | E44: FX | F44: 2012 | H44: 0 | J44: 4.355 | K44: 346.763 | L44: 1317.514 | M44: 241.926 | N44: 0 | O44: 308.559 | P44: 3935.106 | Q44: 319.28 | R44: 871.062 | S44: 2484.686 | T44: 456.607 | U44: 2415.719 | V44: 129.901 | W44: 248.018 | X44: 128.848 | Y44: 3134.613 | Z44: 362.958 | AA44: 0 | AB44: 10.298 | AC44: 2107.854 | AD44: 595.498 | AE44: 1026.41 | AF44: 470.343 | AG44: 390.121 | AH44: 91.95 | AI44: 854.304 | AJ44: 0 | AK44: 220.158 | AL44: 2876.395 | AM44: 0
D45: ACT_BND | E45: FX | F45: 2013 | H45: 0 | J45: 1.58 | K45: 357.076 | L45: 1152.751 | M45: 229.578 | N45: 0 | O45: 284.103 | P45: 3830.967 | Q45: 300.794 | R45: 839.08 | S45: 2438.682 | T45: 483.616 | U45: 2371.164 | V45: 125.754 | W45: 243.114 | X45: 118.539 | Y45: 2670.598 | Z45: 382.665 | AA45: 0 | AB45: 2.542 | AC45: 2002.517 | AD45: 612.236 | AE45: 1003.957 | AF45: 508.5 | AG45: 404.591 | AH45: 116.907 | AI45: 675.425 | AJ45: 0 | AK45: 237.868 | AL45: 2556.701 | AM45: 0
D46: ACT_BND | E46: FX | F46: 2014 | H46: 0 | J46: 13.599 | K46: 350.801 | L46: 1336.391 | M46: 209.101 | N46: 0 | O46: 319.827 | P46: 3793.561 | Q46: 287.64 | R46: 881.565 | S46: 2460.913 | T46: 475.18 | U46: 2329.527 | V46: 101.221 | W46: 264.703 | X46: 115.184 | Y46: 2546.416 | Z46: 318.334 | AA46: 0 | AB46: 0 | AC46: 1989.168 | AD46: 538.724 | AE46: 992.998 | AF46: 459.62 | AG46: 449.968 | AH46: 110.31 | AI46: 785.07 | AJ46: 0 | AK46: 221.944 | AL46: 2367.468 | AM46: 0
D47: ACT_BND | E47: UP | F47: 2015 | I47: 0 | J47: 18.482 | K47: 368.014 | L47: 1434.549 | M47: 297.571 | N47: 11.791 | O47: 350.297 | P47: 4778.402 | Q47: 341.644 | R47: 881.565 | S47: 2541.198 | T47: 483.616 | U47: 3684.862 | V47: 214.07 | W47: 284.574 | X47: 138.778 | Y47: 3966.208 | Z47: 393.661 | AA47: 0 | AB47: 0 | AC47: 2208.782 | AD47: 650.134 | AE47: 1026.41 | AF47: 566.682 | AG47: 593.158 | AH47: 149.246 | AI47: 857.324 | AJ47: 0 | AK47: 244.741 | AL47: 3545.593 | AM47: 0
A50: Sum of AvgInput | E50: Column Labels
A51: Row Labels | E51: AL | F51: AT | G51: BE | H51: BG | I51: CY | J51: CZ | K51: DE | L51: DK | M51: EL | N51: ES | O51: FI | P51: FR | Q51: HR | R51: HU | S51: IE | T51: IT | U51: LT | W51: MK | X51: NL | Y51: NO | Z51: PL | AA51: PT | AB51: RO | AC51: RS | AD51: SE | AE51: SI | AF51: SK | AG51: UK | AN51: AL | AO51: 1.0003885
A52: 2000 Solid fuels | D52: SUPCOA | K52: 0.0006239 | Z52: 0.0005452 | AN52: AT | AO52: 1.000346
A53: 2117 Other Bituminous Coal | Z53: 0.00053428 | AN53: BE | AO53: 1.000231
A54: 2121 Coke Oven Coke | K54: 0.00046862 | Z54: 5.7e-05 | AN54: BG | AO54: 1.0008863
A55: 2210 Lignite/Brown Coal | K55: 0.00155617 | Z55: 3.713e-05 | AN55: CY | AO55: 1.0001269
A56: 2230 BKB (brown coal briquettes) | K56: 4.047e-05 | AN56: CZ | AO56: 1.0001492
A57: 3000 Total petroleum products | E57: 0.07581207 | F57: 0.07266325 | G57: 0.03947975 | H57: 0.04088877 | I57: 0.03703142 | J57: 0.02296316 | K57: 0.05812658 | L57: 0.0450212 | M57: 0.05377809 | N57: 0.06990394 | O57: 0.04610589 | P57: 0.05532808 | Q57: 0.1115073 | R57: 0.05008801 | S57: 0.03777432 | T57: 0.05127626 | U57: 0.06757078 | W57: 0.52204988 | X57: 0.04073693 | Y57: 0.0472315 | Z57: 0.05848784 | AA57: 0.05993632 | AB57: 0.07664824 | AC57: 0.05938734 | AD57: 0.02905676 | AE57: 0.03906549 | AF57: 0.0407532 | AG57: 0.06515274 | AN57: DE | AO57: 1.0009249
A58: 3214 Refinery gas | D58: SUPRPG | E58: 0.05471236 | F58: 0.03421157 | G58: 0.02317838 | H58: 0.02536345 | I58: 0.02368133 | J58: 0.01353022 | K58: 0.03492162 | L58: 0.04136093 | M58: 0.02835964 | N58: 0.04100465 | O58: 0.03824913 | P58: 0.02957249 | Q58: 0.05516101 | R58: 0.02571547 | S58: 0.02659524 | T58: 0.0273136 | U58: 0.03614227 | X58: 0.02961732 | Y58: 0.04055196 | Z58: 0.01577485 | AA58: 0.00637969 | AB58: 0.05229603 | AC58: 0.01861635 | AD58: 0.03245952 | AE58: 0.00438647 | AF58: 0.0411222 | AG58: 0.03614443 | AN58: DK | AO58: 1.0004181
A59: 3215 Ethane | D59: SUPRPP | AF59: 0.00317491 | AG59: 0.00051639 | AN59: EL | AO59: 1.0002116
A60: 3220 Liquified petroleum gas (LPG) | D60: SUPRPG | F60: 0.00155584 | G60: 3.429e-05 | K60: 0.00203407 | M60: 0.00189638 | N60: 0.00031739 | P60: 0.00050872 | Q60: 0.00270051 | S60: 0.0014772 | T60: 0.00044678 | U60: 0.00144943 | X60: 5.919e-05 | Z60: 0.00013591 | AA60: 0.00053063 | AC60: 0.00339259 | AG60: 0.00031419 | AN60: ES | AO60: 1.0002338
A61: 3234 Gasoline (without bio components) | D61: SUPRPP | P61: 2.066e-05 | T61: 0.00012964 | Z61: 0.00015489 | AE61: 0.00198439 | AG61: 2.165e-05 | AN61: FI | AO61: 1.0004245
A62: 3244 Other kerosene | D62: SUPRPP | T62: 6.909e-05 | Z62: 7.313e-05 | AG62: 1.244e-05 | AN62: FR | AO62: 1.0005063
A63: 3247 Kerosene type jet fuel (without bio components) | D63: SUPRPP | Z63: 5.413e-05 | AN63: HR | AO63: 1.0002181
A64: 3250 Naphtha | D64: SUPRPP | F64: 0.01222162 | J64: 0.00014858 | K64: 0.00021851 | M64: 7.543e-05 | N64: 6.774e-05 | T64: 0.00063464 | AE64: 0.01592225 | AG64: 0.00024853 | AN64: HU | AO64: 1.0005408
A65: 3260 Gas/diesel oil (without bio components) | D65: SUPRPP | E65: 0.0518297 | F65: 0.00023354 | G65: 0.00053702 | J65: 0.00201472 | K65: 0.00053657 | L65: 0.00012909 | M65: 0.00015645 | N65: 0.00048396 | O65: 0.00014938 | P65: 0.00016505 | R65: 0.00151951 | S65: 0.00154305 | T65: 0.00084954 | X65: 9.697e-05 | Y65: 0.00042341 | Z65: 0.00039838 | AA65: 8.156e-05 | AB65: 0.00235572 | AD65: 0.00058842 | AF65: 0.00016675 | AG65: 0.00069248 | AN65: IE | AO65: 1.000321
A66: 3270A Total fuel oil | D66: SUPRPP | F66: 0.02033013 | G66: 0.00921403 | H66: 0.01226671 | I66: 0.01550615 | J66: 0.00426595 | K66: 0.0117361 | L66: 0.00362413 | M66: 0.01679773 | N66: 0.02042178 | O66: 0.0054776 | P66: 0.01107063 | Q66: 0.04578386 | R66: 0.01887666 | S66: 0.00661436 | T66: 0.0152026 | U66: 0.02138065 | W66: 0.52204988 | X66: 0.00484544 | Y66: 0.00019164 | Z66: 0.04166079 | AA66: 0.01684953 | AB66: 0.01440263 | AC66: 0.03193766 | AD66: 0.01219613 | AE66: 0.0350122 | AF66: 0.00399295 | AG66: 0.0169444 | AN66: IT | AO66: 1.0002712
A67: 3281 White Spirit and SBP | D67: SUPRPP | Z67: 5.633e-05 | AB67: 7.119e-05 | AN67: LT | AO67: 1.0003597
A68: 3282 Lubricants | D68: SUPRPP | F68: 0.00010863 | Z68: 7.823e-05 | AN68: MD | AO68: 1.0014015
A69: 3283 Bitumen | D69: SUPRPP | F69: 0.00030272 | AN69: MK | AO69: 1.0002157
A70: 3285 Petroleum coke | D70: SUPRPP | E70: 0.02234146 | F70: 0.00543653 | G70: 0.00669581 | H70: 0.00944302 | K70: 0.00438222 | M70: 0.00661493 | N70: 0.00220662 | O70: 0.00656497 | P70: 0.00780356 | Q70: 0.00781124 | R70: 0.00521282 | T70: 0.00695719 | U70: 0.00964221 | X70: 0.0028201 | Y70: 0.01371419 | AB70: 0.01113797 | AC70: 0.00813647 | AD70: 0.00202904 | AF70: 0.00652202 | AG70: 0.01072456 | AN70: NL | AO70: 1.0007508
A71: 3286 Paraffin Waxes | D71: SUPRPP | P71: 4.208e-05 | Z71: 0.00039246 | AN71: NO | AO71: 1.0003416
