Workbook
Name _.DMD.: #REF!
Name _.DMD.: #REF!
Name Cars_12: '[1]TechRep-Doc'!#REF!
Name Cars_12: '[1]TechRep-Doc'!#REF!
Name Cars_12: '[1]TechRep-Doc'!#REF!
Name ddddd: [2]AGR_Fuels!$A$2
Name DISCRATE: '[1]TechRep-Doc'!#REF!
Name DISCRATE: '[1]TechRep-Doc'!#REF!
Name DISCRATE: '[1]TechRep-Doc'!#REF!
Name FID_1: [1]AGR_Fuels!$A$2
Name FID_1: [1]AGR_Fuels!$A$2
Name FID_1: [3]AGR_Fuels!$A$2
Name GROWTH: '[1]TechRep-Doc'!#REF!
Name GROWTH: '[1]TechRep-Doc'!#REF!
Name GROWTH: '[1]TechRep-Doc'!#REF!
Name GROWTH_TID: '[1]TechRep-Doc'!#REF!
Name GROWTH_TID: '[1]TechRep-Doc'!#REF!
Name GROWTH_TID: '[1]TechRep-Doc'!#REF!
Name INVCOST: '[1]TechRep-Doc'!#REF!
Name INVCOST: '[1]TechRep-Doc'!#REF!
Name INVCOST: '[1]TechRep-Doc'!#REF!
Name LIFE: '[1]TechRep-Doc'!#REF!
Name LIFE: '[1]TechRep-Doc'!#REF!
Name LIFE: '[1]TechRep-Doc'!#REF!
Name NAs_CCAR: '[1]TechRep-Doc'!#REF!
Name NAs_CCAR: '[1]TechRep-Doc'!#REF!
Name NAs_CCAR: '[1]TechRep-Doc'!#REF!
Name SETS: '[1]TechRep-Doc'!#REF!
Name SETS: '[1]TechRep-Doc'!#REF!
Name SETS: '[1]TechRep-Doc'!#REF!
Name TRTGAB005: '[1]TechRep-Doc'!#REF!
Name TRTGAB005: '[1]TechRep-Doc'!#REF!
Name TRTGAB005: '[1]TechRep-Doc'!#REF!
Name TRTGAC005: '[1]TechRep-Doc'!#REF!
Name TRTGAC005: '[1]TechRep-Doc'!#REF!
Name TRTGAC005: '[1]TechRep-Doc'!#REF!
Name Trucks_15: '[1]TechRep-Doc'!#REF!
Name Trucks_15: '[1]TechRep-Doc'!#REF!
Name Trucks_15: '[1]TechRep-Doc'!#REF!
Name TSUB_COST: '[1]TechRep-Doc'!#REF!
Name TSUB_COST: '[1]TechRep-Doc'!#REF!
Name TSUB_COST: '[1]TechRep-Doc'!#REF!
Name x: [1]AGR_Fuels!$A$2

Sheet ELC
A1: \I: All costs in euros 2010
A2: \I: Cogeneration Power Plants -Public
G3: ~FI_T: EUR10
A4: Sets | B4: Unts | C4: TechName | D4: TechDesc | E4: Comm-IN | F4: Comm-OUT | G4: YEAR | H4: Cap2Act | I4: START | J4: EFF~2006 | K4: EFF~2010 | L4: EFF~2015 | M4: EFF~2020 | N4: EFF~2030 | O4: AFA | P4: Peak~WP | Q4: CEH~2006 | R4: CEH~2010 | S4: CEH~2015 | T4: CEH~2020 | U4: CEH~2030 | V4: CHPR~UP~2006 | W4: CHPR~UP~2010 | X4: CHPR~UP~2015 | Y4: CHPR~UP~2020 | Z4: CHPR~UP~2030 | AA4: CHPR~2006 | AB4: CHPR~2010 | AC4: CHPR~2015 | AD4: CHPR~2020 | AE4: CHPR~2030 | AF4: LIFE | AG4: ILED | AH4: INVCOST~2006 | AI4: INVCOST~2010 | AJ4: INVCOST~2015 | AK4: INVCOST~2020 | AL4: INVCOST~2030 | AM4: FIXOM~2006 | AN4: FIXOM~2010 | AO4: FIXOM~2015 | AP4: FIXOM~2020 | AQ4: FIXOM~2030 | AR4: VAROM~2006 | AS4: VAROM~2010 | AT4: VAROM~2015 | AU4: VAROM~2020 | AV4: VAROM~2030 | AW4: ENV_ACT~2006 | AX4: ENV_ACT~2010 | AY4: ENV_ACT~2015 | AZ4: ENV_ACT~2020 | BA4: ENV_ACT~2030 | BC4: CURR | BF4: Fuel Consumption | BG4: Electricity Prod | BH4: Heat Prod
A5: \I: Units | H5: PJ/GW
C6: PUSMUN | D6: CHP: Steam.Turbine.MUN.PUB | E6: ELCMUN | F6: ELCHIG | H6: 31.536 | I6: 2023 | J6: 0.297 | K6: 0.33 | L6: 0.33 | M6: 0.337 | N6: 0.337 | O6: 0.9 | P6: 1 | Q6: 0.2 | V6: 3.07 | W6: 3.07 | X6: 3.07 | Y6: 3.07 | Z6: 3.07 | AF6: 30 | AG6: 2 | AH6: 3214.75 | AI6: 2529.72 | AJ6: 2401.13 | AK6: 2271.37 | AL6: 1807.27 | AM6: 64.295 | AN6: 50.6177 | AO6: 48.02252 | AP6: 45.4741 | AQ6: 36.1221 | AR6: 3.00433 | AS6: 3.00433 | AT6: 3.00433 | AU6: 3.00433 | AV6: 2.79391 | BC6: EUR10 | BF6: =1*H6*O6/J6 -> 95.563636 | BG6: =BF6*J6 -> 28.3824 | BH6: =BG6*V6 -> 87.133968 | BJ6: =(BG6+BH6)/BF6 -> 1.20879
F7: HETHTH
F8: ELCCOXN | AW8: 0.0556
F9: ELCSO2N | AW9: 0.0972
F10: ELCNOXN | AW10: 0.0972
F11: ELCCH4N | AW11: 0.0006
F12: ELCN2ON | AW12: 0.0057
A13: * | F13: ELCPMBN | AW13: 0.0029
F14: ELCPMAN | AW14: 0.00232
F15: ELCVOCN | AW15: 0.0017
C16: PUICBGS | D16: CHP: Int Combust.BGS.PUB | E16: ELCBGS | F16: ELCHIG | H16: 31.536 | I16: 2023 | J16: 0.4 | K16: 0.4042735 | L16: 0.40591966 | M16: 0.40333333 | N16: 0.40413223 | O16: 0.9 | P16: 1 | AA16: 1.14 | AB16: 1.1708108 | AC16: 1.1922936 | AD16: 1.2260377 | AE16: 1.2377143 | AF16: 25 | AG16: 2 | AH16: 1746.49 | AI16: 1745.32 | AJ16: 1744.15 | AK16: 1741.81 | AL16: 1707.91 | AM16: 34.9531 | AN16: 34.9531 | AO16: 34.87127 | AP16: 34.8362 | AQ16: 34.1348 | AR16: 2.54842 | AS16: 2.54842 | AT16: 2.54842 | AU16: 2.54842 | AV16: 2.54842 | BF16: =1*H16*O16/J16 -> 70.956 | BG16: =BF16*J16 -> 28.3824 | BH16: =BG16*AA16 -> 32.355936 | BJ16: =(BG16+BH16)/BF16 -> 0.856
F17: HETHTH | BC17: EUR10
F18: ELCCOXN | AW18: 0.000205
F19: ELCSO2N | AW19: 0
F20: ELCNOXN | AW20: 1.57e-05
F21: ELCCH4N | AW21: 5.33e-06
F22: ELCN2ON | AW22: 5.33e-06
F23: ELCPMAN | AW23: 4.27e-06
A24: * | F24: ELCPMBN | AW24: 1.33e-06
F25: ELCVOCN | AW25: 2.6e-05
C26: PUCAGAS | D26: CHP: Com cycle GT.Adv.GAS.PUB | E26: ELCGAS | F26: ELCHIG | H26: 31.536 | I26: 2023 | J26: 0.467 | K26: 0.46845083 | L26: 0.4744898 | M26: 0.48311688 | N26: 0.51072356 | O26: 0.9 | P26: 1 | Q26: 0.2 | V26: 1.07 | W26: 1.090381 | X26: 1.122451 | Y26: 1.15 | Z26: 1.18 | AF26: 25 | AG26: 2 | AH26: 1027.55 | AI26: 1019.37 | AJ26: 999.495 | AK26: 979.622 | AL26: 907.144 | AM26: 25.718 | AN26: 25.6011 | AO26: 25.40237 | AP26: 25.2504 | AQ26: 24.4321 | AR26: 2.37307 | AS26: 2.32631 | AT26: 2.27955 | AU26: 2.23279 | AV26: 2.12758 | BF26: =1*H26*O26/J26 -> 60.776017 | BG26: =BF26*J26 -> 28.3824 | BH26: =BG26*V26 -> 30.369168 | BJ26: =(BG26+BH26)/BF26 -> 0.96669
F27: HETHTH
F28: ELCCOXN | AW28: 0.01 | BC28: EUR10
F29: ELCSO2N | AW29: 0
F30: ELCNOXN | AW30: 0.09
F31: ELCCH4N | AW31: 0
F32: ELCN2ON | AW32: 0
A33: * | F33: ELCPMBN | AW33: 0
F34: ELCVOCN | AW34: 0
C35: PUGWOO | D35: CHP: Biomass.gasification.WOO.PUB | E35: ELCWOO | F35: ELCHIG | H35: 31.536 | I35: 2023 | J35: 0.336 | K35: 0.336 | L35: 0.336 | M35: 0.336 | N35: 0.336 | O35: 0.7 | P35: 1 | Q35: 0.2 | V35: 1.1041667 | W35: 1.1041667 | X35: 1.1041667 | Y35: 1.1041667 | Z35: 1.1041667 | AF35: 25 | AG35: 2 | AR35: 0 | AS35: 0 | AT35: 0 | AU35: 0 | AV35: 0 | BC35: EUR10 | BF35: =1*H35*O35/J35 -> 65.7 | BG35: =BF35*J35 -> 22.0752 | BH35: =BG35*V35 -> 24.3747 | BJ35: =(BG35+BH35)/BF35 -> 0.707
F36: HETHTH
F37: ELCCOXN | AW37: 0.0556
F38: ELCSO2N | AW38: 0.0972
F39: ELCNOXN | AW39: 0.0972
F40: ELCCH4N | AW40: 0.0006
F41: ELCN2ON | AW41: 0.0057
A42: * | F42: ELCPMBN | AW42: 0.0029
F43: ELCPMAN | AW43: 0.00232
F44: ELCVOCN | AW44: 0.0017
C45: PUASLU | D45: CHP: Anaerobic digestion.SLU.PUB | E45: ELCSLU | F45: ELCHIG | H45: 31.536 | I45: 2023 | J45: 0.31266631 | K45: 0.31612888 | L45: 0.33680131 | M45: 0.33729843 | N45: 0.3383122 | O45: 0.7 | P45: 1 | Q45: 0.2 | V45: 1.4715168 | W45: 1.4730352 | X45: 1.4933529 | Y45: 1.5475818 | Z45: 1.6660207 | AF45: 25 | AG45: 2 | AR45: 0 | AS45: 0 | AT45: 0 | AU45: 0 | AV45: 0 | BC45: EUR10 | BF45: =1*H45*O45/J45 -> 70.603066 | BG45: =BF45*J45 -> 22.0752 | BH45: =BG45*V45 -> 32.484028 | BJ45: =(BG45+BH45)/BF45 -> 0.77276004
F46: HETHTH
F47: ELCCOXN | AW47: 0.059889
F48: ELCSO2N | AW48: 0.003111
F49: ELCNOXN | AW49: 0.003111
F50: ELCCH4N | AW50: 0.001556
F51: ELCN2ON | AW51: 0.001556
A52: * | F52: ELCPMBN | AW52: 0
F53: ELCVOCN | AW53: 0
C54: PUSCSCOH1 | D54: CHP: Steam.Turbine.SupCr.COH.CCSpoc.PUB | E54: ELCCOH | F54: ELCHIG | H54: 31.536 | I54: 2035 | L54: 0.315 | M54: 0.315 | N54: 0.359 | O54: 0.9 | P54: 1 | S54: 0.25 | X54: 2.38 | Y54: 2.38 | Z54: 2.8753299 | AF54: 30 | AG54: 2 | AT54: 3.93953 | AU54: 3.93953 | AV54: 3.78756 | BC54: EUR10 | BF54: =1*H54*O54/J54 -> #DIV/0! | BG54: =BF54*J54 -> #DIV/0! | BH54: =BG54*V54 -> #DIV/0! | BJ54: =(BG54+BH54)/BF54 -> #DIV/0!
F55: HETHTH
F56: ELCCOXN | AY56: 0
F57: ELCSO2N | AY57: 0.054167 | AZ57: 0.050556 | BA57: 0.05
F58: ELCNOXN | AY58: 0.054167 | AZ58: 0.050556 | BA58: 0.05
F59: ELCCH4N | AY59: 0.003963 | AZ59: 0.003699 | BA59: 0.003658
F60: ELCN2ON | AY60: 0.009444 | AZ60: 0.008815 | BA60: 0.008718
A61: * | F61: ELCPMBN | AY61: 0
F62: ELCPMAN | AY62: 0
F63: ELCVOCN | AY63: 0
C64: PUSCSCOH3 | D64: CHP: Steam.Turbine.SupCr.COH.CCSoxy.PUB | E64: ELCCOH | F64: ELCHIG | H64: 31.536 | I64: 2035 | L64: 0.305 | M64: 0.305 | N64: 0.36 | O64: 0.9 | P64: 1 | S64: 0.25 | X64: 2.5 | Y64: 2.5 | Z64: 3.1725888 | AF64: 30 | AG64: 2 | AT64: 5.69303 | AU64: 5.69303 | AV64: 5.47092 | BC64: EUR10 | BF64: =1*H64*O64/J64 -> #DIV/0! | BG64: =BF64*J64 -> #DIV/0! | BH64: =BG64*V64 -> #DIV/0! | BJ64: =(BG64+BH64)/BF64 -> #DIV/0!
F65: HETHTH
F66: ELCCOXN | AY66: 0
F67: ELCNOXN | AY67: 0.054167 | AZ67: 0.050556 | BA67: 0.05
F68: ELCSO2N | AY68: 0.054167 | AZ68: 0.050556 | BA68: 0.05
F69: ELCCH4N | AY69: 0.003963 | AZ69: 0.003699 | BA69: 0.003658
F70: ELCN2ON | AY70: 0.009444 | AZ70: 0.008815 | BA70: 0.008718
A71: * | F71: ELCPMBN | AY71: 0
F72: ELCVOCN | AY72: 0
F73: ELCSCO2N | AY73: 0
C74: PUICSCOH1 | D74: CHP: Int Gasification.COH.CCSpoc.PUB | E74: ELCCOH | F74: ELCHIG | H74: 31.536 | I74: 2035 | L74: 0.346 | M74: 0.346 | N74: 0.395 | O74: 0.9 | P74: 1 | S74: 0.25 | X74: 2.09 | Y74: 2.09 | Z74: 2.5694706 | AF74: 25 | AG74: 2 | AT74: 7.79723 | AU74: 7.79723 | AV74: 7.51667 | BC74: EUR10 | BF74: =1*H74*O74/J74 -> #DIV/0! | BG74: =BF74*J74 -> #DIV/0! | BH74: =BG74*V74 -> #DIV/0! | BJ74: =(BG74+BH74)/BF74 -> #DIV/0!
F75: HETHTH
F76: ELCCOXN | AY76: 0
F77: ELCNOXN | AY77: 0.054167 | AZ77: 0.050556 | BA77: 0.05
F78: ELCSO2N | AY78: 0.054167 | AZ78: 0.050556 | BA78: 0.05
F79: ELCCH4N | AY79: 0.003963 | AZ79: 0.003699 | BA79: 0.003658
F80: ELCN2ON | AY80: 0.009444 | AZ80: 0.008815 | BA80: 0.008718
A81: * | F81: ELCPMBN | AY81: 0
F82: ELCVOCN | AY82: 0
F83: ELCSCO2N | AY83: 0
C84: PUICSCOH2 | D84: CHP: Int Gasification.COH.CCSprc.PUB | E84: ELCCOH | F84: ELCHIG | H84: 31.536 | I84: 2035 | L84: 0.334 | M84: 0.334 | N84: 0.393 | O84: 0.9 | P84: 1 | S84: 0.25 | X84: 2.2 | Y84: 2.2 | Z84: 2.8304094 | AF84: 25 | AG84: 2 | AT84: 7.15428 | AU84: 7.15428 | AV84: 6.8971 | BC84: EUR10 | BF84: =1*H84*O84/J84 -> #DIV/0! | BG84: =BF84*J84 -> #DIV/0! | BH84: =BG84*V84 -> #DIV/0! | BJ84: =(BG84+BH84)/BF84 -> #DIV/0!
F85: HETHTH
F86: ELCCOXN | AY86: 0
F87: ELCNOXN | AY87: 0.054167 | AZ87: 0.050556 | BA87: 0.05
F88: ELCSO2N | AY88: 0.054167 | AZ88: 0.050556 | BA88: 0.05
F89: ELCCH4N | AY89: 0.003963 | AZ89: 0.003699 | BA89: 0.003658
F90: ELCN2ON | AY90: 0.009444 | AZ90: 0.008815 | BA90: 0.008718
A91: * | F91: ELCPMBN | AY91: 0
F92: ELCVOCN | AY92: 0
F93: ELCSCO2N | AY93: 0
C94: PUICSCOH3 | D94: CHP: Int Gasification.COH.CCSoxy.PUB | E94: ELCCOH | F94: ELCHIG | H94: 31.536 | I94: 2035 | L94: 0.33 | M94: 0.33 | N94: 0.394 | O94: 0.9 | P94: 1 | S94: 0.25 | X94: 2.23 | Y94: 2.23 | Z94: 2.9081287 | AF94: 25 | AG94: 2 | AT94: 8.19469 | AU94: 8.19469 | AV94: 7.90244 | BC94: EUR10 | BF94: =1*H94*O94/J94 -> #DIV/0! | BG94: =BF94*J94 -> #DIV/0! | BH94: =BG94*V94 -> #DIV/0! | BJ94: =(BG94+BH94)/BF94 -> #DIV/0!
F95: HETHTH
F96: ELCCOXN | AY96: 0
F97: ELCNOXN | AY97: 0.054167 | AZ97: 0.050556 | BA97: 0.05
F98: ELCSO2N | AY98: 0.054167 | AZ98: 0.050556 | BA98: 0.05
F99: ELCCH4N | AY99: 0.003963 | AZ99: 0.003699 | BA99: 0.003658
F100: ELCN2ON | AY100: 0.009444 | AZ100: 0.008815 | BA100: 0.008718
...

Sheet ELC_Add
B3: ~FI_Process
B4: Sets | C4: TechName | D4: TechDesc | E4: Tact | F4: Tcap | G4: Tslvl | H4: PrimaryCG | I4: Vintage
B5: ELE | C5: EUSTIISGAS101 | D5: EPLT: Steam Turbine.IISGAS | E5: PJ | F5: GW | G5: DAYNITE | I5: NO
B6: ELE | C6: EUSTIISGASCS101 | D6: EPLT: Steam Turbine.CO2Seq.IISGAS | E6: PJ | F6: GW | G6: DAYNITE | I6: NO
B7: PRE | C7: ELCBFG01 | D7: Fuel Tech New - Blast Furnace Gas (ELC) | E7: PJ | F7: PJa | I7: NO
B8: PRE | C8: ELCBFT01 | D8: Fuel Tech New - Blast Furnace Gas TGR (ELC) | E8: PJ | F8: PJa | I8: NO
B9: PRE | C9: ELCCOG01 | D9: Fuel Tech New - Cokes Gas (ELC) | E9: PJ | F9: PJa | I9: NO
B10: PRE | C10: ELCIIS01 | D10: Fuel Tech New - IIS Gas - Corex Gas or BFG TGR with CCS or BOF (ELC) | E10: PJ | F10: PJa | I10: NO
B11: PRE | C11: ELCCOP01 | D11: Fuel Tech New - Corex with CCS Gas (ELC) | E11: PJ | F11: PJa | I11: NO
B13: MovedToSysSettings
B14: CSet | C14: CommName | D14: CommDesc | E14: Unit | F14: LimType | G14: CTSLvl | H14: PeakTS | I14: Ctype
B15: NRG | C15: ELCBFG | D15: Blast Furnace Gas (ELC) | E15: PJ
B16: NRG | C16: ELCBFT | D16: Blast Furnace Gas TGR (ELC) | E16: PJ
B17: NRG | C17: ELCCOG | D17: Cokes Gas (ELC) | E17: PJ
B18: NRG | C18: ELCIIS | D18: Gas from Corex and Blast Furnace TGR with CCS (ELC) | E18: PJ
B19: NRG | C19: ELCCOP | D19: Corex Gas from COREX with CCS (ELC) | E19: PJ
B20: *NRG | C20: ELCNGA | D20: Natural Gas (ELC) | E20: PJ
E23: ~FI_T
B24: TechName | C24: Comm-IN | D24: Comm-OUT | E24: YEAR | F24: Cap2Act | G24: START | H24: EFF~2006 | I24: EFF~2010 | J24: EFF~2015 | K24: EFF~2025 | L24: EFF~2035 | M24: INVCOST~2006 | N24: INVCOST~2010 | O24: INVCOST~2015 | P24: INVCOST~2025 | Q24: INVCOST~2035 | R24: FIXOM~2006 | S24: FIXOM~2010 | T24: FIXOM~2015 | U24: FIXOM~2025 | V24: FIXOM~2035 | W24: VAROM~2006 | X24: VAROM~2010 | Y24: VAROM~2015 | Z24: VAROM~2025 | AA24: VAROM~2035 | AB24: AFA | AC24: LIFE | AD24: Peak~Annual | AE24: ILED~2006 | AF24: ILED~0 | AG24: Share~UP
B25: \I: Units | F25: PJ/GW | M25: $/kW | N25: $/kW | O25: $/kW | P25: $/kW | Q25: $/kW | R25: $/kW | S25: $/kW | T25: $/kW | U25: $/kW | V25: $/kW | W25: $/GJ | X25: $/GJ | Y25: $/GJ | Z25: $/GJ | AA25: $/GJ
B26: \I: Electricity Power Plants
B27: EUSTIISGAS101 | C27: ELCBFG | D27: ELCHIG | E27: 2006 | F27: 31.536 | G27: 2006 | H27: 0.42 | I27: 0.42 | J27: 0.4425 | K27: 0.465 | L27: 0.4725 | M27: 1071.0134 | N27: 1071.0134 | O27: 1071.0134 | P27: 973.64855 | Q27: 876.2837 | R27: 25.331609 | S27: 22.516986 | W27: 0.4796118 | X27: 0.4796118 | Y27: 0.4796118 | Z27: 0.4796118 | AA27: 0.4796118 | AB27: 0.85 | AC27: 25 | AD27: 1 | AE27: 2 | AF27: 3 | AG27: 0.8
C28: ELCBFT
C29: ELCCOG
C30: ELCIIS
C31: ELCCOP
C32: \I:ELCGAS
B33: EUSTIISGASCS101 | C33: ELCBFG | D33: ELCHIG | E33: 2015 | F33: 31.536 | G33: 2015 | J33: 0.3525 | K33: 0.375 | L33: 0.3825 | O33: 1246.6514 | P33: 1169.6831 | Q33: 1092.7148 | S33: 59.107088 | X33: 0.52768557 | Y33: 0.52768557 | Z33: 0.52768557 | AA33: 0.52768557 | AB33: 0.85 | AC33: 25 | AD33: 1 | AE33: 2 | AF33: 3 | AG33: 0.8
C34: ELCBFT
C35: ELCCOG
C36: ELCIIS
C37: ELCCOP
C38: \I:ELCGAS
B41: \I:New Fuel Distribution technologies
B43: New infrastructure for electricity fuels | D43: ~FI_T
B44: TechName | C44: Comm-IN | D44: Comm-OUT | E44: EFF | F44: INVCOST | G44: Life | H44: START
D45: \I: UNITS | F45: $/GJ-Yr | G45: Yr
B46: ELCBFG01 | C46: GASBFG | E46: 1 | F46: 1 | G46: 60 | H46: 2006
D47: ELCBFG
B48: ELCBFT01 | C48: GASBFT | E48: 1 | F48: 1 | G48: 60 | H48: 2006
D49: ELCBFT
B50: ELCCOG01 | C50: GASCOG | E50: 1 | F50: 1 | G50: 60 | H50: 2006
D51: ELCCOG
B52: ELCIIS01 | C52: GASIIS | E52: 1 | F52: 1 | G52: 60 | H52: 2006
D53: ELCIIS
B54: ELCCOP01 | C54: GASCOP | E54: 1 | F54: 1 | G54: 60 | H54: 2006
D55: ELCCOP

Sheet SUP
I2: ~FI_T
B3: TechName | C3: TechDesc | D3: TechCapUnit | E3: TechActUnit | F3: Comm-IN | G3: Comm-OUT | H3: Source | I3: Year | J3: AF | K3: CAPUNIT | L3: EFF | M3: FIXOM | N3: INPUT | O3: INVCOST | P3: LIFE | Q3: OUTPUT | R3: START | S3: VAROM
B4: BBLQDME110 | C4: Gasification, black liquor to DME | D4: GW | E4: PJ | K4: 31.536 | P4: 20 | R4: 2010
F5: INDBLQ | G5: BIODME | I5: 2010 | J5: 0.913 | M5: 12.222222 | N5: 1.77 | O5: 611.11111 | Q5: 1 | S5: 0.493827160493828
G6: IPPHTH | I6: 2010 | Q6: 0.2
B7: BBLQFTST110 | C7: Gasification, black liquor to FT-diesel | D7: GW | E7: PJ | K7: 31.536 | P7: 20 | R7: 2010
F8: INDBLQ | G8: BIODST | I8: 2010 | J8: 0.913 | M8: 18.888889 | N8: 2.13 | O8: 944.44444 | Q8: 1 | S8: 0.586419753086419
G9: IPPHTH | I9: 2010 | Q9: 0.2
B10: BBLQGAS110 | C10: Gasification, black liquor to methane | D10: GW | E10: PJ | K10: 31.536 | P10: 20 | R10: 2010
F11: INDBLQ | G11: BIOGAS | I11: 2010 | J11: 0.913 | M11: 12.888889 | N11: 1.92 | O11: 644.44444 | Q11: 1 | S11: 0.524691358024692
G12: IPPHTH | I12: 2010 | Q12: 0.2
B13: BBLQMtaH110 | C13: Gasification, black liquor to methanol | D13: GW | E13: PJ | K13: 31.536 | P13: 20 | R13: 2010
F14: INDBLQ | G14: BIOMtaH | I14: 2010 | J14: 0.913 | M14: 11.111111 | N14: 1.79 | O14: 555.55556 | Q14: 1 | S14: 0.493827160493828
G15: IPPHTH | I15: 2010 | Q15: 0.2
B16: BSLUGAS101 | C16: Decomposition, bio waste to biogas (methane) | D16: GW | E16: PJ | F16: BIOSLU | G16: BIOGAS | J16: 0.913 | K16: 31.536 | M16: 55.555556 | N16: 1.69 | O16: 2777.7778 | P16: 20 | Q16: 1 | R16: 2006 | S16: 1.04938271604938
B17: BWOOGAS110 | C17: Gasification, biomass (tree salix etc) to methane | D17: GW | E17: PJ | K17: 31.536 | P17: 20 | R17: 2010
F18: BIOWOO | G18: BIOGAS | I18: 2010 | J18: 0.913 | M18: 30 | N18: 2 | O18: 1500 | Q18: 1 | S18: 0.555555555555556
G19: SUPHTH | I19: 2010 | Q19: 0.2
B20: \I: | C20: Gasification, black liquor to hydrogen | D20: GW | E20: PJ | K20: 31.536 | P20: 20 | R20: 2010
B21: \I: | F21: INDBLQ | G21: SYNH2G | I21: 2010 | J21: 0.913 | M21: 11.111111 | N21: 1.69 | O21: 555.55556 | Q21: 1 | S21: 0.462962962962964
B22: \I: | G22: IPPHTH | I22: 2010 | Q22: 0.2
B23: SCOADME110 | C23: Gasification, coal to DME | D23: GW | E23: PJ | K23: 31.536 | P23: 20 | R23: 2010
F24: COAHAR | G24: SUPHTH | I24: 2010 | J24: 0.913 | M24: 28.888889 | N24: 1.75 | O24: 1444.4444 | Q24: 0.18 | S24: 0.493827160493828
G25: SYNDME | I25: 2010 | Q25: 1
B26: SCOADST110 | C26: Gasification, coal to FT-diesel | D26: GW | E26: PJ | K26: 31.536 | P26: 20 | R26: 2010
F27: COAHAR | G27: SYNDST | I27: 2010 | J27: 0.913 | M27: 38.888889 | N27: 2.22 | O27: 1944.4444 | Q27: 1 | S27: 0.617283950617283
G28: SUPHTH | I28: 2010 | Q28: 0.22
B29: SCOAGAS110 | C29: Gasification, coal to methane | D29: GW | E29: PJ | K29: 31.536 | P29: 20 | R29: 2010
F30: COAHAR | G30: GASNAT | I30: 2010 | J30: 0.913 | M30: 30 | N30: 2 | O30: 1500 | Q30: 1 | S30: 0.555555555555556
G31: SUPHTH | I31: 2010 | Q31: 0.2
B32: SCOAMtaH110 | C32: Gasification, coal to methanol | D32: GW | E32: PJ | K32: 31.536 | P32: 20 | R32: 2010
F33: COAHAR | G33: SYNMtaH | I33: 2010 | J33: 0.913 | M33: 27.777778 | N33: 1.85 | O33: 1388.8889 | Q33: 1 | S33: 0.524691358024692
G34: SUPHTH | I34: 2010 | Q34: 0.19
B35: SGASDME110 | C35: Synthesis, natural gas to DME | D35: GW | E35: PJ | F35: GASNAT | G35: SYNDME | J35: 0.913 | K35: 31.536 | M35: 25.86 | N35: 1.35 | O35: 555.55556 | P35: 20 | Q35: 1 | R35: 2010 | S35: 0.154320987654321
B36: SGASDST110 | C36: Synthesis, natural gas to F-T-diesel | D36: GW | E36: PJ | F36: GASNAT | G36: SYNDST | J36: 0.913 | K36: 31.536 | M36: 14.444444 | N36: 1.75 | O36: 722.22222 | P36: 20 | Q36: 1 | R36: 2010 | S36: 0.216049382716049
B37: SGASDST130 | C37: Synthesis, natural gas to F-T-diesel | D37: GW | E37: PJ | F37: GASNAT | G37: SYNDST | I37: 2030 | J37: 0.913 | K37: 31.536 | M37: 5.05 | N37: 1.54 | O37: 287.3 | P37: 20 | Q37: 1 | R37: 2030 | S37: 0.216049382716049
B38: SGASMtaH110 | C38: Synthesis, natural gas to methanol | D38: GW | E38: PJ | F38: GASNAT | G38: SYNMtaH | J38: 0.913 | K38: 31.536 | M38: 10.666667 | N38: 1.43 | O38: 533.33333 | P38: 20 | Q38: 1 | R38: 2010 | S38: 0.666666666666667
B39: \I: BCRPGAS101 | C39: Decomposition, crop for biogas (lucerne etc) to biogas (methane) | D39: GW | E39: PJ | F39: BIOCRP1 | G39: BIOGAS | J39: 0.913 | K39: 31.536 | M39: 20 | N39: 1.69 | O39: 1000 | P39: 20 | Q39: 1 | R39: 2006 | S39: =0.462962962962964 -> 0.46296296
B40: \I: BCRPETH130 | C40: Fermentation, crops (wheat) to ethanol | D40: GW | E40: PJ | F40: BIOCRP1 | G40: BIOGAS | I40: 2030 | J40: 0.913 | K40: 31.536 | M40: 21.13 | N40: 1.5625 | O40: 568 | P40: 20 | Q40: =1.85/2.5*0.2 -> 0.148 | R40: 2006
B41: \I: | G41: BIOETH | I41: 2030 | Q41: 1
I50: DeACT-FI_T
B51: TechName | C51: TechDesc | D51: TechCapUnit | E51: TechActUnit | F51: Comm-IN | G51: Comm-OUT | H51: Source | I51: Year | J51: AF | K51: CAPUNIT | L51: EFF | M51: FIXOM | N51: INPUT | O51: INVCOST~2001 | P51: INVCOST~2010 | Q51: INVCOST~2015 | R51: INVCOST~2020 | S51: INVCOST~2025 | T51: INVCOST~2030 | U51: LIFE | V51: OUTPUT | W51: START | X51: VAROM
B52: BRPSME101 | C52: Transesterification of vegetable oils | D52: GW | E52: PJ | F52: BIORPOIL | G52: BIORME | H52: REFUEL | J52: 0.913 | K52: 31.536 | M52: =80.6*0.25/1/37.3/(1000000/365/24/3600) -> 17.036204 | N52: =1/(37.3/36) -> 0.96514745 | O52: =200/1/37.3/(1000000/365/24/3600) -> 169.09383 | P52: =$O52*(1-0.02) -> 165.71196 | Q52: =$O52*(1-0.07) -> 157.25727 | R52: =$O52*(1-0.11) -> 150.49351 | S52: =$O52*(1-0.14) -> 145.4207 | T52: =$O52*(1-0.15) -> 143.72976 | U52: 20 | V52: 1 | W52: 2001 | X52: =80.6*0.75/1/37.3 -> 1.6206434
G53: BIOGLY | V53: =(0.1125*12.8)/(1*37.3) -> 0.038605898
B54: BBIORPS101 | C54: Vegetable oil extraction | D54: GW | E54: PJ | F54: BIORPS | G54: BIORPOIL | H54: REFUEL | J54: 0.913 | K54: 31.536 | M54: =26.61*0.25/0.39/36/(1000000/365/24/3600) -> 14.942538 | N54: =1/(0.39*36/24.4) -> 1.7378917 | O54: =102.5/0.39/36/(1000000/365/24/3600) -> 230.23077 | P54: =$O54 -> 230.23077 | Q54: =$O54 -> 230.23077 | R54: =$O54 -> 230.23077 | S54: =$O54 -> 230.23077 | T54: =$O54 -> 230.23077 | U54: 20 | V54: 1 | W54: 2001 | X54: =26.61*0.75/0.39/36 -> 1.4214744
G55: BIOPLPOIL | V55: =0.59*17.5/(0.39*36) -> 0.73539886
B56: BCRPETH101 | C56: Ethanol production from starch crops | D56: GW | E56: PJ | F56: BIOCRP1 | G56: BIOETH | H56: REFUEL | J56: 0.913 | K56: 31.536 | M56: =9.9*0.3/(1000000/365/24/3600) -> 93.66192 | N56: =1/(0.35*26.7/16.1) -> 1.7228464 | O56: =264/0.35/26.7/(1000000/365/24/3600) -> 890.90465 | P56: =$O56*(1-0.08) -> 819.63228 | Q56: =$O56*(1-0.16) -> 748.35991 | R56: =$O56*(1-0.24) -> 677.08754 | S56: =$O56*(1-0.31) -> 614.72421 | T56: =$O56*(1-0.36) -> 570.17898 | U56: 20 | V56: 1 | W56: 2001 | X56: =9.9*0.7 -> 6.93
G57: BIOSTIL | V57: =0.281*16/(0.35*26.7) -> 0.48111289
B58: BCRPETH201 | C58: Ethanol production from sugar crops | D58: GW | E58: PJ | F58: BIOCRP2 | G58: BIOETH | H58: REFUEL | J58: 0.913 | K58: 31.536 | M58: =8.7*0.3/(1000000/365/24/3600) -> 82.30896 | N58: =1/(0.292*26.7/17.3) -> 2.2189729 | O58: =163/0.292/26.7/(1000000/365/24/3600) -> 659.32584 | P58: =$O58*(1-0.08) -> 606.57978 | Q58: =$O58*(1-0.16) -> 553.83371 | R58: =$O58*(1-0.24) -> 501.08764 | S58: =$O58*(1-0.31) -> 454.93483 | T58: =$O58*(1-0.36) -> 421.96854 | U58: 20 | V58: 1 | W58: 2001 | X58: =8.7*0.7 -> 6.09
G59: BIOPLPBEET | V59: =(0.311*14.4+0.116*15)/(0.292*26.7) -> 0.79759889
B60: BWOOFTDST110 | C60: FT-diesel production from woody biomass | D60: GW | E60: PJ | F60: BIOWOO | G60: BIODST | H60: REFUEL | I60: 2010 | J60: =0.913 -> 0.913 | K60: 31.536 | M60: =0.04*P60+(0.04+0.02)*P60*0.85*0.42 -> 145.37145 | N60: =1/(0.95*0.525) -> 2.0050125 | P60: =697/20.5/0.525/(1000000/365/24/3600)+92.38/18/0.95/0.525/(1000000/365/24/3600) -> 2366.8422 | R60: =$P60*(1-0.04) -> 2272.1685 | S60: =$P60*(1-0.19) -> 1917.1422 | T60: =$P60*(1-0.28) -> 1704.1264 | U60: 20 | V60: 1 | W60: 2010 | X60: =(0.02*P60+(0.04+0.02)*P60*0.85*0.58)*(1000000/365/24/3600) -> 3.7210819
F61: \I: | G61: ELCLOW | I61: 2010 | V61: =0.03*N60 -> 0.060150376
B62: BWOOETH110 | C62: Ethanol production from woody biomass | D62: GW | E62: PJ | F62: BIOWOO | G62: BIOETH | H62: REFUEL | I62: 2010 | J62: 0.913 | K62: 31.536 | M62: =0.156/0.789*1000/26.7/(1000000/365/24/3600) -> 233.53014 | N62: =1/0.39 -> 2.5641026 | P62: =678/18/0.39/(1000000/365/24/3600) -> 3045.7846 | R62: =$P62*(1-0.04) -> 2923.9532 | S62: =$P62*(1-0.2) -> 2436.6277 | T62: =$P62*(1-0.32) -> 2071.1335 | U62: 20 | V62: 1 | W62: 2010 | X62: =0.055/0.789*1000/26.7 -> 2.6108049
F63: \I: | G63: ELCLOW | I63: 2010 | V63: =0.095*N62 -> 0.24358974
B64: BWOOMtaH110 | C64: Methanol production from woody biomass | D64: GW | E64: PJ | F64: BIOWOO | G64: BIOMtaH | H64: REFUEL | I64: 2010 | J64: 0.913 | K64: 31.536 | M64: =0.04*P64+(0.04+0.02)*P64*0.85*0.42 -> 118.73853 | N64: =1/(0.95*0.54) -> 1.9493177 | P64: =P66 -> 1933.2226 | R64: =$P64*(1-0.04) -> 1855.8937 | S64: =$P64*(1-0.19) -> 1565.9103 | T64: =$P64*(1-0.28) -> 1391.9203 | U64: 20 | V64: 1 | W64: 2010 | X64: =(0.02*P64+(0.04+0.02)*P64*0.85*0.58)*(1000000/365/24/3600) -> 3.0393574
F65: \I: | G65: ELCLOW | I65: 2010 | V65: =0.03*N64 -> 0.058479532
B66: BWOODME110 | C66: DME production from woody biomass | D66: GW | E66: PJ | F66: BIOWOO | G66: BIODME | H66: REFUEL | I66: 2010 | J66: 0.913 | K66: 31.536 | M66: =0.04*P66+(0.04+0.02)*P66*0.85*0.42 -> 118.73853 | N66: =1/(0.95*0.56) -> 1.8796992 | P66: =593/20.5/0.56/(1000000/365/24/3600)+92.38/18/0.95/0.56/(1000000/365/24/3600) -> 1933.2226 | R66: =$P66*(1-0.04) -> 1855.8937 | S66: =$P66*(1-0.19) -> 1565.9103 | T66: =$P66*(1-0.28) -> 1391.9203 | U66: 20 | V66: 1 | W66: 2010 | X66: =(0.02*P66+(0.04+0.02)*P66*0.85*0.58)*(1000000/365/24/3600) -> 3.0393574
F67: \I: | G67: ELCLOW | I67: 2010 | V67: =0.03*N66 -> 0.056390977
A68: \I: Dummy processes by-products
B69: DUMBIOGLY | C69: Dummy glycerol use | D69: PJ | E69: PJ | F69: BIOGLY | J69: 1 | K69: 1 | N69: 1 | W69: 2001 | X69: =-120/12.8 -> -9.375
B70: DUMBIOPLPOIL | C70: Dummy oil pulp use | D70: PJ | E70: PJ | F70: BIOPLPOIL | J70: 1 | K70: 1 | N70: 1 | W70: 2001 | X70: =-62.88/19.3 -> -3.2580311
B71: DUMBIOSTIL | C71: Dummy stillage use | D71: PJ | E71: PJ | F71: BIOSTIL | J71: 1 | K71: 1 | N71: 1 | W71: 2001 | X71: =-104.7/16 -> -6.54375
B72: DUMBIOPLPBEET | C72: Dummy beet pulp | D72: PJ | E72: PJ | F72: BIOPLPBEET | J72: 1 | K72: 1 | N72: 1 | W72: 2001 | X72: =-75.23/14.6 -> -5.1527397
B76: energy crops, waste and residues | D76: ~FI_T
B77: TechName | C77: TechDesc | D77: Comm-OUT | E77: START
B78: \I: Unit
B79: MINBIORPS1 | C79: Rape seed production | D79: BIORPS | E79: 2005
B80: MINBIOCRP11 | C80: Starch crop production | D80: BIOCRP1 | E80: 2005
B81: MINBIOCRP21 | C81: Sugar crop production | D81: BIOCRP2 | E81: 2005
B82: MINBIOCRP31 | C82: Grassy crop production | D82: BIOWOO | E82: 2005
B83: MINBIOCRP41 | C83: Woody crop production | D83: BIOWOO | E83: 2005
B84: MINBIOCRP41a | C84: Woody crop production 1 | D84: BIOWOO | E84: 2005
B85: MINBIOAGRW1 | C85: Agricultural waste potential | D85: BIOWOO | E85: 2005
B86: MINBIOFRSR1 | C86: Forestry residues potential | D86: BIOWOO | E86: 2005
B87: MINBIOFRSR1a | C87: Forestry residues potential 1 | D87: BIOWOO | E87: 2005
B88: MINBIOWOOW1 | C88: Wood proccessing residues | D88: BIOWOO | E88: 2005
B89: MINBIOWOOW1a | C89: Wood proccessing residues 1 | D89: BIOWOO | E89: 2005
B90: MINBIOWOO | C90: Wood products | D90: BIOWOO | E90: 2005
... B95: MINBIOLIQ1 | C95: Biofuels Production | D95: BIOLIQ | E95: 2005
I97: ~FI_T
A98: Sets | B98: TechName | C98: TechDesc | D98: TechCapUnit | E98: TechActUnit | F98: Comm-IN | G98: Comm-OUT | H98: Source | I98: Year | J98: AF | K98: CAPUNIT | L98: EFF | M98: FIXOM | N98: INPUT | O98: INVCOST | P98: LIFE | Q98: OUTPUT | R98: START | S98: VAROM | T98: ENV_ACT~2001 | U98: Output | V98: Share-I~UP
B99: \I: | C99: H2 production electrolyser small 2001 | D99: PJ/a | E99: PJ | F99: ELCHIG | G99: SYNH2G | H99: Cascade-Mints D1.1 Fuel cell technologies and Hydrogen produstion/Distribution options, DLR, September 2005 | J99: 0.9 | K99: 1 | M99: 0.5454 | N99: 1.43 | O99: 27.27 | P99: 20 | Q99: 1 | R99: 2010 | S99: 0
B100: \I: | F100: ELCHIG | G100: SYNH2G | I100: 2030 | J100: 0.9 | K100: 1 | M100: 0.40588534 | N100: 1.3 | O100: 20.294267 | P100: 20 | Q100: 1
B101: \I: | C101: H2 production electrolyser large 2001 | D101: PJ/a | E101: PJ | F101: ELCHIG | G101: SYNH2G | H101: Cascade-Mints D1.1 Fuel cell technologies and Hydrogen produstion/Distribution options, DLR, September 2005 | J101: 0.9 | K101: 1 | M101: 0.4376 | N101: 1.43 | O101: 21.88 | P101: 20 | Q101: 1 | R101: 2010 | S101: 0
B102: \I: | F102: ELCHIG | G102: SYNH2G | I102: 2030 | J102: 0.9 | K102: 1 | M102: 0.32343988 | N102: 1.3 | O102: 16.171994 | P102: 20 | Q102: 1
B103: \I: | C103: H2 production electrolyser small 2001 TRA direct | D103: PJ/a | E103: PJ | F103: ELCHIG | G103: TRAGH2 | H103: Cascade-Mints D1.1 Fuel cell technologies and Hydrogen produstion/Distribution options, DLR, September 2005 | J103: 0.9 | K103: 1 | M103: 0.5454 | N103: 1.43 | O103: 27.27 | P103: 20 | Q103: 1 | R103: 2010 | S103: 0
B104: \I: | C104: H2 production HT Steam electrolyser 2020 | D104: PJ/a | E104: PJ | H104: Cascade-Mints D1.1 Fuel cell technologies and Hydrogen produstion/Distribution options, DLR, September 2005 | K104: 1 | P104: 20 | R104: 2020
B105: \I: | F105: ELCHIG | G105: SYNH2G | I105: 2020 | J105: 0.9 | M105: 0.80542872 | N105: 1.07 | O105: 40.271436 | Q105: 1 | S105: 0
B106: \I: | F106: SUPHTH | I106: 2020 | N106: 0.2
B107: \I: | C107: H2 production SMR small 2001 | D107: PJ/a | E107: PJ | H107: Cascade-Mints D1.1 Fuel cell technologies and Hydrogen produstion/Distribution options, DLR, September 2005 | P107: 25 | R107: 2006
B108: \I: | F108: GASNAT | G108: SYNH2G | J108: 0.8 | K108: 1 | M108: 1.0939878 | N108: 1.5 | O108: 21.879756 | Q108: 1 | S108: 0.51
B109: \I: | F109: GASNAT | G109: SYNH2G | I109: 2030 | J109: 0.8 | K109: 1 | M109: 0.7768899 | N109: 1.43 | O109: 15.537798 | Q109: 1 | S109: 0.51
B110: \I: | C110: H2 production SMR large 2001 | D110: PJ/a | E110: PJ | H110: Cascade-Mints D1.1 Fuel cell technologies and Hydrogen produstion/Distribution options, DLR, September 2005 | P110: 25 | R110: 2006
B111: \I: | F111: GASNAT | G111: SYNH2G | J111: 0.9 | K111: 1 | M111: 0.53113902 | N111: 1.35 | O111: 10.62278 | Q111: 1 | S111: 0.51
B112: \I: | F112: GASNAT | G112: SYNH2G | I112: 2030 | J112: 0.9 | K112: 1 | M112: 0.3805175 | N112: 1.28 | O112: 7.6103501 | Q112: 1 | S112: 0.51
B113: \I: | C113: H2 production Solar MR 2030 | D113: PJ/a | E113: PJ | H113: Cascade-Mints D1.1 Fuel cell technologies and Hydrogen produstion/Distribution options, DLR, September 2005 | K113: 1 | P113: 20 | R113: 2030
B114: \I: | F114: GASNAT | G114: SYNH2G | I114: 2030 | J114: 0.23 | M114: 0.82128361 | N114: 0.83 | O114: 11.732623 | Q114: 1 | S114: 0
B115: \I: | F115: RENSOL | I115: 2030 | N115: 0.32
B116: \I: | C116: H2 production HFO partial oxidation 2001 | D116: PJ/a | E116: PJ | H116: Cascade-Mints D1.1 Fuel cell technologies and Hydrogen produstion/Distribution options, DLR, September 2005 | K116: 1 | P116: 25 | R116: 2006
B117: \I: | F117: OILHFO | G117: SYNH2G | J117: 0.9 | M117: 0.7927448 | N117: 1.3 | O117: 15.854896 | Q117: 1 | S117: 0
...

Sheet IND
J1: ~FI_T
A2: Sets | B2: TechName | C2: TechDesc | D2: TechCapUnit | E2: TechActUnit | F2: Comm-IN | G2: Comm-IN-A | H2: Comm-OUT | I2: Source | J2: Year | K2: AF | L2: CAPUNIT | M2: EFF | N2: CEFF~MATI | O2: EMISSIONS~INDCO2P | P2: EMISSIONS~INDCXFN | Q2: EMISSIONS~INDSCO2N | R2: FIXOM | S2: INPUT | T2: INVCOST | U2: LIFE | V2: OUTPUT | W2: VAROM | X2: SHARE~UP | Y2: Start | Z2: Input~MATI
B3: IALFINPRO01 | C3: IAL.Finishing Processes.01 | D3: Mta | E3: Mt | I3: Prospects for Energy technologies in the Netherlands ECN-C--095-039; MATTER | J3: 2006 | L3: 1 | U3: 20
F4: IALHTH | H4: IAL | J4: 2006 | K4: 0.9 | R4: 25 | S4: 9999 | T4: 500 | V4: 1
F5: INDELC | J5: 2006 | S5: 9999
F6: INDGAS | J6: 2006 | S6: 9999
F7: INDLFO | J7: 2006 | S7: 9999
G8: MALCAL | J8: 2006 | S8: 9999
B9: IALHAHEPF01 | C9: IAL.Hall Heroult.Point Feeders.01 | D9: Mta | E9: Mt | H9: MALCAL | I9: Prospects for Energy technologies in the Netherlands ECN-C--095-039; MATTER | J9: 2006 | L9: 1 | U9: 20 | V9: 1
F10: INDLFO | J10: 2006 | K10: 0.95 | O10: 1000 | P10: 0.125 | R10: 154.54545 | S10: 0.5 | T10: 4700 | W10: 552.27273
F11: INDGAS | J11: 2006 | S11: 1.5
F12: INDELC | J12: 2006 | S12: 37.6
F13: MALBAU | J13: 2006 | S13: 2
B14: IALHAHERG01 | C14: IAL.Hall Heroult.Regular.011 | D14: Mta | E14: Mt | H14: MALCAL | I14: Prospects for Energy technologies in the Netherlands ECN-C--095-039; MATTER | J14: 2006 | L14: 1 | U14: 20 | V14: 1
F15: INDLFO | J15: 2006 | K15: 0.95 | O15: 10000 | P15: 1.25 | R15: 154.54545 | S15: 0.5 | T15: 4500 | W15: 552.27273
F16: INDGAS | J16: 2006 | S16: 1.5
F17: INDELC | J17: 2006 | S17: 39
F18: MALBAU | J18: 2006 | S18: 2
B19: IALHAHERG05 | C19: IAL.Hall Heroult.OPTIMAL ELECTROLYSIS.05 | D19: Mta | E19: Mt | H19: MALCAL | I19: ICARUS-4 Sector study for the Non-Ferrous Metals Industry NWS-E-2000-08 | J19: 2006 | L19: 1 | U19: 20 | V19: 1
F20: INDLFO | J20: 2006 | K20: 0.95 | O20: 7500 | P20: 1.25 | R20: 154.54545 | S20: 0.5 | T20: 4650 | W20: 552.27273
F21: INDGAS | J21: 2006 | S21: 1.5
F22: INDELC | J22: 2006 | S22: 38
F23: MALBAU | J23: 2006 | S23: 2
B24: IALHAHERG10 | C24: IAL.Hall Heroult.reduced electrolyte temperature.10 | D24: Mta | E24: Mt | H24: MALCAL | I24: ICARUS-4 Sector study for the Non-Ferrous Metals Industry NWS-E-2000-08 | J24: 2006 | L24: 1 | U24: 20 | V24: 1
F25: INDLFO | J25: 2010 | K25: 0.95 | O25: 7500 | P25: 1.25 | R25: 154.54545 | S25: 0.5 | T25: 4575 | W25: 552.27273
F26: INDGAS | J26: 2010 | S26: 1.5
F27: INDELC | J27: 2010 | S27: 36.5
F28: MALBAU | J28: 2010 | S28: 2
B29: IALINERAN01 | C29: IAL.Inert Anodes.01 | D29: Mta | E29: Mt | H29: MALCAL | I29: Prospects for Energy technologies in the Netherlands ECN-C--095-039; MATTER | J29: 2006 | L29: 1 | U29: 20 | V29: 1
F30: INDGAS | J30: 2006 | K30: 0.95 | O30: 0 | P30: 0 | R30: 145.45455 | S30: 1.5 | T30: 4100 | W30: 552.27273
F31: INDELC | J31: 2006 | S31: 44
F32: MALBAU | J32: 2006 | S32: 1.9
B33: IALRECYCP01 | C33: IAL.Recycled Production.01 | D33: Mta | E33: Mt | H33: MALCAL | I33: Prospects for Energy technologies in the Netherlands ECN-C--095-039; MATTER | J33: 2006 | L33: 1 | U33: 20 | V33: 1
F34: INDGAS | J34: 2006 | K34: 0.9 | P34: 0 | R34: 275 | S34: 4 | T34: 950 | W34: 160
F35: INDELC | J35: 2006 | S35: 1.38
F36: MALSCR | J36: 2006 | S36: 1.05
F37: MALBAU | J37: 2006 | S37: 2
F38: MALSCR | J38: 2010 | S38: 1.04
F39: MALSCR | J39: 2015 | S39: 1.035
F40: MALSCR | J40: 2020 | S40: 1.03
F41: MALSCR | J41: 2025 | S41: 1.025
F42: MALSCR | J42: 2070 | S42: 1.02
B43: IALRECYCP05 | C43: IAL.Recycled Production scrap pre-heat.05. | D43: Mta | E43: Mt | H43: MALCAL | I43: ICARUS-4 Sector study for the Non-Ferrous Metals Industry NWS-E-2000-08 | J43: 2006 | L43: 1 | U43: 20 | V43: 1
F44: INDGAS | J44: 2006 | K44: 0.9 | P44: 0 | R44: 275 | S44: 3.6 | T44: 23.75 | W44: 160
F45: INDELC | J45: 2006 | S45: 1.38
F46: MALSCR | J46: 2006 | S46: 1.05
F47: MALBAU | J47: 2006 | S47: 2
F48: MALSCR | J48: 2010 | S48: 1.04
F49: MALSCR | J49: 2015 | S49: 1.035
F50: MALSCR | J50: 2020 | S50: 1.03
F51: MALSCR | J51: 2025 | S51: 1.025
F52: MALSCR | J52: 2070 | S52: 1.02
B53: IALRECYCP10 | C53: IAL.Recycled Production enhanced furnaces.10. | D53: Mta | E53: Mt | H53: MALCAL | I53: ICARUS-4 Sector study for the Non-Ferrous Metals Industry NWS-E-2000-08 | J53: 2006 | L53: 1 | U53: 20 | V53: 1
F54: INDGAS | J54: 2010 | K54: 0.9 | P54: 0 | R54: 280 | S54: 2 | T54: 970 | W54: 165
F55: INDELC | J55: 2010 | S55: 1.38
F56: MALSCR | J56: 2010 | S56: 1.05
F57: MALBAU | J57: 2010 | S57: 2
F58: MALSCR | J58: 2015 | S58: 1.035
F59: MALSCR | J59: 2020 | S59: 1.03
F60: MALSCR | J60: 2025 | S60: 1.025
F61: MALSCR | J61: 2070 | S61: 1.02
B62: IAMADVCAP10 | C62: IAM.Advanced ProductionCO2 Capture.10. | D62: Mta | E62: Mt | H62: IAM | I62: Prospects for Energy technologies in the Netherlands ECN-C--095-039; MATTER | J62: 2006 | L62: 1 | U62: 25 | V62: 1 | Y62: 2070
F63: INDGAS | J63: 2010 | K63: 0.9 | R63: =8.5*T63/T66 -> 11.127273 | S63: 29.784362 | T63: =330+30 -> 360 | W63: =1.2*T63/T66 -> 1.5709091
F64: INDELC | J64: 2010 | S64: 1.525
B65: IAMADVPRO10 | C65: IAM.Advanced Production.10. | D65: Mta | E65: Mt | H65: IAM | I65: Prospects for Energy technologies in the Netherlands ECN-C--095-039; MATTER | J65: 2006 | L65: 1 | U65: 25 | V65: 1
F66: INDGAS | J66: 2010 | K66: 0.9 | R66: 8.5 | S66: 29.3 | T66: 275 | W66: 1.2
F67: INDELC | J67: 2010 | S67: 1.497
B68: IAMSTDPRO01 | C68: IAM.Standard Production.01 | D68: Mta | E68: Mt | H68: IAM | I68: Prospects for Energy technologies in the Netherlands ECN-C--095-039; MATTER | J68: 2006 | K68: 0.9 | L68: 1 | U68: 25 | V68: 1
F69: INDGAS | J69: 2006 | R69: 8.5 | S69: 34.5 | T69: 285 | W69: 1.2
F70: INDELC | J70: 2006 | S70: 1.75
B71: IAMSTDPRO05 | C71: IAM.Standard Production.05. | D71: Mta | E71: Mt | H71: IAM | I71: Prospects for Energy technologies in the Netherlands ECN-C--095-039; MATTER | J71: 2006 | L71: 1 | U71: 25 | V71: 1
F72: INDGAS | J72: 2006 | K72: 0.9 | R72: 8.35 | S72: 33 | T72: 280 | W72: 1.2
F73: INDELC | J73: 2006 | S73: 1.675
B74: IAMSTDPRO10 | C74: IAM.ElectrolyserBased | D74: Mta | E74: Mt | H74: IAM | I74: Prospects for Energy technologies in the Netherlands ECN-C--095-039; MATTER | J74: 2006 | L74: 1 | U74: 25 | V74: 1
F75: INDHH2 | J75: 2010 | K75: 0.9 | R75: 8.1818182 | S75: =10*3.6*0.75 -> 27 | T75: =T72 -> 280 | W75: 1.2
B76: ICHELEELC01 | C76: ICH. Other Chemicals.Electro-Chemical Processes.ELC.01 | D76: PJa | E76: PJ | I76: Prospects for Energy technologies in the Netherlands ECN-C--095-039; MATTER | J76: 2006 | L76: 1 | U76: 30
F77: INDELC | H77: ICHELE | J77: 2006 | K77: 0.95 | R77: 0.001 | S77: 1 | T77: 0.018 | V77: 1 | W77: 0
B78: ICHMCHELC01 | C78: ICH. Other Chemicals.Machine Drive.ELC.01 | D78: PJa | E78: PJ | I78: Prospects for Energy technologies in the Netherlands ECN-C--095-039; MATTER | J78: 2006 | L78: 1 | U78: 30
F79: INDELC | H79: ICHMCH | J79: 2006 | K79: 0.85 | R79: 0.001 | S79: 1.053 | T79: 0.024 | V79: 1 | W79: 0
A80: \I: | B80: ICHMCHBIO01 | C80: ICH. Other Chemicals.Machine Drive.BIO.01 | D80: PJa | E80: PJ | F80: INDBIO | H80: ICHMCH | I80: Prospects for Energy technologies in the Netherlands ECN-C--095-039; MATTER | J80: 2006 | K80: 0.95 | L80: 1 | S80: 2 | T80: 0.024 | U80: 30 | V80: 1 | W80: 0 | Y80: 2006
A81: \I: | B81: ICHMCHCOA01 | C81: ICH. Other Chemicals.Machine Drive.COA.01 | D81: PJa | E81: PJ | F81: INDCOA | H81: ICHMCH | I81: Prospects for Energy technologies in the Netherlands ECN-C--095-039; MATTER | J81: 2006 | K81: 0.95 | L81: 1 | S81: 2 | T81: 0.024 | U81: 30 | V81: 1 | W81: 0 | Y81: 2006
A82: \I: | B82: ICHMCHCOK01 | C82: ICH. Other Chemicals.Machine Drive.COK.01 | D82: PJa | E82: PJ | F82: INDCOK | H82: ICHMCH | I82: Prospects for Energy technologies in the Netherlands ECN-C--095-039; MATTER | J82: 2006 | K82: 0.95 | L82: 1 | S82: 2 | T82: 0.024 | U82: 30 | V82: 1 | W82: 0 | Y82: 2006
A83: \I: | B83: ICHMCHGAS01 | C83: ICH. Other Chemicals.Machine Drive.GAS.01 | D83: PJa | E83: PJ | F83: INDGAS | H83: ICHMCH | I83: Prospects for Energy technologies in the Netherlands ECN-C--095-039; MATTER | J83: 2006 | K83: 0.95 | L83: 1 | S83: 2 | T83: 0.024 | U83: 30 | V83: 1 | W83: 0 | Y83: 2006
A84: \I: | B84: ICHMCHHFO01 | C84: ICH. Other Chemicals.Machine Drive.HFO.01 | D84: PJa | E84: PJ | F84: INDHFO | H84: ICHMCH | I84: Prospects for Energy technologies in the Netherlands ECN-C--095-039; MATTER | J84: 2006 | K84: 0.95 | L84: 1 | S84: 2 | T84: 0.024 | U84: 30 | V84: 1 | W84: 0 | Y84: 2006
A85: \I: | B85: ICHMCHLFO01 | C85: ICH. Other Chemicals.Machine Drive.LFO.01 | D85: PJa | E85: PJ | F85: INDLFO | H85: ICHMCH | I85: Prospects for Energy technologies in the Netherlands ECN-C--095-039; MATTER | J85: 2006 | K85: 0.95 | L85: 1 | S85: 2 | T85: 0.024 | U85: 30 | V85: 1 | W85: 0 | Y85: 2006
A86: \I: | B86: ICHMCHLPG01 | C86: ICH. Other Chemicals.Machine Drive.LPG.01 | D86: PJa | E86: PJ | F86: INDLPG | H86: ICHMCH | I86: Prospects for Energy technologies in the Netherlands ECN-C--095-039; MATTER | J86: 2006 | K86: 0.95 | L86: 1 | S86: 2 | T86: 0.024 | U86: 30 | V86: 1 | W86: 0 | Y86: 2006
B87: ICHPRCBIO01 | C87: ICH. Other Chemicals.Process heat.BIO.01 | D87: GW | E87: PJ | I87: Prospects for Energy technologies in the Netherlands ECN-C--095-039; MATTER | J87: 2006 | L87: 31.536 | U87: 30
F88: INDBIO | H88: ICHPRC | J88: 2006 | K88: 0.85 | R88: 53.92656 | S88: 1.1 | T88: 728.4816 | V88: 1 | W88: 0
B89: ICHPRCCOA01 | C89: ICH. Other Chemicals.Process heat.COA.01 | D89: GW | E89: PJ | I89: Prospects for Energy technologies in the Netherlands ECN-C--095-039; MATTER | J89: 2006 | L89: 31.536 | U89: 30
F90: INDCOA | H90: ICHPRC | J90: 2006 | K90: 0.85 | R90: 18.9216 | S90: 1.1 | T90: 517.1904 | V90: 1 | W90: 0
B91: ICHPRCCOK01 | C91: ICH. Other Chemicals.Process heat.COK.01 | D91: GW | E91: PJ | I91: Prospects for Energy technologies in the Netherlands ECN-C--095-039; MATTER | J91: 2006 | L91: 31.536 | U91: 30
F92: INDCOK | H92: ICHPRC | J92: 2006 | K92: 0.85 | R92: 18.9216 | S92: 1.1 | T92: 517.1904 | V92: 1 | W92: 0
B93: ICHPRCELC01 | C93: ICH. Other Chemicals.Process heat.ELC.01 | D93: GW | E93: PJ | I93: Prospects for Energy technologies in the Netherlands ECN-C--095-039; MATTER | J93: 2006 | L93: 31.536 | U93: 30
F94: INDELC | H94: ICHPRC | J94: 2006 | K94: 0.85 | R94: 15.768 | S94: 1.1363636 | T94: 473.04 | V94: 1 | W94: 0
B95: ICHPRCGAS01 | C95: ICH. Other Chemicals.Process heat.GAS.01 | D95: GW | E95: PJ | I95: Prospects for Energy technologies in the Netherlands ECN-C--095-039; MATTER | J95: 2006 | L95: 31.536 | U95: 30
F96: INDGAS | H96: ICHPRC | J96: 2006 | K96: 0.85 | R96: 11.98368 | S96: 1.1494253 | T96: 208.1376 | V96: 1 | W96: 0
B97: ICHPRCHFO01 | C97: ICH. Other Chemicals.Process heat.HFO.01 | D97: GW | E97: PJ | I97: Prospects for Energy technologies in the Netherlands ECN-C--095-039; MATTER | J97: 2006 | L97: 31.536 | U97: 30
F98: INDHFO | H98: ICHPRC | J98: 2006 | K98: 0.85 | R98: 31.536 | S98: 1.1764706 | T98: 378.432 | V98: 1 | W98: 0
B99: ICHPRCLFO01 | C99: ICH. Other Chemicals.Process heat.LFO.01 | D99: GW | E99: PJ | I99: Prospects for Energy technologies in the Netherlands ECN-C--095-039; MATTER | J99: 2006 | L99: 31.536 | U99: 30
F100: INDLFO | H100: ICHPRC | J100: 2006 | K100: 0.85 | R100: 15.768 | S100: 1.2195122 | T100: 315.36 | V100: 1 | W100: 0
...

Sheet Renovation building stocks
C1: ~FI_T | AU1: 2019 | AV1: light | AY1: medium | BB1: full
A2: TechName | B2: Comm-OUT | C2: Year | D2: AT | E2: BE | F2: BG | G2: CH | H2: CY | I2: CZ | J2: DE | K2: DK | L2: EE | M2: ES | N2: FI | O2: FR | P2: EL | Q2: HR | R2: HU | S2: IE | T2: IS | U2: IT | V2: LT | W2: LU | X2: LV | Y2: MT | Z2: NL | AA2: NO | AB2: PL | AC2: PT | AD2: RO | AE2: SE | AF2: SI | AG2: SK | AH2: UK | AI2: AL | AJ2: BA | AK2: ME | AL2: MK | AM2: RS | AN2: KS | AO2: AF~FX | AP2: AF~FX~0 | AQ2: LIFE | AU2: Mm2 | AV2: SF Detached | AW2: SF Semi-detached | AX2: Flat | AY2: SF Detached | AZ2: SF Semi-detached | BA2: Flat | BB2: SF Detached | BC2: SF Semi-detached | BD2: Flat
A3: ICNBLRFLAT01 | B3: R_LRFlat | C3: 2019 | D3: =IFERROR(INDEX($AX$3:$AX$33,MATCH(D2,$AU$3:$AU$33,0)),0) -> 4.453241 | E3: =IFERROR(INDEX($AX$3:$AX$33,MATCH(E2,$AU$3:$AU$33,0)),0) -> 6.353707 | F3: =IFERROR(INDEX($AX$3:$AX$33,MATCH(F2,$AU$3:$AU$33,0)),0) -> 7.937044 | G3: =IFERROR(INDEX($AX$3:$AX$33,MATCH(G2,$AU$3:$AU$33,0)),0) -> 6.068384 | H3: =IFERROR(INDEX($AX$3:$AX$33,MATCH(H2,$AU$3:$AU$33,0)),0) -> 0.212601 | I3: =IFERROR(INDEX($AX$3:$AX$33,MATCH(I2,$AU$3:$AU$33,0)),0) -> 7.830872 | J3: =IFERROR(INDEX($AX$3:$AX$33,MATCH(J2,$AU$3:$AU$33,0)),0) -> 45.56301 | K3: =IFERROR(INDEX($AX$3:$AX$33,MATCH(K2,$AU$3:$AU$33,0)),0) -> 2.881297 | ... AN3: =IFERROR(INDEX($AX$3:$AX$33,MATCH(AN2,$AU$3:$AU$33,0)),0) -> 0 | AO3: 1 | AP3: 3 | AQ3: 200 | AU3: AT | AV3: 6.446572 | AW3: 1.101598 | AX3: 4.453241 | AY3: 3.320961 | AZ3: 0.56749 | BA3: 2.294094 | BB3: 0.390701 | BC3: 0.066764 | BD3: 0.269893
A4: ICNBLRDetH01 | B4: R_LRDetH | C4: 2019 | D4: =IFERROR(INDEX($AV$3:$AV$33,MATCH(D2,$AU$3:$AU$33,0)),0) -> 6.446572 | E4: =IFERROR(INDEX($AV$3:$AV$33,MATCH(E2,$AU$3:$AU$33,0)),0) -> 12.98469 | F4: =IFERROR(INDEX($AV$3:$AV$33,MATCH(F2,$AU$3:$AU$33,0)),0) -> 7.761844 | G4: =IFERROR(INDEX($AV$3:$AV$33,MATCH(G2,$AU$3:$AU$33,0)),0) -> 6.477246 | H4: =IFERROR(INDEX($AV$3:$AV$33,MATCH(H2,$AU$3:$AU$33,0)),0) -> 0.422667 | I4: =IFERROR(INDEX($AV$3:$AV$33,MATCH(I2,$AU$3:$AU$33,0)),0) -> 7.45063 | J4: =IFERROR(INDEX($AV$3:$AV$33,MATCH(J2,$AU$3:$AU$33,0)),0) -> 40.74363 | K4: =IFERROR(INDEX($AV$3:$AV$33,MATCH(K2,$AU$3:$AU$33,0)),0) -> 5.748304 | ... AN4: =IFERROR(INDEX($AV$3:$AV$33,MATCH(AN2,$AU$3:$AU$33,0)),0) -> 0 | AO4: 1 | AP4: 3 | AQ4: 200 | AU4: BE | AV4: 12.98469 | AW4: 14.71814 | AX4: 6.353707 | AY4: 1.997645 | AZ4: 2.264329 | BA4: 0.977493 | BB4: 0.399529 | BC4: 0.452866 | BD4: 0.195499
A5: ICNBLRSDtH01 | B5: R_LRSDetH | C5: 2019 | D5: =IFERROR(INDEX($AW$3:$AW$33,MATCH(D2,$AU$3:$AU$33,0)),0) -> 1.101598 | E5: =IFERROR(INDEX($AW$3:$AW$33,MATCH(E2,$AU$3:$AU$33,0)),0) -> 14.71814 | F5: =IFERROR(INDEX($AW$3:$AW$33,MATCH(F2,$AU$3:$AU$33,0)),0) -> 1.823089 | G5: =IFERROR(INDEX($AW$3:$AW$33,MATCH(G2,$AU$3:$AU$33,0)),0) -> 4.523377 | H5: =IFERROR(INDEX($AW$3:$AW$33,MATCH(H2,$AU$3:$AU$33,0)),0) -> 0.260417 | I5: =IFERROR(INDEX($AW$3:$AW$33,MATCH(I2,$AU$3:$AU$33,0)),0) -> 2.042125 | J5: =IFERROR(INDEX($AW$3:$AW$33,MATCH(J2,$AU$3:$AU$33,0)),0) -> 25.93085 | K5: =IFERROR(INDEX($AW$3:$AW$33,MATCH(K2,$AU$3:$AU$33,0)),0) -> 1.29654 | ... AN5: =IFERROR(INDEX($AW$3:$AW$33,MATCH(AN2,$AU$3:$AU$33,0)),0) -> 0 | AO5: 1 | AP5: 3 | AQ5: 200 | AU5: BG | AV5: 7.761844 | AW5: 1.823089 | AX5: 7.937044 | AY5: 1.173302 | AZ5: 0.275583 | BA5: 1.199786 | BB5: 0.090254 | BC5: 0.021199 | BD5: 0.092291
A6: ICNBMRFLAT01 | B6: R_MRFlat | C6: 2019 | D6: =IFERROR(INDEX($BA$3:$BA$33,MATCH(D2,$AU$3:$AU$33,0)),0) -> 2.294094 | E6: =IFERROR(INDEX($BA$3:$BA$33,MATCH(E2,$AU$3:$AU$33,0)),0) -> 0.977493 | F6: =IFERROR(INDEX($BA$3:$BA$33,MATCH(F2,$AU$3:$AU$33,0)),0) -> 1.199786 | G6: =IFERROR(INDEX($BA$3:$BA$33,MATCH(G2,$AU$3:$AU$33,0)),0) -> 1.548057 | H6: =IFERROR(INDEX($BA$3:$BA$33,MATCH(H2,$AU$3:$AU$33,0)),0) -> 0.132876 | I6: =IFERROR(INDEX($BA$3:$BA$33,MATCH(I2,$AU$3:$AU$33,0)),0) -> 2.409499 | J6: =IFERROR(INDEX($BA$3:$BA$33,MATCH(J2,$AU$3:$AU$33,0)),0) -> 11.7162 | K6: =IFERROR(INDEX($BA$3:$BA$33,MATCH(K2,$AU$3:$AU$33,0)),0) -> 0.540243 | ... AN6: =IFERROR(INDEX($BA$3:$BA$33,MATCH(AN2,$AU$3:$AU$33,0)),0) -> 0 | AO6: 1 | AP6: 3 | AQ6: 200 | AU6: CH | AV6: 6.477246 | AW6: 4.523377 | AX6: 6.068384 | AY6: 1.652359 | AZ6: 1.153923 | BA6: 1.548057 | BB6: 0.198283 | BC6: 0.138471 | BD6: 0.185767
A7: ICNBMRDetH01 | B7: R_MRDetH | C7: 2019 | D7: =IFERROR(INDEX($AY$3:$AY$33,MATCH(D2,$AU$3:$AU$33,0)),0) -> 3.320961 | E7: =IFERROR(INDEX($AY$3:$AY$33,MATCH(E2,$AU$3:$AU$33,0)),0) -> 1.997645 | F7: =IFERROR(INDEX($AY$3:$AY$33,MATCH(F2,$AU$3:$AU$33,0)),0) -> 1.173302 | G7: =IFERROR(INDEX($AY$3:$AY$33,MATCH(G2,$AU$3:$AU$33,0)),0) -> 1.652359 | H7: =IFERROR(INDEX($AY$3:$AY$33,MATCH(H2,$AU$3:$AU$33,0)),0) -> 0.264167 | I7: =IFERROR(INDEX($AY$3:$AY$33,MATCH(I2,$AU$3:$AU$33,0)),0) -> 2.292502 | J7: =IFERROR(INDEX($AY$3:$AY$33,MATCH(J2,$AU$3:$AU$33,0)),0) -> 10.47693 | K7: =IFERROR(INDEX($AY$3:$AY$33,MATCH(K2,$AU$3:$AU$33,0)),0) -> 1.077807 | ... AN7: =IFERROR(INDEX($AY$3:$AY$33,MATCH(AN2,$AU$3:$AU$33,0)),0) -> 0 | AO7: 1 | AP7: 3 | AQ7: 200 | AU7: CY | AV7: 0.422667 | AW7: 0.260417 | AX7: 0.212601 | AY7: 0.264167 | AZ7: 0.16276 | BA7: 0.132876 | BB7: 0.052833 | BC7: 0.032552 | BD7: 0.026575
A8: ICNBMRSDtH01 | B8: R_MRSDetH | C8: 2019 | D8: =IFERROR(INDEX($AZ$3:$AZ$33,MATCH(D2,$AU$3:$AU$33,0)),0) -> 0.56749 | E8: =IFERROR(INDEX($AZ$3:$AZ$33,MATCH(E2,$AU$3:$AU$33,0)),0) -> 2.264329 | F8: =IFERROR(INDEX($AZ$3:$AZ$33,MATCH(F2,$AU$3:$AU$33,0)),0) -> 0.275583 | G8: =IFERROR(INDEX($AZ$3:$AZ$33,MATCH(G2,$AU$3:$AU$33,0)),0) -> 1.153923 | H8: =IFERROR(INDEX($AZ$3:$AZ$33,MATCH(H2,$AU$3:$AU$33,0)),0) -> 0.16276 | I8: =IFERROR(INDEX($AZ$3:$AZ$33,MATCH(I2,$AU$3:$AU$33,0)),0) -> 0.628346 | J8: =IFERROR(INDEX($AZ$3:$AZ$33,MATCH(J2,$AU$3:$AU$33,0)),0) -> 6.667932 | K8: =IFERROR(INDEX($AZ$3:$AZ$33,MATCH(K2,$AU$3:$AU$33,0)),0) -> 0.243101 | ... AN8: =IFERROR(INDEX($AZ$3:$AZ$33,MATCH(AN2,$AU$3:$AU$33,0)),0) -> 0 | AO8: 1 | AP8: 3 | AQ8: 200 | AU8: CZ | AV8: 7.45063 | AW8: 2.042125 | AX8: 7.830872 | AY8: 2.292502 | AZ8: 0.628346 | BA8: 2.409499 | BB8: 0.143281 | BC8: 0.039272 | BD8: 0.150594
A9: ICNBFRFLAT01 | B9: R_FRFlat | C9: 2019 | D9: =IFERROR(INDEX($BD$3:$BD$33,MATCH(D2,$AU$3:$AU$33,0)),0) -> 0.269893 | E9: =IFERROR(INDEX($BD$3:$BD$33,MATCH(E2,$AU$3:$AU$33,0)),0) -> 0.195499 | F9: =IFERROR(INDEX($BD$3:$BD$33,MATCH(F2,$AU$3:$AU$33,0)),0) -> 0.092291 | G9: =IFERROR(INDEX($BD$3:$BD$33,MATCH(G2,$AU$3:$AU$33,0)),0) -> 0.185767 | H9: =IFERROR(INDEX($BD$3:$BD$33,MATCH(H2,$AU$3:$AU$33,0)),0) -> 0.026575 | I9: =IFERROR(INDEX($BD$3:$BD$33,MATCH(I2,$AU$3:$AU$33,0)),0) -> 0.150594 | J9: =IFERROR(INDEX($BD$3:$BD$33,MATCH(J2,$AU$3:$AU$33,0)),0) -> 1.3018 | K9: =IFERROR(INDEX($BD$3:$BD$33,MATCH(K2,$AU$3:$AU$33,0)),0) -> 0 | ... AN9: =IFERROR(INDEX($BD$3:$BD$33,MATCH(AN2,$AU$3:$AU$33,0)),0) -> 0 | AO9: 1 | AP9: 3 | AQ9: 200 | AU9: DE | AV9: 40.74363 | AW9: 25.93085 | AX9: 45.56301 | AY9: 10.47693 | AZ9: 6.667932 | BA9: 11.7162 | BB9: 1.164104 | BC9: 0.740881 | BD9: 1.3018
A10: ICNBFRDetH01 | B10: R_FRDetH | C10: 2019 | D10: =IFERROR(INDEX($BB$3:$BB$33,MATCH(D2,$AU$3:$AU$33,0)),0) -> 0.390701 | E10: =IFERROR(INDEX($BB$3:$BB$33,MATCH(E2,$AU$3:$AU$33,0)),0) -> 0.399529 | F10: =IFERROR(INDEX($BB$3:$BB$33,MATCH(F2,$AU$3:$AU$33,0)),0) -> 0.090254 | G10: =IFERROR(INDEX($BB$3:$BB$33,MATCH(G2,$AU$3:$AU$33,0)),0) -> 0.198283 | H10: =IFERROR(INDEX($BB$3:$BB$33,MATCH(H2,$AU$3:$AU$33,0)),0) -> 0.052833 | I10: =IFERROR(INDEX($BB$3:$BB$33,MATCH(I2,$AU$3:$AU$33,0)),0) -> 0.143281 | J10: =IFERROR(INDEX($BB$3:$BB$33,MATCH(J2,$AU$3:$AU$33,0)),0) -> 1.164104 | K10: =IFERROR(INDEX($BB$3:$BB$33,MATCH(K2,$AU$3:$AU$33,0)),0) -> 0 | ... AN10: =IFERROR(INDEX($BB$3:$BB$33,MATCH(AN2,$AU$3:$AU$33,0)),0) -> 0 | AO10: 1 | AP10: 3 | AQ10: 200 | AU10: DK | AV10: 5.748304 | AW10: 1.29654 | AX10: 2.881297 | AY10: 1.077807 | AZ10: 0.243101 | BA10: 0.540243 | BB10: 0 | BC10: 0 | BD10: 0
A11: ICNBFRSDtH01 | B11: R_FRSDetH | C11: 2019 | D11: =IFERROR(INDEX($BC$3:$BC$33,MATCH(D2,$AU$3:$AU$33,0)),0) -> 0.066764 | E11: =IFERROR(INDEX($BC$3:$BC$33,MATCH(E2,$AU$3:$AU$33,0)),0) -> 0.452866 | F11: =IFERROR(INDEX($BC$3:$BC$33,MATCH(F2,$AU$3:$AU$33,0)),0) -> 0.021199 | G11: =IFERROR(INDEX($BC$3:$BC$33,MATCH(G2,$AU$3:$AU$33,0)),0) -> 0.138471 | H11: =IFERROR(INDEX($BC$3:$BC$33,MATCH(H2,$AU$3:$AU$33,0)),0) -> 0.032552 | I11: =IFERROR(INDEX($BC$3:$BC$33,MATCH(I2,$AU$3:$AU$33,0)),0) -> 0.039272 | J11: =IFERROR(INDEX($BC$3:$BC$33,MATCH(J2,$AU$3:$AU$33,0)),0) -> 0.740881 | K11: =IFERROR(INDEX($BC$3:$BC$33,MATCH(K2,$AU$3:$AU$33,0)),0) -> 0 | ... AN11: =IFERROR(INDEX($BC$3:$BC$33,MATCH(AN2,$AU$3:$AU$33,0)),0) -> 0 | AO11: 1 | AP11: 3 | AQ11: 200 | AU11: EE | AV11: 0.421951 | AW11: 0.072112 | AX11: 0.824767 | AY11: 0.082046 | AZ11: 0.014022 | BA11: 0.160371 | BB11: 0.011721 | BC11: 0.002003 | BD11: 0.02291
AU12: EL | AV12: 2.644467 | AW12: 0.668062 | AX12: 3.887408 | AY12: 1.264745 | AZ12: 0.319508 | BA12: 1.859195 | BB12: 0.229954 | BC12: 0.058092 | BD12: 0.338035
AU13: ES | AV13: 4.79201 | AW13: 7.536778 | AX13: 22.78452 | AY13: 3.879246 | AZ13: 6.101201 | BA13: 18.44461 | BB13: 0.684573 | BC13: 1.076683 | BD13: 3.254932
AU14: FI | AV14: 3.103209 | AW14: 1.255439 | AX14: 2.00583 | AY14: 0.290926 | AZ14: 0.117697 | BA14: 0.188047 | BB14: 0 | BC14: 0 | BD14: 0
AU15: FR | AV15: 55.43492 | AW15: 28.34359 | AX15: 38.23877 | AY15: 11.79466 | AZ15: 6.03055 | BA15: 8.135908 | BB15: 2.358933 | BC15: 1.20611 | BD15: 1.627182
AU16: HR | AV16: 4.127591 | AW16: 0.356273 | AX16: 2.42609 | AY16: 0.924087 | AZ16: 0.079763 | BA16: 0.543155 | BB16: 0.061606 | BC16: 0.005318 | BD16: 0.03621
AU17: HU | AV17: 5.997683 | AW17: 0.571231 | AX17: 2.057853 | AY17: 1.86135 | AZ17: 0.177278 | BA17: 0.638644 | BB17: 0.206817 | BC17: 0.019698 | BD17: 0.07096
AU18: IE | AV18: 3.155957 | AW18: 3.163545 | AX18: 0.454844 | AY18: 0.556934 | AZ18: 0.558273 | BA18: 0.080267 | BB18: 0.092822 | BC18: 0.093045 | BD18: 0.013378
AU19: IS | AV19: 0.237076 | AW19: 0.130353 | AX19: 0.169754 | AY19: 0.060479 | AZ19: 0.033253 | BA19: 0.043305 | BB19: 0.007257 | BC19: 0.00399 | BD19: 0.005197
AU20: IT | AV20: 13.90986 | AW20: 17.00784 | AX20: 74.3579 | AY20: 5.216198 | AZ20: 6.377941 | BA20: 27.88421 | BB20: 1.04324 | BC20: 1.275588 | BD20: 5.576843
AU21: LT | AV21: 1.23157 | AW21: 0.251979 | AX21: 1.467619 | AY21: 0.297276 | AZ21: 0.060823 | BA21: 0.354253 | BB21: 0.084936 | BC21: 0.017378 | BD21: 0.101215
AU22: LU | AV22: 0.179775 | AW22: 0.148773 | AX22: 0.181553 | AY22: 0.031265 | AZ22: 0.025874 | BA22: 0.031574 | BB22: 0.007816 | BC22: 0.006468 | BD22: 0.007894
AU23: LV | AV23: 0.87648 | AW23: 0.103595 | AX23: 1.17242 | AY23: 0.232009 | AZ23: 0.027422 | BA23: 0.310346 | BB23: 0 | BC23: 0 | BD23: 0
... AU33: UK | AV33: 6.851098 | AW33: 14.01583 | AX33: 36.12353 | AY33: 2.791188 | AZ33: 5.710154 | BA33: 14.717 | BB33: 0.253744 | BC33: 0.519105 | BD33: 1.337909

Sheet IND_IIS
H4: ~FI_T
A5: Sets | B5: TechName | C5: Comm-IN | D5: Comm-OUT | E5: CommGRP | F5: Comm-IN-A | G5: Source | H5: Year | I5: AF | J5: CAPUNIT | K5: FIXOM | L5: INPUT | M5: OUTPUT | N5: INVCOST | O5: VAROM | P5: LIFE | Q5: Start | R5: ACT_EFF | S5: EFF | U5: ENV_ACT~SNKTOTCO2
A6: \I:Steel
B7: =IND!C1290 -> IISPELLET01 | G7: Etech-DB version8 | H7: 2006 | J7: 1 | P7: 25 | Q7: 2006
C8: MISORE | D8: MISPLT | H8: 2006 | I8: 0.95 | K8: 3.3775479 | L8: 1 | M8: 1 | N8: 61.921711 | O8: 4.841152
C9: INDELC | H9: 2006 | L9: 1.14
C10: INDCOK | H10: 2006 | L10: 1.01
B11: =IND!C1291 -> IISSINTER01 | E11: IIS_Gases | G11: Etech-DB version8 | H11: 2006 | J11: 1 | P11: 25 | Q11: 2006 | R11: 2
C12: MISORE | D12: MISSNT | H12: 2006 | I12: 0.95 | K12: 2.8146232 | L12: 1 | M12: 1 | N12: 56.292465 | O12: 6.1921711
C13: INDELC | H13: 2006 | L13: 0.1
C14: INDCOK | H14: 2006 | L14: 1.16
C15: INDGAS | H15: 2006
C16: INDCOG | H16: 2006
B17: =IND!C1292 -> IISSINTERBIO | G17: Etech-DB version8 | H17: 2006 | J17: 1 | P17: 25 | Q17: 2020
C18: MISORE | D18: MISSNT | H18: 2006 | I18: 0.95 | K18: 2.8146232 | L18: 1 | M18: 1 | N18: 70 | O18: 6.1921711
C19: INDELC | H19: 2006 | L19: 0.1
C20: INDBIO | H20: 2006 | L20: =L14+1/R11+0.2 -> 1.86
B21: =IND!C1293 -> IISOXYGEN01 | H21: 2006 | J21: 1 | P21: 30 | Q21: 2006
C22: INDELC | D22: MISOXY | H22: 2006 | I22: 0.85 | K22: 10 | L22: 0.72 | M22: 1 | N22: 200
B23: =IND!C1294 -> IISBLAFURBIO | H23: 2006 | J23: 1 | P23: 30 | Q23: 2006
C24: MISPLT | D24: MISRIR | H24: 2006 | I24: 0.85 | K24: 10 | L24: 0.155 | M24: 1 | N24: =1.4*N30 -> 382.2 | O24: 2
C25: MISSNT | D25: MISBFS | H25: 2006 | L25: 1.34 | M25: 0.25
C26: MISOXY | D26: GASBFG | H26: 2006 | L26: 0.05 | M26: 3.25
C27: INDBIO | H27: 2006 | L27: 18
C28: INDELC | H28: 2006 | L28: 0.5
B29: =IND!C1295 -> IISBLAFURDCI05 | H29: 2006 | J29: 1 | P29: 30 | Q29: 2005
C30: MISPLT | D30: MISRIR | H30: 2006 | I30: 0.85 | K30: 10 | L30: 0.155 | M30: 1 | N30: 273 | O30: 2
C31: MISSNT | D31: MISBFS | H31: 2006 | L31: 1.34 | M31: 0.25
C32: MISOXY | D32: GASBFG | H32: 2006 | L32: 0.05 | M32: 3.25
C33: INDCOK | H33: 2006 | L33: 9.3
C34: INDELC | H34: 2006 | L34: 0.5
C35: INDCOA | H35: 2006 | L35: 6.2
B36: =IND!C1298 -> IISBLAFURCS20 | H36: 2020 | J36: 1 | P36: 30 | Q36: 2020 | U36: 746 | V36: =U36/(V40+V42) -> 0.50030179
C37: MISPLT | D37: MISRIR | H37: 2020 | I37: 0.85 | K37: 15 | L37: 0.155 | M37: 1 | N37: 500 | O37: 5
C38: MISSNT | D38: MISBFS | H38: 2020 | L38: 1.34 | M38: 0.25
C39: MISOXY | D39: SYNH2CT | H39: 2020 | L39: 0.05 | M39: 3.014
C40: INDCOK | H40: 2020 | L40: 9.3 | V40: =L40*95 -> 883.5
C41: INDELC | H41: 2020 | L41: 1.112
C42: INDCOA | H42: 2020 | L42: 6.2 | V42: =L42*98 -> 607.6
B43: =IND!C1296 -> IISBLAFURTGR10 | H43: 2010 | J43: 1 | P43: 30 | Q43: 2010
C44: MISPLT | H44: 2010 | I44: 0.85 | K44: 12.5 | L44: 0.04 | N44: 387 | O44: 3.5
C45: MISSNT | D45: MISRIR | H45: 2010 | L45: 1.54 | M45: 1
C46: MISOXY | D46: MISBFS | H46: 2010 | L46: 0.45 | M46: 0.25
C47: INDCOK | D47: GASBFT | H47: 2010 | L47: 5.916 | M47: 0.7
C48: INDELC | H48: 2010 | L48: 0.17
C49: INDCOA | H49: 2010 | L49: 5.22
B50: =IND!C1297 -> IISBLAFURTGRCS20 | H50: 2020 | J50: 1 | P50: 30 | Q50: 2020 | U50: 796 | V50: =U50/(V54+V56) -> 0.74144451
C51: MISPLT | D51: MISRIR | H51: 2020 | I51: 0.85 | K51: 15 | L51: 0.04 | M51: 1 | N51: 500 | O51: 5
C52: MISSNT | D52: MISBFS | H52: 2020 | L52: 1.54 | M52: 0.25
C53: MISOXY | D53: GASIIS | H53: 2020 | L53: 0.45 | M53: 0.7
C54: INDCOK | H54: 2020 | L54: 5.916 | V54: =L54*95 -> 562.02
C55: INDELC | H55: 2020 | L55: 0.27
C56: INDCOA | H56: 2020 | L56: 5.22 | V56: =L56*98 -> 511.56
B57: =IND!C1279 -> IISBOXFUR01 | G57: Etech-DB version8 | H57: 2006 | J57: 1 | P57: 30 | Q57: 2006
C58: MISOXY | D58: MISCST | H58: 2006 | I58: 0.85 | K58: 4.5033972 | L58: 0.05 | M58: 1 | N58: 112.58493 | O58: 56.292465
C59: MISRIR | D59: GASIIS | H59: 2006 | L59: 0.9 | M59: 0.65
C60: MISSCR | H60: 2006 | L60: 0.18
C61: MISQLI | H61: 2006 | L61: 0.05
C62: INDELC | H62: 2006 | L62: 0.1
B63: =IND!C1280 -> IISBOXSCR01 | G63: Etech-DB version8 | H63: 2006 | J63: 1 | P63: 30 | Q63: 2006
C64: MISOXY | D64: MISCST | H64: 2006 | I64: 0.85 | K64: 4.5033972 | L64: 0.05 | M64: 1 | N64: 135.10192 | O64: 56.292465
C65: MISRIR | D65: GASIIS | H65: 2006 | L65: 0.495 | M65: 0.65
C66: MISSCR | H66: 2006 | L66: 0.595
C67: MISQLI | H67: 2006 | L67: 0.05
C68: INDELC | H68: 2006 | L68: 0.1
B69: =IND!C1281 -> IISCOREX01 | C69: MISPLT | D69: MISRIR | H69: 2006 | I69: 0.85 | J69: 1 | K69: 10 | L69: 0.75 | M69: 1 | N69: =N30+100 -> 373 | O69: 2.2516986 | P69: 25 | Q69: 2006
C70: MISORE | D70: MISBFS | H70: 2006 | L70: 0.75 | M70: 0.35
C71: INDCOA | D71: GASIIS | H71: 2006 | L71: 27 | M71: 10.9
C72: INDCOK | H72: 2006 | L72: 3.1
C73: INDELC | H73: 2006 | L73: 0.324
C74: MISOXY | H74: 2006 | L74: 0.689
B75: =IND!C1299 -> IISCOREXCS | C75: MISPLT | D75: MISRIR | H75: 2020 | I75: 0.85 | J75: 1 | K75: 15 | L75: 0.75 | M75: 1 | N75: 600 | O75: 5 | P75: 25 | Q75: 2020 | U75: 763 | V75: =U75/(V79+V78) -> 0.25947968
C76: MISORE | D76: MISBFS | H76: 2020 | L76: 0.75 | M76: 0.35
C77: MISOXY | D77: GASCOP | H77: 2020 | L77: 0.689 | M77: 10.9
C78: INDCOA | H78: 2020 | L78: 27 | V78: =L78*98 -> 2646
C79: INDCOK | H79: 2020 | L79: 3.1 | V79: =L79*95 -> 294.5
C80: INDELC | H80: 2020 | L80: 1.075
B81: =IND!C1282 -> IISCUPOLA01 | G81: Etech-DB version8 | H81: 2006 | J81: 1 | P81: 30 | Q81: 2006
C82: MISSCR | D82: MISCST | H82: 2006 | I82: 0.9 | K82: 112.58493 | L82: 1.3 | M82: 1 | N82: 1125.8493 | O82: 225.16986
C83: INDELC | H83: 2006 | L83: 4.6
C84: INDGAS | H84: 2006 | L84: 11.4
B85: =IND!C1283 -> IISCYCFUR01 | G85: Etech-DB version8 | H85: 2006 | J85: 1 | P85: 25 | Q85: 2006
C86: MISSNT | D86: IISHTH | H86: 2006 | I86: 0.85 | K86: 11.258493 | L86: 1.5 | M86: 4.3 | N86: 225.16986 | O86: 5.6292465
C87: MISOXY | D87: GASBFG | H87: 2006 | L87: 0.73 | M87: 4
C88: INDELC | D88: MISBFS | H88: 2006 | L88: 1.3 | M88: 0.27
C89: INDBFG | D89: MISRIR | H89: 2006 | L89: 2 | M89: 1
C90: INDCOA | H90: 2006 | L90: 20.1
B91: =IND!C1284 -> IISDRIEAF01 | E91: IIS_Gases | G91: Etech-DB version8 | H91: 2006 | J91: 1 | P91: 20 | Q91: 2006 | R91: =1/3 -> 0.33333333
C92: MISDIR | D92: MISCST | H92: 2006 | I92: 0.9 | K92: 4.5033972 | L92: 1.05 | M92: 1 | N92: 112.58493 | O92: 28.146232
C93: MISSCR | H93: 2006 | L93: 0.03
C94: MISOXY | H94: 2006 | L94: 0.5
C95: INDELC | H95: 2006 | L95: 2.25
C96: INDGAS | H96: 2006
C97: INDIIS | H97: 2006
C98: INDCOG | H98: 2006
C99: INDCOP | H99: 2006
B100: =IND!C1285 -> IISDRISPN01 | E100: IIS_Gases | G100: Etech-DB version8 | H100: 2006 | J100: 1 | P100: 30 | Q100: 2006 | R100: =1/11 -> 0.090909091
C101: MISPLT | D101: MISDIR | H101: 2006 | I101: 0.85 | K101: 2.2516986 | L101: 1.5 | M101: 1 | N101: 112.58493 | O101: 1.3510192
C102: INDELC | H102: 2006 | L102: 0.7
C103: INDGAS | H103: 2006
...

Sheet GDPdeflator
A1: UNIT | B1: Price index, 2000=100 (based on euro) | C1: Price index, 2005=100 (based on euro) | E1: UNIT | F1: Price index, 2000=100 (based on euro) | G1: Price index, 2005=100 (based on euro)
A2: GEO | B2: European Union (27 countries) | C2: European Union (27 countries) | E2: TIME/GEO | F2: European Union (28 countries) | G2: European Union (28 countries)
A3: TIME | E3: 2000Q4 | F3: 101 | G3: 92.2
A4: 2004Q4 | B4: =F7 -> 107.9 | C4: =G7 -> 98.4 | E4: 2001Q4 | F4: 103 | G4: 93.9
A5: 2005Q4 | B5: =F8 -> 110.6 | C5: =G8 -> 100.9 | E5: 2002Q4 | F5: 105 | G5: 95.8
A6: 2006Q4 | B6: =F9 -> 113.4 | C6: =G9 -> 103.5 | E6: 2003Q4 | F6: 105.1 | G6: 95.9
A7: 2007Q4 | B7: =F10 -> 115.6 | C7: =G10 -> 105.5 | E7: 2004Q4 | F7: 107.9 | G7: 98.4
A8: 2008Q4 | B8: =F11 -> 115 | C8: =G11 -> 104.9 | E8: 2005Q4 | F8: 110.6 | G8: 100.9
A9: 2009Q4 | B9: =F12 -> 114.2 | C9: =G12 -> 104.2 | E9: 2006Q4 | F9: 113.4 | G9: 103.5
A10: 2010Q4 | B10: =F13 -> 116.9 | C10: =G13 -> 106.7 | E10: 2007Q4 | F10: 115.6 | G10: 105.5
A11: 2011Q4 | B11: =F14 -> 118.3 | C11: =G14 -> 108 | E11: 2008Q4 | F11: 115 | G11: 104.9
A12: 2012Q4 | B12: =F15 -> 121.4 | C12: =G15 -> 110.8 | E12: 2009Q4 | F12: 114.2 | G12: 104.2
E13: 2010Q4 | F13: 116.9 | G13: 106.7
A14: Reference: Eurostat | E14: 2011Q4 | F14: 118.3 | G14: 108
B15: GDP and main components - Price indices [namq_gdp_p] | E15: 2012Q4 | F15: 121.4 | G15: 110.8
B16: Last update: 16-11-2012 | E16: 2013Q1 | F16: 121.2 | G16: 110.6
B17: Gross domestic product at market prices
B18: Seasonally adjusted and adjusted data by working days | D18: 1 | E18: EUR 2004 | F18: =100/B4 -> 0.92678406 | G18: EUR 2000 | I18: 1 | J18: EUR 2000 | K18: =B4/100 -> 1.079 | L18: EUR 2004
B19: Price index, 2000=100 (based on euro) | D19: 1 | E19: EUR 2005 | F19: =100/B5 -> 0.90415913 | G19: EUR 2000 | I19: 1 | J19: EUR 2000 | K19: =B5/100 -> 1.106 | L19: EUR 2005
B20: Price index, 2005=100 (based on euro) | D20: 1 | E20: EUR 2006 | F20: =100/B6 -> 0.88183422 | G20: EUR 2000 | I20: 1 | J20: EUR 2000 | K20: =B6/100 -> 1.134 | L20: EUR 2006
A21: Last update | B21: 41456.848 | D21: 1 | E21: EUR 2007 | F21: =100/B7 -> 0.8650519 | G21: EUR 2000 | I21: 1 | J21: EUR 2000 | K21: =B7/100 -> 1.156 | L21: EUR 2007
A22: Extracted on | B22: 41457.706 | D22: 1 | E22: EUR 2008 | F22: =100/B8 -> 0.86956522 | G22: EUR 2000 | I22: 1 | J22: EUR 2000 | K22: =B8/100 -> 1.15 | L22: EUR 2008
A23: Source of data | B23: Eurostat | D23: 1 | E23: EUR 2009 | F23: =100/B9 -> 0.87565674 | G23: EUR 2000 | I23: 1 | J23: EUR 2000 | K23: =B9/100 -> 1.142 | L23: EUR 2009
D24: 1 | E24: EUR 2010 | F24: =100/B10 -> 0.85543199 | G24: EUR 2000 | I24: 1 | J24: EUR 2000 | K24: =B10/100 -> 1.169 | L24: EUR 2010
D25: 1 | E25: EUR 2011 | F25: =100/B11 -> 0.84530854 | G25: EUR 2000 | I25: 1 | J25: EUR 2000 | K25: =B11/100 -> 1.183 | L25: EUR 2011
D27: 1 | E27: EUR 2004 | F27: =100/C4 -> 1.0162602 | G27: EUR 2005 | I27: 1 | J27: EUR 2005 | K27: =C4/100 -> 0.984 | L27: EUR 2004
D28: 1 | E28: EUR 2005 | F28: =100/C5 -> 0.99108028 | G28: EUR 2005 | I28: 1 | J28: EUR 2005 | K28: =C5/100 -> 1.009 | L28: EUR 2005
D29: 1 | E29: EUR 2006 | F29: =100/C6 -> 0.96618357 | G29: EUR 2005 | I29: 1 | J29: EUR 2005 | K29: =C6/100 -> 1.035 | L29: EUR 2006
D30: 1 | E30: EUR 2007 | F30: =100/C7 -> 0.9478673 | G30: EUR 2005 | I30: 1 | J30: EUR 2005 | K30: =C7/100 -> 1.055 | L30: EUR 2007
D31: 1 | E31: EUR 2008 | F31: =100/C8 -> 0.95328885 | G31: EUR 2005 | I31: 1 | J31: EUR 2005 | K31: =C8/100 -> 1.049 | L31: EUR 2008
D32: 1 | E32: EUR 2009 | F32: =100/C9 -> 0.9596929 | G32: EUR 2005 | I32: 1 | J32: EUR 2005 | K32: =C9/100 -> 1.042 | L32: EUR 2009
D33: 1 | E33: EUR 2010 | F33: =100/C10 -> 0.93720712 | G33: EUR 2005 | I33: 1 | J33: EUR 2005 | K33: =C10/100 -> 1.067 | L33: EUR 2010
D34: 1 | E34: EUR 2011 | F34: =100/C11 -> 0.92592593 | G34: EUR 2005 | I34: 1 | J34: EUR 2005 | K34: =C11/100 -> 1.08 | L34: EUR 2011
D37: 1 | E37: EUR 2000 | F37: =B10/100 -> 1.169 | G37: EUR 2010
D38: 1 | E38: EUR 2004 | F38: =F27*K33 -> 1.0843496 | G38: EUR 2010
D39: 1 | E39: EUR 2005 | F39: =C10/100 -> 1.067 | G39: EUR 2010
D40: 1 | E40: EUR 2006 | F40: =F29*$K$33 -> 1.0309179 | G40: EUR 2010
D41: 1 | E41: EUR 2007 | F41: =F30*$K$33 -> 1.0113744 | G41: EUR 2010
D42: 1 | E42: EUR 2008 | F42: =F31*$K$33 -> 1.0171592 | G42: EUR 2010
D43: 1 | E43: EUR 2009 | F43: =F32*$K$33 -> 1.0239923 | G43: EUR 2010
D44: 1 | E44: EUR 2010 | F44: =F33*$K$33 -> 1 | G44: EUR 2010
D45: 1 | E45: EUR 2011 | F45: =F34*$K$33 -> 0.98796296 | G45: EUR 2010

Sheet Sheet1
A1: Multipliers used for CCS tech in paper industry - averages of changes for CCS tech in other sectors, already existing
A2: Change in fixed cost: | B2: 1.3
A3: Change in inputs
A4: ELC | B4: 1.0975332
A5: GAS | B5: 1.011571
A6: Change in Inv Cost | B6: 1.2812646
A7: Change in Varom | B7: 1.6189394

Sheet Folha1
B1: IGFFLATGL01 | E1: IGFFLATGL10 | H1: IGFFLATGL15
B2: ORIGINAL | C2: NEW UNIPI | D2: REDUCTION 2,5% CE*energy | E2: ORIGINAL | F2: NEW UNIPI | G2: REDUCTION 2,5% CE | H2: ORIGINAL | I2: NEW UNIPI | J2: REDUCTION 2,5% CE
A3: INDGAS | B3: 3 | C3: 2.45 | D3: =C3*(1-0.025) -> 2.38875 | E3: 2.25 | F3: =E3*(1+B9) -> 1.8375 | G3: =F3*(1-0.025) -> 1.7915625 | H3: 2.27603 | I3: =H3*(1+B9) -> 1.8587578 | J3: =I3*(1-0.025) -> 1.8122889
A4: INDELC | B4: 5.5 | C4: 4.5 | D4: =C4*(1-0.025) -> 4.3875 | E4: 4.125 | F4: =E4*(1+B10) -> 3.375 | G4: =F4*(1-0.025) -> 3.290625 | H4: 4.52732 | I4: =H4*(1+B10) -> 3.7041709 | J4: =I4*(1-0.025) -> 3.6115666
A5: FIXOM | B5: 10 | C5: 27.59 | D5: 11.28 | E5: 12 | F5: =E5*(1+B11) -> 33.108 | G5: 11.28 | H5: 15.6 | I5: =H5*(1+B11) -> 43.0404 | J5: 11.28
A6: VAROM | B6: 50 | C6: 60 | E6: 50 | F6: =E6*(1+B12) -> 60 | H6: 80.95 | I6: =H6*(1+B12) -> 97.14
B8: % VARIATION
A9: INDGAS | B9: =(C3-B3)/B3 -> -0.18333333
A10: INDELC | B10: =(C4-B4)/B4 -> -0.18181818
A11: FIXOM | B11: =(C5-B5)/B5 -> 1.759
A12: VAROM | B12: =(C6-B6)/B6 -> 0.2

Sheet calculation
A1: Extraction of relevant Raw Materials for construction of buildings and offshore energy
A2: Data source: | B2: https://ec.europa.eu/eurostat/databrowser/view/ENV_AC_MFA/default/table?lang=en
A4: 2021 | U4: CLAY | BE4: Energy Intensity | CJ4: Production share | CQ4: European Average Intensity
C5: MF2 | D5: MF21 | E5: % of iron in metal ore extraction | F5: MF3 | G5: % of non-metallic minerals potentially used in construction | H5: MF32 | I5: MF35 | J5: MF36 | K5: MF37 | L5: MF38 | M5: MF21 | N5: Total annual average production (kt) | Q5: MF32 | R5: MF35 | S5: MF36 * 98.8% | T5: MF36 *1.2% | U5: MF37 | V5: MF38*94% | W5: MF38*6% | Z5: INDCOA | AF5: INDGAS | AL5: INDHFO | AR5: INDBIO | AX5: INDELC | BE5: INDCOA | BK5: INDGAS | BQ5: INDHFO | BW5: INDBIO | CC5: INDELC | CJ5: MF35 | CK5: MF36 | CL5: MF37 | CM5: MF38 | CN5: MF21 | CQ5: INDCOA | CW5: INDGAS | DC5: INDHFO | DI5: INDBIO | DO5: INDELC
C6: Metal ores (gross ores) (kt) | D6: Iron (kt) | F6: Non-metallic minerals | H6: Chalk and dolomite | I6: Salt | J6: Limestone and gypsum | K6: Clays and kaolin | L6: Sand and gravel | M6: Iron (kt) | N6: Bricks | Q6: DOLOMITE | R6: Mining Salt for soda ash | S6: Mining Limestone | T6: GYPSUM | U6: Mining Coke Non energetic | V6: Common Sand | W6: Silica Sand | Z6: SALTISA | AA6: MLMSTN | AB6: CLAY | AC6: SANDFG | AD6: MISORE | AE6: MCLBR | AF6: SALTISA | AG6: MLMSTN | AH6: CLAY | AI6: SANDFG | AJ6: MISORE | AK6: MCLBR | AL6: SALTISA | AM6: MLMSTN | AN6: CLAY | AO6: SANDFG | AP6: MISORE | AQ6: MCLBR | AR6: SALTISA | AS6: MLMSTN | AT6: CLAY | AU6: SANDFG | AV6: MISORE | AW6: MCLBR | AX6: SALTISA | AY6: MLMSTN | AZ6: CLAY | BA6: SANDFG | BB6: MISORE | BC6: MCLBR | BE6: SALTISA | BF6: MLMSTN | BG6: CLAY | BH6: SANDFG | BI6: MISORE | BJ6: MCLBR | BK6: SALTISA | BL6: MLMSTN | BM6: CLAY | BN6: SANDFG | BO6: MISORE | BP6: MCLBR | BQ6: SALTISA | BR6: MLMSTN | BS6: CLAY | BT6: SANDFG | BU6: MISORE | BV6: MCLBR | BW6: SALTISA | BX6: MLMSTN | BY6: CLAY | BZ6: SANDFG | CA6: MISORE | CB6: MCLBR | CC6: SALTISA | CD6: MLMSTN | CE6: CLAY | CF6: SANDFG | CG6: MISORE | CH6: MCLBR | CJ6: Salt | CK6: Limestone and gypsum | CL6: Clays and kaolin | CM6: Sand and gravel | CN6: Iron (kt) | CO6: Bricks | CQ6: SALTISA | CR6: MLMSTN | CS6: CLAY | CT6: SANDFG | CU6: MISORE | CV6: MCLBR | CW6: SALTISA | CX6: MLMSTN | CY6: CLAY | CZ6: SANDFG | DA6: MISORE | DB6: MCLBR | DC6: SALTISA | DD6: MLMSTN | DE6: CLAY | DF6: SANDFG | DG6: MISORE | DH6: MCLBR | DI6: SALTISA | DJ6: MLMSTN | DK6: CLAY | DL6: SANDFG | DM6: MISORE | DN6: MCLBR | DO6: SALTISA | DP6: MLMSTN | DQ6: CLAY | DR6: SANDFG | DS6: MISORE | DT6: MCLBR
A7: EU27_2020 | B7: European Union - 27 countries (from 2020) | C7: 226098.03 | D7: 50041.19 | E7: 0.22132519 | F7: 3369058.8 | G7: 0.86526519 | H7: 59636.738 | I7: 46795.78 | J7: 477228.53 | K7: 67233.31 | L7: 2264235 | M7: 50041.19 | Q7: =H7/F7 -> 0.017701305 | R7: 0.013889867 | S7: =(J7/F7)*0.988 -> 0.1399506 | T7: 0.0016998048 | U7: 0.01995611 | V7: =($L7/$F7)*0.94 -> 0.63174346 | W7: =($L7/$F7)*0.06 -> 0.040324051 | Y7: EU27_2020 | AE7: 0 | AK7: 0 | AQ7: 0 | AW7: 0 | BC7: 0 | BE7: =IFERROR(Z7/I7,0) -> 0 | BF7: =IFERROR(AA7/J7,0) -> 0 | BG7: =IFERROR(AB7/K7,0) -> 0 | BH7: =IFERROR(AC7/L7,0) -> 0 | BI7: =IFERROR(AD7/M7,0) -> 0 | BJ7: =IFERROR(AE7/N7,0) -> 0 | BK7: =IFERROR(AF7/I7,0) -> 0 | BL7: =IFERROR(AG7/J7,0) -> 0 | BM7: =IFERROR(AH7/K7,0) -> 0 | BN7: =IFERROR(AI7/L7,0) -> 0 | BO7: =IFERROR(AJ7/M7,0) -> 0 | BP7: =IFERROR(AK7/N7,0) -> 0 | BQ7: =IFERROR(AL7/I7,0) -> 0 | BR7: =IFERROR(AM7/J7,0) -> 0 | BS7: =IFERROR(AN7/K7,0) -> 0 | BT7: =IFERROR(AO7/L7,0) -> 0 | BU7: =IFERROR(AP7/M7,0) -> 0 | BV7: =IFERROR(AQ7/N7,0) -> 0 | BW7: =IFERROR(AR7/I7,0) -> 0 | BX7: =IFERROR(AS7/J7,0) -> 0 | BY7: =IFERROR(AT7/K7,0) -> 0 | BZ7: =IFERROR(AU7/L7,0) -> 0 | CA7: =IFERROR(AV7/M7,0) -> 0 | CB7: =IFERROR(AW7/N7,0) -> 0 | CC7: =IFERROR(AX7/I7,0) -> 0 | CD7: =IFERROR(AY7/J7,0) -> 0 | CE7: =IFERROR(AZ7/K7,0) -> 0 | CF7: =IFERROR(BA7/L7,0) -> 0 | CG7: =IFERROR(BB7/M7,0) -> 0 | CH7: =IFERROR(BC7/N7,0) -> 0 | CQ7: =IFERROR(BE7*CJ7,0) -> 0 | CR7: =IFERROR(BF7*CK7,0) -> 0 | CS7: =IFERROR(BG7*CL7,0) -> 0 | CT7: =IFERROR(BH7*CM7,0) -> 0 | CU7: =IFERROR(BI7*CN7,0) -> 0 | CV7: =IFERROR(BJ7*CO7,0) -> 0 | CW7: =IFERROR(BK7*CJ7,0) -> 0 | CX7: =IFERROR(BL7*CK7,0) -> 0 | CY7: =IFERROR(BM7*CL7,0) -> 0 | CZ7: =IFERROR(BN7*CM7,0) -> 0 | DA7: =IFERROR(BO7*CN7,0) -> 0 | DB7: =IFERROR(BP7*CO7,0) -> 0 | DC7: =IFERROR(BQ7*CJ7,0) -> 0 | DD7: =IFERROR(BR7*CK7,0) -> 0 | DE7: =IFERROR(BS7*CL7,0) -> 0 | DF7: =IFERROR(BT7*CM7,0) -> 0 | DG7: =IFERROR(BU7*CN7,0) -> 0 | DH7: =IFERROR(BV7*CO7,0) -> 0 | DI7: =IFERROR(BW7*CJ7,0) -> 0 | DJ7: =IFERROR(BX7*CK7,0) -> 0 | DK7: =IFERROR(BY7*CL7,0) -> 0 | DL7: =IFERROR(BZ7*CM7,0) -> 0 | DM7: =IFERROR(CA7*CN7,0) -> 0 | DN7: =IFERROR(CB7*CO7,0) -> 0 | DO7: =IFERROR(CC7*CJ7,0) -> 0 | DP7: =IFERROR(CD7*CK7,0) -> 0 | DQ7: =IFERROR(CE7*CL7,0) -> 0 | DR7: =IFERROR(CF7*CM7,0) -> 0 | DS7: =IFERROR(CG7*CN7,0) -> 0 | DT7: =IFERROR(CH7*CO7,0) -> 0
A8: BE | B8: Belgium | C8: 0 | D8: 0 | F8: 54383.28 | G8: 0.84768182 | H8: 5440.037 | K8: 0.33 | L8: 40659.351 | M8: 0 | N8: 4980.76 | Q8: =H8/F8 -> 0.10003143 | R8: 0 | S8: =(J8/F8)*0.988 -> 0 | T8: 0 | U8: 6.0680415e-06 | V8: =($L8/$F8)*0.94 -> 0.70278567 | W8: =($L8/$F8)*0.06 -> 0.04485866 | Y8: BE | Z8: 0 | AA8: 0 | AB8: 0 | AC8: 0 | AD8: 0 | AE8: 723.52 | AF8: 0 | AG8: 0 | AH8: 0.0034583286 | AI8: 426.1012 | AJ8: 0 | AK8: 5608.23 | AL8: 0 | AM8: 0 | AN8: 0.0062312718 | AO8: 0 | AP8: 0 | AQ8: 221.15 | AR8: 0 | AS8: 0 | AT8: 0 | AU8: 0 | AV8: 0 | AW8: - | AX8: 0 | AY8: 0 | AZ8: 0.0062312718 | BA8: 767.75596 | BB8: 0 | BC8: 918.24 | BE8: =IFERROR(Z8/I8,0) -> 0 | BF8: =IFERROR(AA8/J8,0) -> 0 | BG8: =IFERROR(AB8/K8,0) -> 0 | BH8: =IFERROR(AC8/L8,0) -> 0 | BI8: =IFERROR(AD8/M8,0) -> 0 | BJ8: =IFERROR(AE8/N8,0) -> 0.14526297 | BK8: =IFERROR(AF8/I8,0) -> 0 | BL8: =IFERROR(AG8/J8,0) -> 0 | BM8: =IFERROR(AH8/K8,0) -> 0.010479783 | BN8: =IFERROR(AI8/L8,0) -> 0.010479783 | BO8: =IFERROR(AJ8/M8,0) -> 0 | BP8: =IFERROR(AK8/N8,0) -> 1.1259788 | BQ8: =IFERROR(AL8/I8,0) -> 0 | BR8: =IFERROR(AM8/J8,0) -> 0 | BS8: =IFERROR(AN8/K8,0) -> 0.018882642 | BT8: =IFERROR(AO8/L8,0) -> 0 | BU8: =IFERROR(AP8/M8,0) -> 0 | BV8: =IFERROR(AQ8/N8,0) -> 0.044400854 | BW8: =IFERROR(AR8/I8,0) -> 0 | BX8: =IFERROR(AS8/J8,0) -> 0 | BY8: =IFERROR(AT8/K8,0) -> 0 | BZ8: =IFERROR(AU8/L8,0) -> 0 | CA8: =IFERROR(AV8/M8,0) -> 0 | CB8: =IFERROR(AW8/N8,0) -> 0 | CC8: =IFERROR(AX8/I8,0) -> 0 | CD8: =IFERROR(AY8/J8,0) -> 0 | CE8: =IFERROR(AZ8/K8,0) -> 0.018882642 | CF8: =IFERROR(BA8/L8,0) -> 0.018882642 | CG8: =IFERROR(BB8/M8,0) -> 0 | CH8: =IFERROR(BC8/N8,0) -> 0.18435741 | CJ8: =IFERROR(I8/$I$39,0) -> 0 | CK8: =IFERROR(J8/$J$39,0) -> 0 | CL8: =IFERROR(K8/$K$39,0) -> 4.4767968e-06 | CM8: =IFERROR(L8/$L$39,0) -> 0.016617487 | CN8: =IFERROR(M8/$M$39,0) -> 0 | CO8: =IFERROR(N8/$N$39,0) -> 0.051379717 | CQ8: =IFERROR(BE8*CJ8,0) -> 0 | CR8: =IFERROR(BF8*CK8,0) -> 0 | CS8: =IFERROR(BG8*CL8,0) -> 0 | CT8: =IFERROR(BH8*CM8,0) -> 0 | CU8: =IFERROR(BI8*CN8,0) -> 0 | CV8: =IFERROR(BJ8*CO8,0) -> 0.0074635703 | CW8: =IFERROR(BK8*CJ8,0) -> 0 | CX8: =IFERROR(BL8*CK8,0) -> 0 | CY8: =IFERROR(BM8*CL8,0) -> 4.6915861e-08 | CZ8: =IFERROR(BN8*CM8,0) -> 0.00017414766 | DA8: =IFERROR(BO8*CN8,0) -> 0 | DB8: =IFERROR(BP8*CO8,0) -> 0.05785247 | DC8: =IFERROR(BQ8*CJ8,0) -> 0 | DD8: =IFERROR(BR8*CK8,0) -> 0 | DE8: =IFERROR(BS8*CL8,0) -> 8.4533751e-08 | DF8: =IFERROR(BT8*CM8,0) -> 0 | DG8: =IFERROR(BU8*CN8,0) -> 0 | DH8: =IFERROR(BV8*CO8,0) -> 0.0022813033 | DI8: =IFERROR(BW8*CJ8,0) -> 0 | DJ8: =IFERROR(BX8*CK8,0) -> 0 | DK8: =IFERROR(BY8*CL8,0) -> 0 | DL8: =IFERROR(BZ8*CM8,0) -> 0 | DM8: =IFERROR(CA8*CN8,0) -> 0 | DN8: =IFERROR(CB8*CO8,0) -> 0 | DO8: =IFERROR(CC8*CJ8,0) -> 0 | DP8: =IFERROR(CD8*CK8,0) -> 0 | DQ8: =IFERROR(CE8*CL8,0) -> 8.4533751e-08 | DR8: =IFERROR(CF8*CM8,0) -> 0.00031378205 | DS8: =IFERROR(CG8*CN8,0) -> 0 | DT8: =IFERROR(CH8*CO8,0) -> 0.0094722313
A9: BG | B9: Bulgaria | C9: 32354.937 | F9: 66261.233 | G9: 0.9100679 | H9: 237.504 | I9: 2399.26 | J9: 6360.438 | K9: 1337.416 | L9: 49967.603 | N9: 1136.74 | Q9: =H9/F9 -> 0.0035843583 | R9: 0.036209106 | S9: =(J9/F9)*0.988 -> 0.094838452 | T9: 0.001151884 | U9: 0.020183989 | V9: =($L9/$F9)*0.94 -> 0.7088541 | W9: =($L9/$F9)*0.06 -> 0.045246007 | Y9: BG | Z9: 0 | AA9: 0 | AB9: 0 | AC9: 0 | AD9: 0 | AE9: 19.93 | AF9: 0 | AG9: - | AH9: - | AI9: - | AJ9: 0 | AK9: 1315.5 | AL9: 0.081068504 | AM9: - | AN9: 10.970955 | AO9: 0 | AP9: 0 | AQ9: 79.8 | AR9: 0 | AS9: 0 | AT9: 0 | AU9: 0 | AV9: - | AW9: 0.12 | AX9: 0.38708482 | AY9: 52.175297 | AZ9: 10.970955 | BA9: 409.88915 | BB9: 0 | BC9: 289.75 | BE9: =IFERROR(Z9/I9,0) -> 0 | BF9: =IFERROR(AA9/J9,0) -> 0 | BG9: =IFERROR(AB9/K9,0) -> 0 | BH9: =IFERROR(AC9/L9,0) -> 0 | BI9: =IFERROR(AD9/M9,0) -> 0 | BJ9: =IFERROR(AE9/N9,0) -> 0.017532593 | BK9: =IFERROR(AF9/I9,0) -> 0 | BL9: =IFERROR(AG9/J9,0) -> 0 | BM9: =IFERROR(AH9/K9,0) -> 0 | BN9: =IFERROR(AI9/L9,0) -> 0 | BO9: =IFERROR(AJ9/M9,0) -> 0 | BP9: =IFERROR(AK9/N9,0) -> 1.1572567 | BQ9: =IFERROR(AL9/I9,0) -> 3.3788962e-05 | BR9: =IFERROR(AM9/J9,0) -> 0 | BS9: =IFERROR(AN9/K9,0) -> 0.0082030982 | BT9: =IFERROR(AO9/L9,0) -> 0 | BU9: =IFERROR(AP9/M9,0) -> 0 | BV9: =IFERROR(AQ9/N9,0) -> 0.07020075 | BW9: =IFERROR(AR9/I9,0) -> 0 | BX9: =IFERROR(AS9/J9,0) -> 0 | BY9: =IFERROR(AT9/K9,0) -> 0 | BZ9: =IFERROR(AU9/L9,0) -> 0 | CA9: =IFERROR(AV9/M9,0) -> 0 | CB9: =IFERROR(AW9/N9,0) -> 0.00010556504 | CC9: =IFERROR(AX9/I9,0) -> 0.00016133509 | CD9: =IFERROR(AY9/J9,0) -> 0.0082030982 | CE9: =IFERROR(AZ9/K9,0) -> 0.0082030982 | CF9: =IFERROR(BA9/L9,0) -> 0.0082030982 | CG9: =IFERROR(BB9/M9,0) -> 0 | CH9: =IFERROR(BC9/N9,0) -> 0.25489558 | CJ9: =IFERROR(I9/$I$39,0) -> 0.051620212 | CK9: =IFERROR(J9/$J$39,0) -> 0.011352879 | CL9: =IFERROR(K9/$K$39,0) -> 0.018143454 | CM9: =IFERROR(L9/$L$39,0) -> 0.020421771 | CN9: =IFERROR(M9/$M$39,0) -> 0 | CO9: =IFERROR(N9/$N$39,0) -> 0.011726198 | CQ9: =IFERROR(BE9*CJ9,0) -> 0 | CR9: =IFERROR(BF9*CK9,0) -> 0 | CS9: =IFERROR(BG9*CL9,0) -> 0 | CT9: =IFERROR(BH9*CM9,0) -> 0 | CU9: =IFERROR(BI9*CN9,0) -> 0 | CV9: =IFERROR(BJ9*CO9,0) -> 0.00020559066 | CW9: =IFERROR(BK9*CJ9,0) -> 0 | CX9: =IFERROR(BL9*CK9,0) -> 0 | CY9: =IFERROR(BM9*CL9,0) -> 0 | CZ9: =IFERROR(BN9*CM9,0) -> 0 | DA9: =IFERROR(BO9*CN9,0) -> 0 | DB9: =IFERROR(BP9*CO9,0) -> 0.013570222 | DC9: =IFERROR(BQ9*CJ9,0) -> 1.7441934e-06 | DD9: =IFERROR(BR9*CK9,0) -> 0 | DE9: =IFERROR(BS9*CL9,0) -> 0.00014883253 | DF9: =IFERROR(BT9*CM9,0) -> 0 | DG9: =IFERROR(BU9*CN9,0) -> 0 | DH9: =IFERROR(BV9*CO9,0) -> 0.0008231879 | DI9: =IFERROR(BW9*CJ9,0) -> 0 | DJ9: =IFERROR(BX9*CK9,0) -> 0 | DK9: =IFERROR(BY9*CL9,0) -> 0 | DL9: =IFERROR(BZ9*CM9,0) -> 0 | DM9: =IFERROR(CA9*CN9,0) -> 0 | DN9: =IFERROR(CB9*CO9,0) -> 1.2378765e-06 | DO9: =IFERROR(CC9*CJ9,0) -> 8.3281514e-06 | DP9: =IFERROR(CD9*CK9,0) -> 9.3128784e-05 | DQ9: =IFERROR(CE9*CL9,0) -> 0.00014883253 | DR9: =IFERROR(CF9*CM9,0) -> 0.0001675218 | DS9: =IFERROR(CG9*CN9,0) -> 0 | DT9: =IFERROR(CH9*CO9,0) -> 0.0029889561
A10: CZ | B10: Czechia | C10: 0 | D10: 0 | F10: 86347.407 | G10: 0.45143683 | H10: 393 | I10: 0 | J10: 11497 | K10: 5720.8 | L10: 21369.6 | M10: 0 | N10: 3425.1 | Q10: =H10/F10 -> 0.0045513816 | R10: 0 | S10: =(J10/F10)*0.988 -> 0.1315504 | T10: 0.0015977781 | U10: 0.066253292 | V10: =($L10/$F10)*0.94 -> 0.23263494 | W10: =($L10/$F10)*0.06 -> 0.014849039 | Y10: CZ | Z10: 0 | AA10: 31.257866 | AB10: 15.553623 | AC10: 58.099339 | AD10: 0 | AE10: 1085.63 | AF10: 0 | AG10: 121.64743 | AH10: 60.530624 | AI10: 226.1074 | AJ10: 0 | AK10: 2926.83 | AL10: 0 | AM10: 0.15391929 | AN10: 41.805403 | AO10: 0 | AP10: 0 | AQ10: 180.12 | AR10: 0 | AS10: 0 | AT10: 0 | AU10: 0 | AV10: 0 | AW10: 30.75 | AX10: 0 | AY10: 84.015649 | AZ10: 41.805403 | BA10: 156.16081 | BB10: 0 | BC10: 914.32 | BE10: =IFERROR(Z10/I10,0) -> 0 | BF10: =IFERROR(AA10/J10,0) -> 0.0027187846 | BG10: =IFERROR(AB10/K10,0) -> 0.0027187846 | BH10: =IFERROR(AC10/L10,0) -> 0.0027187846 | BI10: =IFERROR(AD10/M10,0) -> 0 | BJ10: =IFERROR(AE10/N10,0) -> 0.31696301 | BK10: =IFERROR(AF10/I10,0) -> 0 | BL10: =IFERROR(AG10/J10,0) -> 0.010580797 | BM10: =IFERROR(AH10/K10,0) -> 0.010580797 | BN10: =IFERROR(AI10/L10,0) -> 0.010580797 | BO10: =IFERROR(AJ10/M10,0) -> 0 | BP10: =IFERROR(AK10/N10,0) -> 0.85452396 | BQ10: =IFERROR(AL10/I10,0) -> 0 | BR10: =IFERROR(AM10/J10,0) -> 1.3387779e-05 | BS10: =IFERROR(AN10/K10,0) -> 0.0073076149 | BT10: =IFERROR(AO10/L10,0) -> 0 | BU10: =IFERROR(AP10/M10,0) -> 0 | BV10: =IFERROR(AQ10/N10,0) -> 0.052588246 | BW10: =IFERROR(AR10/I10,0) -> 0 | BX10: =IFERROR(AS10/J10,0) -> 0 | BY10: =IFERROR(AT10/K10,0) -> 0 | BZ10: =IFERROR(AU10/L10,0) -> 0 | CA10: =IFERROR(AV10/M10,0) -> 0 | CB10: =IFERROR(AW10/N10,0) -> 0.0089778401 | CC10: =IFERROR(AX10/I10,0) -> 0 | CD10: =IFERROR(AY10/J10,0) -> 0.0073076149 | CE10: =IFERROR(AZ10/K10,0) -> 0.0073076149 | CF10: =IFERROR(BA10/L10,0) -> 0.0073076149 | CG10: =IFERROR(BB10/M10,0) -> 0 | CH10: =IFERROR(BC10/N10,0) -> 0.26694695 | CJ10: =IFERROR(I10/$I$39,0) -> 0 | CK10: =IFERROR(J10/$J$39,0) -> 0.020521237 | CL10: =IFERROR(K10/$K$39,0) -> 0.077608664 | CM10: =IFERROR(L10/$L$39,0) -> 0.0087337606 | CN10: =IFERROR(M10/$M$39,0) -> 0 | CO10: =IFERROR(N10/$N$39,0) -> 0.035332091 | CQ10: =IFERROR(BE10*CJ10,0) -> 0 | CR10: =IFERROR(BF10*CK10,0) -> 5.5792822e-05 | CS10: =IFERROR(BG10*CL10,0) -> 0.00021100124 | CT10: =IFERROR(BH10*CM10,0) -> 2.3745214e-05 | CU10: =IFERROR(BI10*CN10,0) -> 0 | CV10: =IFERROR(BJ10*CO10,0) -> 0.011198966 | CW10: =IFERROR(BK10*CJ10,0) -> 0 | CX10: =IFERROR(BL10*CK10,0) -> 0.00021713104 | CY10: =IFERROR(BM10*CL10,0) -> 0.00082116154 | CZ10: =IFERROR(BN10*CM10,0) -> 9.241015e-05 | DA10: =IFERROR(BO10*CN10,0) -> 0 | DB10: =IFERROR(BP10*CO10,0) -> 0.030192118 | DC10: =IFERROR(BQ10*CJ10,0) -> 0 | DD10: =IFERROR(BR10*CK10,0) -> 2.7473378e-07 | DE10: =IFERROR(BS10*CL10,0) -> 0.00056713423 | DF10: =IFERROR(BT10*CM10,0) -> 0 | DG10: =IFERROR(BU10*CN10,0) -> 0 | DH10: =IFERROR(BV10*CO10,0) -> 0.0018580527 | DI10: =IFERROR(BW10*CJ10,0) -> 0 | DJ10: =IFERROR(BX10*CK10,0) -> 0 | DK10: =IFERROR(BY10*CL10,0) -> 0 | DL10: =IFERROR(BZ10*CM10,0) -> 0 | DM10: =IFERROR(CA10*CN10,0) -> 0 | DN10: =IFERROR(CB10*CO10,0) -> 0.00031720587 | DO10: =IFERROR(CC10*CJ10,0) -> 0 | DP10: =IFERROR(CD10*CK10,0) -> 0.0001499613 | DQ10: =IFERROR(CE10*CL10,0) -> 0.00056713423 | DR10: =IFERROR(CF10*CM10,0) -> 6.382296e-05 | DS10: =IFERROR(CG10*CN10,0) -> 0 | DT10: =IFERROR(CH10*CO10,0) -> 0.009431794
A11: DK | B11: Denmark | C11: 0 | D11: 0 | F11: 73901.108 | G11: 0.98204806 | H11: 3271.427 | I11: 600 | J11: 1200 | K11: 2094.667 | L11: 65408.346 | M11: 0 | N11: 5844.26 | Q11: =H11/F11 -> 0.044267631 | R11: 0.0081189581 | S11: =(J11/F11)*0.988 -> 0.016043061 | T11: 0.00019485499 | U11: 0.028344189 | V11: =($L11/$F11)*0.94 -> 0.83197461 | W11: =($L11/$F11)*0.06 -> 0.053104762 | Y11: DK | Z11: 0.041980389 | AA11: 3.8276666 | AB11: 6.6814057 | AC11: 208.63445 | AD11: 0 | AE11: 1405.59 | AF11: 0.16404486 | AG11: 14.957199 | AH11: 26.108626 | AI11: 815.27139 | AJ11: 0 | AK11: 1759.96 | AL11: 0.32331564 | AM11: 9.0994116 | AN11: 9.3316299 | AO11: 0 | AP11: 0 | AQ11: 3845.69 | AR11: 0 | AS11: 0 | AT11: 0 | AU11: 0 | AV11: 0 | AW11: 711.06 | AX11: 0.058632191 | AY11: 5.3459361 | AZ11: 9.3316299 | BA11: 291.3907 | BB11: 0 | BC11: 1044.09 | BE11: =IFERROR(Z11/I11,0) -> 6.9967315e-05 | BF11: =IFERROR(AA11/J11,0) -> 0.0031897221 | BG11: =IFERROR(AB11/K11,0) -> 0.0031897221 | BH11: =IFERROR(AC11/L11,0) -> 0.0031897221 | BI11: =IFERROR(AD11/M11,0) -> 0 | BJ11: =IFERROR(AE11/N11,0) -> 0.24050778 | BK11: =IFERROR(AF11/I11,0) -> 0.00027340811 | BL11: =IFERROR(AG11/J11,0) -> 0.012464333 | BM11: =IFERROR(AH11/K11,0) -> 0.012464333 | BN11: =IFERROR(AI11/L11,0) -> 0.012464333 | BO11: =IFERROR(AJ11/M11,0) -> 0 | BP11: =IFERROR(AK11/N11,0) -> 0.30114334 | BQ11: =IFERROR(AL11/I11,0) -> 0.00053885939 | BR11: =IFERROR(AM11/J11,0) -> 0.007582843 | BS11: =IFERROR(AN11/K11,0) -> 0.0044549467 | BT11: =IFERROR(AO11/L11,0) -> 0 | BU11: =IFERROR(AP11/M11,0) -> 0 | BV11: =IFERROR(AQ11/N11,0) -> 0.65802856 | BW11: =IFERROR(AR11/I11,0) -> 0 | BX11: =IFERROR(AS11/J11,0) -> 0 | BY11: =IFERROR(AT11/K11,0) -> 0 | BZ11: =IFERROR(AU11/L11,0) -> 0 | CA11: =IFERROR(AV11/M11,0) -> 0 | CB11: =IFERROR(AW11/N11,0) -> 0.1216681 | CC11: =IFERROR(AX11/I11,0) -> 9.7720318e-05 | CD11: =IFERROR(AY11/J11,0) -> 0.0044549467 | CE11: =IFERROR(AZ11/K11,0) -> 0.0044549467 | CF11: =IFERROR(BA11/L11,0) -> 0.0044549467 | CG11: =IFERROR(BB11/M11,0) -> 0 | CH11: =IFERROR(BC11/N11,0) -> 0.17865222 | CJ11: =IFERROR(I11/$I$39,0) -> 0.012909033 | CK11: =IFERROR(J11/$J$39,0) -> 0.0021419052 | CL11: =IFERROR(K11/$K$39,0) -> 0.028416359 | CM11: =IFERROR(L11/$L$39,0) -> 0.026732407 | CN11: =IFERROR(M11/$M$39,0) -> 0 | CO11: =IFERROR(N11/$N$39,0) -> 0.06028727 | CQ11: =IFERROR(BE11*CJ11,0) -> 9.0321039e-07 | CR11: =IFERROR(BF11*CK11,0) -> 6.8320824e-06 | CS11: =IFERROR(BG11*CL11,0) -> 9.064029e-05 | CT11: =IFERROR(BH11*CM11,0) -> 8.5268949e-05 | CU11: =IFERROR(BI11*CN11,0) -> 0 | CV11: =IFERROR(BJ11*CO11,0) -> 0.014499557 | CW11: =IFERROR(BK11*CJ11,0) -> 3.5294343e-06 | CX11: =IFERROR(BL11*CK11,0) -> 2.6697419e-05 | CY11: =IFERROR(BM11*CL11,0) -> 0.00035419096 | CZ11: =IFERROR(BN11*CM11,0) -> 0.00033320161 | DA11: =IFERROR(BO11*CN11,0) -> 0 | DB11: =IFERROR(BP11*CO11,0) -> 0.01815511 | DC11: =IFERROR(BQ11*CJ11,0) -> 6.9561538e-06 | DD11: =IFERROR(BR11*CK11,0) -> 1.6241731e-05 | DE11: =IFERROR(BS11*CL11,0) -> 0.00012659337 | DF11: =IFERROR(BT11*CM11,0) -> 0 | DG11: =IFERROR(BU11*CN11,0) -> 0 | DH11: =IFERROR(BV11*CO11,0) -> 0.039670745 | DI11: =IFERROR(BW11*CJ11,0) -> 0 | DJ11: =IFERROR(BX11*CK11,0) -> 0 | DK11: =IFERROR(BY11*CL11,0) -> 0 | DL11: =IFERROR(BZ11*CM11,0) -> 0 | DM11: =IFERROR(CA11*CN11,0) -> 0 | DN11: =IFERROR(CB11*CO11,0) -> 0.0073350375 | DO11: =IFERROR(CC11*CJ11,0) -> 1.2614748e-06 | DP11: =IFERROR(CD11*CK11,0) -> 9.5420736e-06 | DQ11: =IFERROR(CE11*CL11,0) -> 0.00012659337 | DR11: =IFERROR(CF11*CM11,0) -> 0.00011909145 | DS11: =IFERROR(CG11*CN11,0) -> 0 | DT11: =IFERROR(CH11*CO11,0) -> 0.010770454
A12: DE | B12: Germany | C12: 546.712 | D12: 546.712 | E12: 1 | F12: 591362.56 | G12: 0.98533433 | H12: 3504.4 | I12: 17668.431 | J12: 60884.712 | K12: 15519.565 | L12: 485112.72 | M12: 546.712 | N12: 13884.97 | Q12: =H12/F12 -> 0.0059259755 | R12: 0.029877494 | S12: =(J12/F12)*0.988 -> 0.10172118 | T12: 0.0012354799 | U12: 0.02624374 | V12: =($L12/$F12)*0.94 -> 0.77111063 | W12: =($L12/$F12)*0.06 -> 0.049219828 | Y12: DE | Z12: 10.754013 | AA12: 211.12302 | AB12: 53.815439 | AC12: 1682.1705 | AD12: 10.7505 | AE12: 2492.77 | AF12: 18.324623 | AG12: 359.7494 | AH12: 91.700429 | AI12: 2866.3847 | AJ12: 0 | AK12: 13286.42 | AL12: 6.5318587 | AM12: 4.3756579 | AN12: 162.97362 | AO12: 0 | AP12: 0 | AQ12: 915.57 | AR12: 0 | AS12: 0 | AT12: 0 | AU12: 0 | AV12: 0 | AW12: 270.29 | AX12: 32.567243 | AY12: 639.36084 | AZ12: 162.97362 | BA12: 5094.2522 | BB12: 10.8 | BC12: 3862.41 | BE12: =IFERROR(Z12/I12,0) -> 0.00060865693 | BF12: =IFERROR(AA12/J12,0) -> 0.0034675868 | BG12: =IFERROR(AB12/K12,0) -> 0.0034675868 | BH12: =IFERROR(AC12/L12,0) -> 0.0034675868 | BI12: =IFERROR(AD12/M12,0) -> 0.019663918 | BJ12: =IFERROR(AE12/N12,0) -> 0.1795301 | BK12: =IFERROR(AF12/I12,0) -> 0.0010371392 | BL12: =IFERROR(AG12/J12,0) -> 0.0059086984 | BM12: =IFERROR(AH12/K12,0) -> 0.0059086984 | BN12: =IFERROR(AI12/L12,0) -> 0.0059086984 | BO12: =IFERROR(AJ12/M12,0) -> 0 | BP12: =IFERROR(AK12/N12,0) -> 0.95689224 | BQ12: =IFERROR(AL12/I12,0) -> 0.00036969093 | BR12: =IFERROR(AM12/J12,0) -> 7.1867925e-05 | BS12: =IFERROR(AN12/K12,0) -> 0.010501172 | BT12: =IFERROR(AO12/L12,0) -> 0 | BU12: =IFERROR(AP12/M12,0) -> 0 | BV12: =IFERROR(AQ12/N12,0) -> 0.065939646 | BW12: =IFERROR(AR12/I12,0) -> 0 | BX12: =IFERROR(AS12/J12,0) -> 0 | BY12: =IFERROR(AT12/K12,0) -> 0 | BZ12: =IFERROR(AU12/L12,0) -> 0 | CA12: =IFERROR(AV12/M12,0) -> 0 | CB12: =IFERROR(AW12/N12,0) -> 0.019466373 | CC12: =IFERROR(AX12/I12,0) -> 0.0018432448 | CD12: =IFERROR(AY12/J12,0) -> 0.010501172 | CE12: =IFERROR(AZ12/K12,0) -> 0.010501172 | CF12: =IFERROR(BA12/L12,0) -> 0.010501172 | CG12: =IFERROR(BB12/M12,0) -> 0.019754459 | CH12: =IFERROR(BC12/N12,0) -> 0.27817201 | CJ12: =IFERROR(I12/$I$39,0) -> 0.38013727 | CK12: =IFERROR(J12/$J$39,0) -> 0.1086744 | CL12: =IFERROR(K12/$K$39,0) -> 0.21053921 | CM12: =IFERROR(L12/$L$39,0) -> 0.19826568 | CN12: =IFERROR(M12/$M$39,0) -> 0.010592281 | CO12: =IFERROR(N12/$N$39,0) -> 0.14323232 | CQ12: =IFERROR(BE12*CJ12,0) -> 0.00023137318 | CR12: =IFERROR(BF12*CK12,0) -> 0.00037683792 | CS12: =IFERROR(BG12*CL12,0) -> 0.00073006299 | CT12: =IFERROR(BH12*CM12,0) -> 0.00068750347 | CU12: =IFERROR(BI12*CN12,0) -> 0.00020828574 | CV12: =IFERROR(BJ12*CO12,0) -> 0.025714513 | CW12: =IFERROR(BK12*CJ12,0) -> 0.00039425527 | CX12: =IFERROR(BL12*CK12,0) -> 0.00064212426 | CY12: =IFERROR(BM12*CL12,0) -> 0.0012440127 | CZ12: =IFERROR(BN12*CM12,0) -> 0.0011714921 | DA12: =IFERROR(BO12*CN12,0) -> 0 | DB12: =IFERROR(BP12*CO12,0) -> 0.1370579 | DC12: =IFERROR(BQ12*CJ12,0) -> 0.0001405333 | DD12: =IFERROR(BR12*CK12,0) -> 7.8102038e-06 | DE12: =IFERROR(BS12*CL12,0) -> 0.0022109085 | DF12: =IFERROR(BT12*CM12,0) -> 0 | DG12: =IFERROR(BU12*CN12,0) -> 0 | DH12: =IFERROR(BV12*CO12,0) -> 0.0094446886 | DI12: =IFERROR(BW12*CJ12,0) -> 0 | DJ12: =IFERROR(BX12*CK12,0) -> 0 | DK12: =IFERROR(BY12*CL12,0) -> 0 | DL12: =IFERROR(BZ12*CM12,0) -> 0 | DM12: =IFERROR(CA12*CN12,0) -> 0 | DN12: =IFERROR(CB12*CO12,0) -> 0.0027882138 | DO12: =IFERROR(CC12*CJ12,0) -> 0.00070068603 | DP12: =IFERROR(CD12*CK12,0) -> 0.0011412086 | DQ12: =IFERROR(CE12*CL12,0) -> 0.0022109085 | DR12: =IFERROR(CF12*CM12,0) -> 0.0020820221 | DS12: =IFERROR(CG12*CN12,0) -> 0.00020924478 | DT12: =IFERROR(CH12*CO12,0) -> 0.039843223
A13: EE | B13: Estonia | C13: 0 | D13: 0 | F13: 18847.086 | G13: 0.97699013 | H13: 983.212 | I13: 0 | J13: 2744.85 | K13: 41.815 | L13: 14643.54 | M13: 0 | N13: 83.04 | Q13: =H13/F13 -> 0.052167852 | R13: 0 | S13: =(J13/F13)*0.988 -> 0.14389024 | T13: 0.0017476548 | U13: 0.0022186454 | V13: =($L13/$F13)*0.94 -> 0.73034779 | W13: =($L13/$F13)*0.06 -> 0.046617944 | Y13: EE | Z13: 0 | AA13: 0 | AB13: 0 | AC13: 0 | AD13: 0 | AE13: 69.22 | AF13: 0 | AG13: 25.461437 | AH13: 0.38787911 | AI13: 135.83459 | AJ13: 0 | AK13: 27.17 | AL13: 0 | AM13: 0 | AN13: 0.12738352 | AO13: 0 | AP13: 0 | AQ13: - | AR13: 0 | AS13: 0 | AT13: 0 | AU13: 0 | AV13: 0 | AW13: 6.85 | AX13: 0 | AY13: 8.3617999 | AZ13: 0.12738352 | BA13: 44.609488 | BB13: 0 | BC13: 21.33 | BE13: =IFERROR(Z13/I13,0) -> 0 | BF13: =IFERROR(AA13/J13,0) -> 0 | BG13: =IFERROR(AB13/K13,0) -> 0 | BH13: =IFERROR(AC13/L13,0) -> 0 | BI13: =IFERROR(AD13/M13,0) -> 0 | BJ13: =IFERROR(AE13/N13,0) -> 0.83357418 | BK13: =IFERROR(AF13/I13,0) -> 0 | BL13: =IFERROR(AG13/J13,0) -> 0.0092760759 | BM13: =IFERROR(AH13/K13,0) -> 0.0092760759 | BN13: =IFERROR(AI13/L13,0) -> 0.0092760759 | BO13: =IFERROR(AJ13/M13,0) -> 0 | BP13: =IFERROR(AK13/N13,0) -> 0.32719171 | BQ13: =IFERROR(AL13/I13,0) -> 0 | BR13: =IFERROR(AM13/J13,0) -> 0 | BS13: =IFERROR(AN13/K13,0) -> 0.0030463595 | BT13: =IFERROR(AO13/L13,0) -> 0 | BU13: =IFERROR(AP13/M13,0) -> 0 | BV13: =IFERROR(AQ13/N13,0) -> 0 | BW13: =IFERROR(AR13/I13,0) -> 0 | BX13: =IFERROR(AS13/J13,0) -> 0 | BY13: =IFERROR(AT13/K13,0) -> 0 | BZ13: =IFERROR(AU13/L13,0) -> 0 | CA13: =IFERROR(AV13/M13,0) -> 0 | CB13: =IFERROR(AW13/N13,0) -> 0.082490366 | CC13: =IFERROR(AX13/I13,0) -> 0 | CD13: =IFERROR(AY13/J13,0) -> 0.0030463595 | CE13: =IFERROR(AZ13/K13,0) -> 0.0030463595 | CF13: =IFERROR(BA13/L13,0) -> 0.0030463595 | CG13: =IFERROR(BB13/M13,0) -> 0 | CH13: =IFERROR(BC13/N13,0) -> 0.25686416 | CJ13: =IFERROR(I13/$I$39,0) -> 0 | CK13: =IFERROR(J13/$J$39,0) -> 0.0048993404 | CL13: =IFERROR(K13/$K$39,0) -> 0.00056726442 | CM13: =IFERROR(L13/$L$39,0) -> 0.0059848183 | CN13: =IFERROR(M13/$M$39,0) -> 0 | CO13: =IFERROR(N13/$N$39,0) -> 0.00085661057 | CQ13: =IFERROR(BE13*CJ13,0) -> 0 | CR13: =IFERROR(BF13*CK13,0) -> 0 | CS13: =IFERROR(BG13*CL13,0) -> 0 | CT13: =IFERROR(BH13*CM13,0) -> 0 | CU13: =IFERROR(BI13*CN13,0) -> 0 | CV13: =IFERROR(BJ13*CO13,0) -> 0.00071404845 | CW13: =IFERROR(BK13*CJ13,0) -> 0 | CX13: =IFERROR(BL13*CK13,0) -> 4.5446653e-05 | CY13: =IFERROR(BM13*CL13,0) -> 5.2619878e-06 | CZ13: =IFERROR(BN13*CM13,0) -> 5.5515629e-05 | DA13: =IFERROR(BO13*CN13,0) -> 0 | DB13: =IFERROR(BP13*CO13,0) -> 0.00028027588 | DC13: =IFERROR(BQ13*CJ13,0) -> 0 | DD13: =IFERROR(BR13*CK13,0) -> 0 | DE13: =IFERROR(BS13*CL13,0) -> 1.7280914e-06 | DF13: =IFERROR(BT13*CM13,0) -> 0 | DG13: =IFERROR(BU13*CN13,0) -> 0 | DH13: =IFERROR(BV13*CO13,0) -> 0 | DI13: =IFERROR(BW13*CJ13,0) -> 0 | DJ13: =IFERROR(BX13*CK13,0) -> 0 | DK13: =IFERROR(BY13*CL13,0) -> 0 | DL13: =IFERROR(BZ13*CM13,0) -> 0 | DM13: =IFERROR(CA13*CN13,0) -> 0 | DN13: =IFERROR(CB13*CO13,0) -> 7.066212e-05 | DO13: =IFERROR(CC13*CJ13,0) -> 0 | DP13: =IFERROR(CD13*CK13,0) -> 1.4925152e-05 | DQ13: =IFERROR(CE13*CL13,0) -> 1.7280914e-06 | DR13: =IFERROR(CF13*CM13,0) -> 1.8231908e-05 | DS13: =IFERROR(CG13*CN13,0) -> 0 | DT13: =IFERROR(CH13*CO13,0) -> 0.00022003256
A14: IE | B14: Ireland | C14: 2149.061 | D14: 0 | F14: 51412.608 | G14: 0.98844544 | H14: 4.78 | I14: 0.022 | J14: 26332.3 | K14: 217.22 | L14: 24264.236 | M14: 0 | N14: - | Q14: =H14/F14 -> 9.2973303e-05 | R14: 4.279106e-07 | S14: =(J14/F14)*0.988 -> 0.50602981 | T14: 0.0061461111 | U14: 0.0042250337 | V14: =($L14/$F14)*0.94 -> 0.44363402 | W14: =($L14/$F14)*0.06 -> 0.028317065 | Y14: IE | Z14: 0 | AA14: 0 | AB14: 0 | AC14: 0 | AD14: 0 | AE14: - | AF14: 0 | AG14: 0 | AH14: 0 | AI14: 0 | AJ14: 0 | AK14: - | AL14: 1.7257455e-06 | AM14: 0 | AN14: - | AO14: 0 | AP14: 0 | AQ14: - | AR14: 0 | AS14: 0 | AT14: 0 | AU14: 0 | AV14: 0 | AW14: - | AX14: - | AY14: - | AZ14: - | BA14: - | BB14: - | BC14: - | BE14: =IFERROR(Z14/I14,0) -> 0 | BF14: =IFERROR(AA14/J14,0) -> 0 | BG14: =IFERROR(AB14/K14,0) -> 0 | BH14: =IFERROR(AC14/L14,0) -> 0 | BI14: =IFERROR(AD14/M14,0) -> 0 | BJ14: =IFERROR(AE14/N14,0) -> 0 | BK14: =IFERROR(AF14/I14,0) -> 0 | BL14: =IFERROR(AG14/J14,0) -> 0 | BM14: =IFERROR(AH14/K14,0) -> 0 | BN14: =IFERROR(AI14/L14,0) -> 0 | BO14: =IFERROR(AJ14/M14,0) -> 0 | BP14: =IFERROR(AK14/N14,0) -> 0 | BQ14: =IFERROR(AL14/I14,0) -> 7.8442976e-05 | BR14: =IFERROR(AM14/J14,0) -> 0 | BS14: =IFERROR(AN14/K14,0) -> 0 | BT14: =IFERROR(AO14/L14,0) -> 0 | BU14: =IFERROR(AP14/M14,0) -> 0 | BV14: =IFERROR(AQ14/N14,0) -> 0 | BW14: =IFERROR(AR14/I14,0) -> 0 | BX14: =IFERROR(AS14/J14,0) -> 0 | BY14: =IFERROR(AT14/K14,0) -> 0 | BZ14: =IFERROR(AU14/L14,0) -> 0 | CA14: =IFERROR(AV14/M14,0) -> 0 | CB14: =IFERROR(AW14/N14,0) -> 0 | CC14: =IFERROR(AX14/I14,0) -> 0 | CD14: =IFERROR(AY14/J14,0) -> 0 | CE14: =IFERROR(AZ14/K14,0) -> 0 | CF14: =IFERROR(BA14/L14,0) -> 0 | CG14: =IFERROR(BB14/M14,0) -> 0 | CH14: =IFERROR(BC14/N14,0) -> 0 | CJ14: =IFERROR(I14/$I$39,0) -> 4.7333122e-07 | CK14: =IFERROR(J14/$J$39,0) -> 0.047001075 | CL14: =IFERROR(K14/$K$39,0) -> 0.0029468176 | CM14: =IFERROR(L14/$L$39,0) -> 0.0099167991 | CN14: =IFERROR(M14/$M$39,0) -> 0 | CO14: =IFERROR(N14/$N$39,0) -> 0 | CQ14: =IFERROR(BE14*CJ14,0) -> 0 | CR14: =IFERROR(BF14*CK14,0) -> 0 | CS14: =IFERROR(BG14*CL14,0) -> 0 | CT14: =IFERROR(BH14*CM14,0) -> 0 | CU14: =IFERROR(BI14*CN14,0) -> 0 | CV14: =IFERROR(BJ14*CO14,0) -> 0 | CW14: =IFERROR(BK14*CJ14,0) -> 0 | CX14: =IFERROR(BL14*CK14,0) -> 0 | CY14: =IFERROR(BM14*CL14,0) -> 0 | CZ14: =IFERROR(BN14*CM14,0) -> 0 | DA14: =IFERROR(BO14*CN14,0) -> 0 | DB14: =IFERROR(BP14*CO14,0) -> 0 | DC14: =IFERROR(BQ14*CJ14,0) -> 3.7129509e-11 | DD14: =IFERROR(BR14*CK14,0) -> 0 | DE14: =IFERROR(BS14*CL14,0) -> 0 | DF14: =IFERROR(BT14*CM14,0) -> 0 | DG14: =IFERROR(BU14*CN14,0) -> 0 | DH14: =IFERROR(BV14*CO14,0) -> 0 | DI14: =IFERROR(BW14*CJ14,0) -> 0 | DJ14: =IFERROR(BX14*CK14,0) -> 0 | DK14: =IFERROR(BY14*CL14,0) -> 0 | DL14: =IFERROR(BZ14*CM14,0) -> 0 | DM14: =IFERROR(CA14*CN14,0) -> 0 | DN14: =IFERROR(CB14*CO14,0) -> 0 | DO14: =IFERROR(CC14*CJ14,0) -> 0 | DP14: =IFERROR(CD14*CK14,0) -> 0 | DQ14: =IFERROR(CE14*CL14,0) -> 0 | DR14: =IFERROR(CF14*CM14,0) -> 0 | DS14: =IFERROR(CG14*CN14,0) -> 0 | DT14: =IFERROR(CH14*CO14,0) -> 0
A15: EL | B15: Greece | C15: 2394.339 | D15: 0 | F15: 53294.625 | G15: 0.88268093 | J15: 6759.781 | K15: 1282.368 | L15: 39000 | M15: 0 | N15: 867.46 | Q15: =H15/F15 -> 0 | R15: 0 | S15: =(J15/F15)*0.988 -> 0.12531589 | T15: 0.0015220554 | U15: 0.024061864 | V15: =($L15/$F15)*0.94 -> 0.68787425 | W15: =($L15/$F15)*0.06 -> 0.043906867 | Y15: EL | Z15: 0 | AA15: 0 | AB15: 0 | AC15: 0 | AD15: 0 | AE15: - | AF15: - | AG15: - | AH15: - | AI15: - | AJ15: 0 | AK15: 523.63 | AL15: 0 | AM15: 0 | AN15: 10.581577 | AO15: 0 | AP15: 0 | AQ15: 51.45 | AR15: 0 | AS15: 0 | AT15: 0 | AU15: 0 | AV15: 0 | AW15: 28.55 | AX15: 0 | AY15: 55.778955 | AZ15: 10.581577 | BA15: 321.81209 | BB15: 0 | BC15: 697.56 | BE15: =IFERROR(Z15/I15,0) -> 0 | BF15: =IFERROR(AA15/J15,0) -> 0 | BG15: =IFERROR(AB15/K15,0) -> 0 | BH15: =IFERROR(AC15/L15,0) -> 0 | BI15: =IFERROR(AD15/M15,0) -> 0 | BJ15: =IFERROR(AE15/N15,0) -> 0 | BK15: =IFERROR(AF15/I15,0) -> 0 | BL15: =IFERROR(AG15/J15,0) -> 0 | BM15: =IFERROR(AH15/K15,0) -> 0 | BN15: =IFERROR(AI15/L15,0) -> 0 | BO15: =IFERROR(AJ15/M15,0) -> 0 | BP15: =IFERROR(AK15/N15,0) -> 0.6036359 | BQ15: =IFERROR(AL15/I15,0) -> 0 | BR15: =IFERROR(AM15/J15,0) -> 0 | BS15: =IFERROR(AN15/K15,0) -> 0.008251592 | BT15: =IFERROR(AO15/L15,0) -> 0 | BU15: =IFERROR(AP15/M15,0) -> 0 | BV15: =IFERROR(AQ15/N15,0) -> 0.059311092 | BW15: =IFERROR(AR15/I15,0) -> 0 | BX15: =IFERROR(AS15/J15,0) -> 0 | BY15: =IFERROR(AT15/K15,0) -> 0 | BZ15: =IFERROR(AU15/L15,0) -> 0 | CA15: =IFERROR(AV15/M15,0) -> 0 | CB15: =IFERROR(AW15/N15,0) -> 0.03291218 | CC15: =IFERROR(AX15/I15,0) -> 0 | CD15: =IFERROR(AY15/J15,0) -> 0.008251592 | CE15: =IFERROR(AZ15/K15,0) -> 0.008251592 | CF15: =IFERROR(BA15/L15,0) -> 0.008251592 | CG15: =IFERROR(BB15/M15,0) -> 0 | CH15: =IFERROR(BC15/N15,0) -> 0.80414082 | CJ15: =IFERROR(I15/$I$39,0) -> 0 | CK15: =IFERROR(J15/$J$39,0) -> 0.012065675 | CL15: =IFERROR(K15/$K$39,0) -> 0.01739667 | CM15: =IFERROR(L15/$L$39,0) -> 0.015939309 | CN15: =IFERROR(M15/$M$39,0) -> 0 | CO15: =IFERROR(N15/$N$39,0) -> 0.0089484032 | CQ15: =IFERROR(BE15*CJ15,0) -> 0 | CR15: =IFERROR(BF15*CK15,0) -> 0 | CS15: =IFERROR(BG15*CL15,0) -> 0 | CT15: =IFERROR(BH15*CM15,0) -> 0 | CU15: =IFERROR(BI15*CN15,0) -> 0 | CV15: =IFERROR(BJ15*CO15,0) -> 0 | CW15: =IFERROR(BK15*CJ15,0) -> 0 | CX15: =IFERROR(BL15*CK15,0) -> 0 | CY15: =IFERROR(BM15*CL15,0) -> 0 | CZ15: =IFERROR(BN15*CM15,0) -> 0 | DA15: =IFERROR(BO15*CN15,0) -> 0 | DB15: =IFERROR(BP15*CO15,0) -> 0.0054015775 | DC15: =IFERROR(BQ15*CJ15,0) -> 0 | DD15: =IFERROR(BR15*CK15,0) -> 0 | DE15: =IFERROR(BS15*CL15,0) -> 0.00014355022 | DF15: =IFERROR(BT15*CM15,0) -> 0 | DG15: =IFERROR(BU15*CN15,0) -> 0 | DH15: =IFERROR(BV15*CO15,0) -> 0.00053073957 | DI15: =IFERROR(BW15*CJ15,0) -> 0 | DJ15: =IFERROR(BX15*CK15,0) -> 0 | DK15: =IFERROR(BY15*CL15,0) -> 0 | DL15: =IFERROR(BZ15*CM15,0) -> 0 | DM15: =IFERROR(CA15*CN15,0) -> 0 | DN15: =IFERROR(CB15*CO15,0) -> 0.00029451146 | DO15: =IFERROR(CC15*CJ15,0) -> 0 | DP15: =IFERROR(CD15*CK15,0) -> 9.9561028e-05 | DQ15: =IFERROR(CE15*CL15,0) -> 0.00014355022 | DR15: =IFERROR(CF15*CM15,0) -> 0.00013152468 | DS15: =IFERROR(CG15*CN15,0) -> 0 | DT15: =IFERROR(CH15*CO15,0) -> 0.0071957764
A16: ES | B16: Spain | C16: 20805.797 | D16: 71.728 | E16: 0.0034475007 | F16: 226417.97 | G16: 0.82041919 | H16: 11491.86 | I16: 4951.761 | J16: 107754.45 | K16: 11632.819 | L16: 49926.761 | M16: 71.728 | N16: 10630.02 | Q16: =H16/F16 -> 0.05075507 | R16: 0.02187 | S16: =(J16/F16)*0.988 -> 0.47019851 | T16: 0.0057109131 | U16: 0.051377631 | V16: =($L16/$F16)*0.94 -> 0.20727663 | W16: =($L16/$F16)*0.06 -> 0.013230423 | Y16: ES | Z16: 0 | AA16: 0 | AB16: 0 | AC16: 0 | AD16: 0 | AE16: - | AF16: 5.3427819 | AG16: 1729.9784 | AH16: 186.76283 | AI16: 801.5652 | AJ16: 10.018782 | AK16: 12228.13 | AL16: 6.1105692 | AM16: 564.8688 | AN16: 209.929 | AO16: 0 | AP16: 2.816939 | AQ16: 1427.36 | AR16: 0 | AS16: 0 | AT16: 0 | AU16: 0 | AV16: 0.0019478379 | AW16: 32.78 | AX16: 6.0055038 | AY16: 1944.5659 | AZ16: 209.929 | BA16: 900.99184 | BB16: 6.5902424 | BC16: 2256.77 | BE16: =IFERROR(Z16/I16,0) -> 0 | BF16: =IFERROR(AA16/J16,0) -> 0 | BG16: =IFERROR(AB16/K16,0) -> 0 | BH16: =IFERROR(AC16/L16,0) -> 0 | BI16: =IFERROR(AD16/M16,0) -> 0 | BJ16: =IFERROR(AE16/N16,0) -> 0 | BK16: =IFERROR(AF16/I16,0) -> 0.001078966 | BL16: =IFERROR(AG16/J16,0) -> 0.016054821 | BM16: =IFERROR(AH16/K16,0) -> 0.016054821 | BN16: =IFERROR(AI16/L16,0) -> 0.016054821 | BO16: =IFERROR(AJ16/M16,0) -> 0.13967742 | BP16: =IFERROR(AK16/N16,0) -> 1.1503393 | BQ16: =IFERROR(AL16/I16,0) -> 0.0012340194 | BR16: =IFERROR(AM16/J16,0) -> 0.0052421854 | BS16: =IFERROR(AN16/K16,0) -> 0.018046271 | BT16: =IFERROR(AO16/L16,0) -> 0 | BU16: =IFERROR(AP16/M16,0) -> 0.039272516 | BV16: =IFERROR(AQ16/N16,0) -> 0.13427632 | BW16: =IFERROR(AR16/I16,0) -> 0 | BX16: =IFERROR(AS16/J16,0) -> 0 | BY16: =IFERROR(AT16/K16,0) -> 0 | BZ16: =IFERROR(AU16/L16,0) -> 0 | CA16: =IFERROR(AV16/M16,0) -> 2.7155893e-05 | CB16: =IFERROR(AW16/N16,0) -> 0.0030837195 | CC16: =IFERROR(AX16/I16,0) -> 0.0012128016 | CD16: =IFERROR(AY16/J16,0) -> 0.018046271 | CE16: =IFERROR(AZ16/K16,0) -> 0.018046271 | CF16: =IFERROR(BA16/L16,0) -> 0.018046271 | CG16: =IFERROR(BB16/M16,0) -> 0.09187824 | CH16: =IFERROR(BC16/N16,0) -> 0.21230158 | CJ16: =IFERROR(I16/$I$39,0) -> 0.10653741 | CK16: =IFERROR(J16/$J$39,0) -> 0.19233318 | CL16: =IFERROR(K16/$K$39,0) -> 0.15781142 | CM16: =IFERROR(L16/$L$39,0) -> 0.020405079 | CN16: =IFERROR(M16/$M$39,0) -> 0.0013896954 | CO16: =IFERROR(N16/$N$39,0) -> 0.10965544 | CQ16: =IFERROR(BE16*CJ16,0) -> 0 | CR16: =IFERROR(BF16*CK16,0) -> 0 | CS16: =IFERROR(BG16*CL16,0) -> 0 | CT16: =IFERROR(BH16*CM16,0) -> 0 | CU16: =IFERROR(BI16*CN16,0) -> 0 | CV16: =IFERROR(BJ16*CO16,0) -> 0 | CW16: =IFERROR(BK16*CJ16,0) -> 0.00011495025 | CX16: =IFERROR(BL16*CK16,0) -> 0.0030878747 | CY16: =IFERROR(BM16*CL16,0) -> 0.002533634 | CZ16: =IFERROR(BN16*CM16,0) -> 0.00032759989 | DA16: =IFERROR(BO16*CN16,0) -> 0.00019410906 | DB16: =IFERROR(BP16*CO16,0) -> 0.12614096 | DC16: =IFERROR(BQ16*CJ16,0) -> 0.00013146923 | DD16: =IFERROR(BR16*CK16,0) -> 0.0010082462 | DE16: =IFERROR(BS16*CL16,0) -> 0.0028479075 | DF16: =IFERROR(BT16*CM16,0) -> 0 | DG16: =IFERROR(BU16*CN16,0) -> 5.4576833e-05 | DH16: =IFERROR(BV16*CO16,0) -> 0.014724129 | DI16: =IFERROR(BW16*CJ16,0) -> 0 | DJ16: =IFERROR(BX16*CK16,0) -> 0 | DK16: =IFERROR(BY16*CL16,0) -> 0 | DL16: =IFERROR(BZ16*CM16,0) -> 0 | DM16: =IFERROR(CA16*CN16,0) -> 3.7738419e-08 | DN16: =IFERROR(CB16*CO16,0) -> 0.00033814661 | DO16: =IFERROR(CC16*CJ16,0) -> 0.00012920875 | DP16: =IFERROR(CD16*CK16,0) -> 0.0034708966 | DQ16: =IFERROR(CE16*CL16,0) -> 0.0028479075 | DR16: =IFERROR(CF16*CM16,0) -> 0.00036823558 | DS16: =IFERROR(CG16*CN16,0) -> 0.00012768276 | DT16: =IFERROR(CH16*CO16,0) -> 0.023280022
A17: FR | B17: France | C17: 236.508 | D17: 12.631 | E17: 0.053406227 | F17: 394539.52 | G17: 0.98650217 | H17: 1871.422 | I17: 5893.859 | J17: 12435.643 | K17: 1199.02 | L17: 367814.15 | M17: 12.631 | N17: 4498.39 | Q17: =H17/F17 -> 0.0047433068 | R17: 0.014938577 | S17: =(J17/F17)*0.988 -> 0.031141152 | T17: 0.00037823262 | U17: 0.0030390365 | V17: =($L17/$F17)*0.94 -> 0.87632615 | W17: =($L17/$F17)*0.06 -> 0.055935712 | Y17: FR | Z17: 0 | AA17: 0 | AB17: 0 | AC17: 0 | AD17: 0 | AE17: 793.86 | AF17: 5.3913584 | AG17: 97.137024 | AH17: 9.3657589 | AI17: 2873.0619 | AJ17: 0.0042457951 | AK17: - | AL17: 13.532946 | AM17: 11.434209 | AN17: 15.999745 | AO17: 0 | AP17: 2.4812533 | AQ17: 1430.76 | AR17: 0 | AS17: 0 | AT17: 0 | AU17: 0 | AV17: 0 | AW17: 493.05 | AX17: 9.2101835 | AY17: 165.94145 | AZ17: 15.999745 | BA17: 4908.1187 | BB17: 0.29576369 | BC17: 4029.92 | BE17: =IFERROR(Z17/I17,0) -> 0 | BF17: =IFERROR(AA17/J17,0) -> 0 | BG17: =IFERROR(AB17/K17,0) -> 0 | BH17: =IFERROR(AC17/L17,0) -> 0 | BI17: =IFERROR(AD17/M17,0) -> 0 | BJ17: =IFERROR(AE17/N17,0) -> 0.17647647 | BK17: =IFERROR(AF17/I17,0) -> 0.00091474167 | BL17: =IFERROR(AG17/J17,0) -> 0.0078111782 | BM17: =IFERROR(AH17/K17,0) -> 0.0078111782 | BN17: =IFERROR(AI17/L17,0) -> 0.0078111782 | BO17: =IFERROR(AJ17/M17,0) -> 0.00033614085 | BP17: =IFERROR(AK17/N17,0) -> 0 | BQ17: =IFERROR(AL17/I17,0) -> 0.0022961095 | BR17: =IFERROR(AM17/J17,0) -> 0.00091947063 | BS17: =IFERROR(AN17/K17,0) -> 0.013344018 | BT17: =IFERROR(AO17/L17,0) -> 0 | BU17: =IFERROR(AP17/M17,0) -> 0.19644156 | BV17: =IFERROR(AQ17/N17,0) -> 0.31806046 | BW17: =IFERROR(AR17/I17,0) -> 0 | BX17: =IFERROR(AS17/J17,0) -> 0 | BY17: =IFERROR(AT17/K17,0) -> 0 | BZ17: =IFERROR(AU17/L17,0) -> 0 | CA17: =IFERROR(AV17/M17,0) -> 0 | CB17: =IFERROR(AW17/N17,0) -> 0.10960588 | CC17: =IFERROR(AX17/I17,0) -> 0.0015626746 | CD17: =IFERROR(AY17/J17,0) -> 0.013344018 | CE17: =IFERROR(AZ17/K17,0) -> 0.013344018 | CF17: =IFERROR(BA17/L17,0) -> 0.013344018 | CG17: =IFERROR(BB17/M17,0) -> 0.023415698 | CH17: =IFERROR(BC17/N17,0) -> 0.8958583 | CJ17: =IFERROR(I17/$I$39,0) -> 0.1268067 | CK17: =IFERROR(J17/$J$39,0) -> 0.02219664 | CL17: =IFERROR(K17/$K$39,0) -> 0.016265966 | CM17: =IFERROR(L17/$L$39,0) -> 0.15032573 | CN17: =IFERROR(M17/$M$39,0) -> 0.00024471952 | CO17: =IFERROR(N17/$N$39,0) -> 0.046403762 | CQ17: =IFERROR(BE17*CJ17,0) -> 0 | CR17: =IFERROR(BF17*CK17,0) -> 0 | CS17: =IFERROR(BG17*CL17,0) -> 0 | CT17: =IFERROR(BH17*CM17,0) -> 0 | CU17: =IFERROR(BI17*CN17,0) -> 0 | CV17: =IFERROR(BJ17*CO17,0) -> 0.0081891723 | CW17: =IFERROR(BK17*CJ17,0) -> 0.00011599537 | CX17: =IFERROR(BL17*CK17,0) -> 0.00017338191 | CY17: =IFERROR(BM17*CL17,0) -> 0.00012705636 | CZ17: =IFERROR(BN17*CM17,0) -> 0.0011742211 | DA17: =IFERROR(BO17*CN17,0) -> 8.2260229e-08 | DB17: =IFERROR(BP17*CO17,0) -> 0 | DC17: =IFERROR(BQ17*CJ17,0) -> 0.00029116208 | DD17: =IFERROR(BR17*CK17,0) -> 2.0409159e-05 | DE17: =IFERROR(BS17*CL17,0) -> 0.00021705335 | DF17: =IFERROR(BT17*CM17,0) -> 0 | DG17: =IFERROR(BU17*CN17,0) -> 4.8073085e-05 | DH17: =IFERROR(BV17*CO17,0) -> 0.014759202 | DI17: =IFERROR(BW17*CJ17,0) -> 0 | DJ17: =IFERROR(BX17*CK17,0) -> 0 | DK17: =IFERROR(BY17*CL17,0) -> 0 | DL17: =IFERROR(BZ17*CM17,0) -> 0 | DM17: =IFERROR(CA17*CN17,0) -> 0 | DN17: =IFERROR(CB17*CO17,0) -> 0.0050861253 | DO17: =IFERROR(CC17*CJ17,0) -> 0.00019815761 | DP17: =IFERROR(CD17*CK17,0) -> 0.00029619237 | DQ17: =IFERROR(CE17*CL17,0) -> 0.00021705335 | DR17: =IFERROR(CF17*CM17,0) -> 0.0020059493 | DS17: =IFERROR(CG17*CN17,0) -> 5.7302786e-06 | DT17: =IFERROR(CH17*CO17,0) -> 0.041571195
A18: HR | B18: Croatia | C18: 0 | D18: 0 | F18: 25885 | G18: 0.96152212 | H18: 519 | I18: 44 | J18: 3311 | K18: 0 | L18: 21015 | M18: 0 | N18: 818.58 | Q18: =H18/F18 -> 0.020050222 | R18: 0.0016998262 | S18: =(J18/F18)*0.988 -> 0.12637698 | T18: 0.001534943 | U18: 0 | V18: =($L18/$F18)*0.94 -> 0.76314854 | W18: =($L18/$F18)*0.06 -> 0.048711609 | Y18: HR | Z18: 0 | AA18: 0 | AB18: 0 | AC18: 0 | AD18: 0 | AE18: 248.15 | AF18: 6.8160282e-05 | AG18: 0.6675723 | AH18: 0 | AI18: 4.2370981 | AJ18: 0 | AK18: 593.71 | AL18: 0.0019741755 | AM18: 0.038885223 | AN18: 0 | AO18: 0 | AP18: 0 | AQ18: 84.09 | AR18: 0 | AS18: 0 | AT18: 0 | AU18: 0 | AV18: 0 | AW18: 5.64 | AX18: 0.0015090252 | AY18: 14.779625 | AZ18: 0 | BA18: 93.806652 | BB18: 0 | BC18: 296.29 | BE18: =IFERROR(Z18/I18,0) -> 0 | BF18: =IFERROR(AA18/J18,0) -> 0 | BG18: =IFERROR(AB18/K18,0) -> 0 | BH18: =IFERROR(AC18/L18,0) -> 0 | BI18: =IFERROR(AD18/M18,0) -> 0 | BJ18: =IFERROR(AE18/N18,0) -> 0.30314691 | BK18: =IFERROR(AF18/I18,0) -> 1.5490973e-06 | BL18: =IFERROR(AG18/J18,0) -> 0.00020162256 | BM18: =IFERROR(AH18/K18,0) -> 0 | BN18: =IFERROR(AI18/L18,0) -> 0.00020162256 | BO18: =IFERROR(AJ18/M18,0) -> 0 | BP18: =IFERROR(AK18/N18,0) -> 0.72529258 | BQ18: =IFERROR(AL18/I18,0) -> 4.4867625e-05 | BR18: =IFERROR(AM18/J18,0) -> 1.1744253e-05 | BS18: =IFERROR(AN18/K18,0) -> 0 | BT18: =IFERROR(AO18/L18,0) -> 0 | BU18: =IFERROR(AP18/M18,0) -> 0 | BV18: =IFERROR(AQ18/N18,0) -> 0.10272667 | BW18: =IFERROR(AR18/I18,0) -> 0 | BX18: =IFERROR(AS18/J18,0) -> 0 | BY18: =IFERROR(AT18/K18,0) -> 0 | BZ18: =IFERROR(AU18/L18,0) -> 0 | CA18: =IFERROR(AV18/M18,0) -> 0 | CB18: =IFERROR(AW18/N18,0) -> 0.0068899802 | CC18: =IFERROR(AX18/I18,0) -> 3.4296027e-05 | CD18: =IFERROR(AY18/J18,0) -> 0.004463795 | CE18: =IFERROR(AZ18/K18,0) -> 0 | CF18: =IFERROR(BA18/L18,0) -> 0.004463795 | CG18: =IFERROR(BB18/M18,0) -> 0 | CH18: =IFERROR(BC18/N18,0) -> 0.36195607 | CJ18: =IFERROR(I18/$I$39,0) -> 0.00094666244 | CK18: =IFERROR(J18/$J$39,0) -> 0.0059098734 | CL18: =IFERROR(K18/$K$39,0) -> 0 | CM18: =IFERROR(L18/$L$39,0) -> 0.0085888355 | CN18: =IFERROR(M18/$M$39,0) -> 0 | CO18: =IFERROR(N18/$N$39,0) -> 0.0084441749 | CQ18: =IFERROR(BE18*CJ18,0) -> 0 | CR18: =IFERROR(BF18*CK18,0) -> 0 | CS18: =IFERROR(BG18*CL18,0) -> 0 | CT18: =IFERROR(BH18*CM18,0) -> 0 | CU18: =IFERROR(BI18*CN18,0) -> 0 | CV18: =IFERROR(BJ18*CO18,0) -> 0.0025598255 | CW18: =IFERROR(BK18*CJ18,0) -> 1.4664722e-09 | CX18: =IFERROR(BL18*CK18,0) -> 1.1915638e-06 | CY18: =IFERROR(BM18*CL18,0) -> 0 | CZ18: =IFERROR(BN18*CM18,0) -> 1.731703e-06 | DA18: =IFERROR(BO18*CN18,0) -> 0 | DB18: =IFERROR(BP18*CO18,0) -> 0.0061244974 | DC18: =IFERROR(BQ18*CJ18,0) -> 4.2474495e-08 | DD18: =IFERROR(BR18*CK18,0) -> 6.9407051e-08 | DE18: =IFERROR(BS18*CL18,0) -> 0 | DF18: =IFERROR(BT18*CM18,0) -> 0 | DG18: =IFERROR(BU18*CN18,0) -> 0 | DH18: =IFERROR(BV18*CO18,0) -> 0.00086744199 | DI18: =IFERROR(BW18*CJ18,0) -> 0 | DJ18: =IFERROR(BX18*CK18,0) -> 0 | DK18: =IFERROR(BY18*CL18,0) -> 0 | DL18: =IFERROR(BZ18*CM18,0) -> 0 | DM18: =IFERROR(CA18*CN18,0) -> 0 | DN18: =IFERROR(CB18*CO18,0) -> 5.8180198e-05 | DO18: =IFERROR(CC18*CJ18,0) -> 3.2466761e-08 | DP18: =IFERROR(CD18*CK18,0) -> 2.6380463e-05 | DQ18: =IFERROR(CE18*CL18,0) -> 0 | DR18: =IFERROR(CF18*CM18,0) -> 3.8338801e-05 | DS18: =IFERROR(CG18*CN18,0) -> 0 | DT18: =IFERROR(CH18*CO18,0) -> 0.0030564203
A19: IT | B19: Italy | C19: 106.372 | D19: 6.505 | E19: 0.061153311 | F19: 236519.34 | G19: 0.86573422 | H19: 3826.833 | I19: 1705.271 | J19: 41765.208 | K19: 9067.313 | L19: 148398.26 | M19: 6.505 | N19: 13433.46 | Q19: =H19/F19 -> 0.016179789 | R19: 0.0072098586 | S19: =(J19/F19)*0.988 -> 0.17446364 | T19: 0.0021189916 | U19: 0.038336455 | V19: =($L19/$F19)*0.94 -> 0.58977996 | W19: =($L19/$F19)*0.06 -> 0.037645529 | Y19: IT | Z19: 0 | AA19: 0 | AB19: 0 | AC19: 0 | AD19: 0 | AE19: 90.06 | AF19: 0.62823182 | AG19: 219.17101 | AH19: 47.582479 | AI19: 778.74859 | AJ19: 44.113889 | AK19: 14754 | AL19: 0.29098 | AM19: 0 | AN19: 76.644119 | AO19: 0 | AP19: 0.30720366 | AQ19: 1027.79 | AR19: 0 | AS19: 0 | AT19: 0 | AU19: 0 | AV19: 0 | AW19: 34.35 | AX19: 1.0119329 | AY19: 353.03265 | AZ19: 76.644119 | BA19: 1254.3798 | BB19: 0.49136685 | BC19: 4243.99 | BE19: =IFERROR(Z19/I19,0) -> 0 | BF19: =IFERROR(AA19/J19,0) -> 0 | BG19: =IFERROR(AB19/K19,0) -> 0 | BH19: =IFERROR(AC19/L19,0) -> 0 | BI19: =IFERROR(AD19/M19,0) -> 0 | BJ19: =IFERROR(AE19/N19,0) -> 0.0067041551 | BK19: =IFERROR(AF19/I19,0) -> 0.00036840586 | BL19: =IFERROR(AG19/J19,0) -> 0.0052476935 | BM19: =IFERROR(AH19/K19,0) -> 0.0052476935 | BN19: =IFERROR(AI19/L19,0) -> 0.0052476935 | BO19: =IFERROR(AJ19/M19,0) -> 6.7815356 | BP19: =IFERROR(AK19/N19,0) -> 1.0983023 | BQ19: =IFERROR(AL19/I19,0) -> 0.00017063564 | BR19: =IFERROR(AM19/J19,0) -> 0 | BS19: =IFERROR(AN19/K19,0) -> 0.0084527929 | BT19: =IFERROR(AO19/L19,0) -> 0 | BU19: =IFERROR(AP19/M19,0) -> 0.047225774 | BV19: =IFERROR(AQ19/N19,0) -> 0.0765097 | BW19: =IFERROR(AR19/I19,0) -> 0 | BX19: =IFERROR(AS19/J19,0) -> 0 | BY19: =IFERROR(AT19/K19,0) -> 0 | BZ19: =IFERROR(AU19/L19,0) -> 0 | CA19: =IFERROR(AV19/M19,0) -> 0 | CB19: =IFERROR(AW19/N19,0) -> 0.0025570478 | CC19: =IFERROR(AX19/I19,0) -> 0.00059341469 | CD19: =IFERROR(AY19/J19,0) -> 0.0084527929 | CE19: =IFERROR(AZ19/K19,0) -> 0.0084527929 | CF19: =IFERROR(BA19/L19,0) -> 0.0084527929 | CG19: =IFERROR(BB19/M19,0) -> 0.075536795 | CH19: =IFERROR(BC19/N19,0) -> 0.3159268 | CJ19: =IFERROR(I19/$I$39,0) -> 0.036689 | CK19: =IFERROR(J19/$J$39,0) -> 0.074547597 | CL19: =IFERROR(K19/$K$39,0) -> 0.12300763 | CM19: =IFERROR(L19/$L$39,0) -> 0.060650406 | CN19: =IFERROR(M19/$M$39,0) -> 0.00012603123 | CO19: =IFERROR(N19/$N$39,0) -> 0.13857471 | CQ19: =IFERROR(BE19*CJ19,0) -> 0 | CR19: =IFERROR(BF19*CK19,0) -> 0 | CS19: =IFERROR(BG19*CL19,0) -> 0 | CT19: =IFERROR(BH19*CM19,0) -> 0 | CU19: =IFERROR(BI19*CN19,0) -> 0 | CV19: =IFERROR(BJ19*CO19,0) -> 0.00092902635 | CW19: =IFERROR(BK19*CJ19,0) -> 1.3516442e-05 | CX19: =IFERROR(BL19*CK19,0) -> 0.00039120294 | CY19: =IFERROR(BM19*CL19,0) -> 0.00064550634 | CZ19: =IFERROR(BN19*CM19,0) -> 0.00031827474 | DA19: =IFERROR(BO19*CN19,0) -> 0.00085468529 | DB19: =IFERROR(BP19*CO19,0) -> 0.15219692 | DC19: =IFERROR(BQ19*CJ19,0) -> 6.2604509e-06 | DD19: =IFERROR(BR19*CK19,0) -> 0 | DE19: =IFERROR(BS19*CL19,0) -> 0.001039758 | DF19: =IFERROR(BT19*CM19,0) -> 0 | DG19: =IFERROR(BU19*CN19,0) -> 5.9519225e-06 | DH19: =IFERROR(BV19*CO19,0) -> 0.010602309 | DI19: =IFERROR(BW19*CJ19,0) -> 0 | DJ19: =IFERROR(BX19*CK19,0) -> 0 | DK19: =IFERROR(BY19*CL19,0) -> 0 | DL19: =IFERROR(BZ19*CM19,0) -> 0 | DM19: =IFERROR(CA19*CN19,0) -> 0 | DN19: =IFERROR(CB19*CO19,0) -> 0.00035434216 | DO19: =IFERROR(CC19*CJ19,0) -> 2.1771792e-05 | DP19: =IFERROR(CD19*CK19,0) -> 0.0006301354 | DQ19: =IFERROR(CE19*CL19,0) -> 0.001039758 | DR19: =IFERROR(CF19*CM19,0) -> 0.00051266532 | DS19: =IFERROR(CG19*CN19,0) -> 9.5199955e-06 | DT19: =IFERROR(CH19*CO19,0) -> 0.043779464
A20: CY | B20: Cyprus | C20: 0 | D20: 0 | F20: 13698.159 | G20: 0.99696098 | H20: 0 | I20: 0 | J20: 3170.638 | K20: 934.289 | L20: 9551.603 | M20: 0 | N20: - | Q20: =H20/F20 -> 0 | R20: 0 | S20: =(J20/F20)*0.988 -> 0.22868696 | T20: 0.0027775744 | U20: 0.068205443 | V20: =($L20/$F20)*0.94 -> 0.65545354 | W20: =($L20/$F20)*0.06 -> 0.04183746 | Y20: CY | Z20: 0 | AA20: 0 | AB20: 0 | AC20: 0 | AD20: 0 | AE20: - | AF20: 0 | AG20: 0 | AH20: 0 | AI20: 0 | AJ20: 0 | AK20: - | AL20: 0 | AM20: 0.18679188 | AN20: 4.9928089 | AO20: 0 | AP20: 0 | AQ20: - | AR20: 0 | AS20: 0 | AT20: 0 | AU20: 0 | AV20: 0 | AW20: - | AX20: 0 | AY20: 16.943783 | AZ20: 4.9928089 | BA20: 51.043444 | BB20: 0 | BC20: - | BE20: =IFERROR(Z20/I20,0) -> 0 | BF20: =IFERROR(AA20/J20,0) -> 0 | BG20: =IFERROR(AB20/K20,0) -> 0 | BH20: =IFERROR(AC20/L20,0) -> 0 | BI20: =IFERROR(AD20/M20,0) -> 0 | BJ20: =IFERROR(AE20/N20,0) -> 0 | BK20: =IFERROR(AF20/I20,0) -> 0 | BL20: =IFERROR(AG20/J20,0) -> 0 | BM20: =IFERROR(AH20/K20,0) -> 0 | BN20: =IFERROR(AI20/L20,0) -> 0 | BO20: =IFERROR(AJ20/M20,0) -> 0 | BP20: =IFERROR(AK20/N20,0) -> 0 | BQ20: =IFERROR(AL20/I20,0) -> 0 | BR20: =IFERROR(AM20/J20,0) -> 5.8913026e-05 | BS20: =IFERROR(AN20/K20,0) -> 0.0053439663 | BT20: =IFERROR(AO20/L20,0) -> 0 | BU20: =IFERROR(AP20/M20,0) -> 0 | BV20: =IFERROR(AQ20/N20,0) -> 0 | BW20: =IFERROR(AR20/I20,0) -> 0 | BX20: =IFERROR(AS20/J20,0) -> 0 | BY20: =IFERROR(AT20/K20,0) -> 0 | BZ20: =IFERROR(AU20/L20,0) -> 0 | CA20: =IFERROR(AV20/M20,0) -> 0 | CB20: =IFERROR(AW20/N20,0) -> 0 | CC20: =IFERROR(AX20/I20,0) -> 0 | CD20: =IFERROR(AY20/J20,0) -> 0.0053439663 | CE20: =IFERROR(AZ20/K20,0) -> 0.0053439663 | CF20: =IFERROR(BA20/L20,0) -> 0.0053439663 | CG20: =IFERROR(BB20/M20,0) -> 0 | CH20: =IFERROR(BC20/N20,0) -> 0 | CJ20: =IFERROR(I20/$I$39,0) -> 0 | CK20: =IFERROR(J20/$J$39,0) -> 0.0056593384 | CL20: =IFERROR(K20/$K$39,0) -> 0.012674612 | CM20: =IFERROR(L20/$L$39,0) -> 0.0039037424 | CN20: =IFERROR(M20/$M$39,0) -> 0 | CO20: =IFERROR(N20/$N$39,0) -> 0 | CQ20: =IFERROR(BE20*CJ20,0) -> 0 | CR20: =IFERROR(BF20*CK20,0) -> 0 | CS20: =IFERROR(BG20*CL20,0) -> 0 | CT20: =IFERROR(BH20*CM20,0) -> 0 | CU20: =IFERROR(BI20*CN20,0) -> 0 | CV20: =IFERROR(BJ20*CO20,0) -> 0 | CW20: =IFERROR(BK20*CJ20,0) -> 0 | CX20: =IFERROR(BL20*CK20,0) -> 0 | CY20: =IFERROR(BM20*CL20,0) -> 0 | CZ20: =IFERROR(BN20*CM20,0) -> 0 | DA20: =IFERROR(BO20*CN20,0) -> 0 | DB20: =IFERROR(BP20*CO20,0) -> 0 | DC20: =IFERROR(BQ20*CJ20,0) -> 0 | DD20: =IFERROR(BR20*CK20,0) -> 3.3340875e-07 | DE20: =IFERROR(BS20*CL20,0) -> 6.77327e-05 | DF20: =IFERROR(BT20*CM20,0) -> 0 | DG20: =IFERROR(BU20*CN20,0) -> 0 | DH20: =IFERROR(BV20*CO20,0) -> 0 | DI20: =IFERROR(BW20*CJ20,0) -> 0 | DJ20: =IFERROR(BX20*CK20,0) -> 0 | DK20: =IFERROR(BY20*CL20,0) -> 0 | DL20: =IFERROR(BZ20*CM20,0) -> 0 | DM20: =IFERROR(CA20*CN20,0) -> 0 | DN20: =IFERROR(CB20*CO20,0) -> 0 | DO20: =IFERROR(CC20*CJ20,0) -> 0 | DP20: =IFERROR(CD20*CK20,0) -> 3.0243313e-05 | DQ20: =IFERROR(CE20*CL20,0) -> 6.77327e-05 | DR20: =IFERROR(CF20*CM20,0) -> 2.0861468e-05 | DS20: =IFERROR(CG20*CN20,0) -> 0 | DT20: =IFERROR(CH20*CO20,0) -> 0
A21: LV | B21: Latvia | C21: 0 | D21: 0 | F21: 20387.158 | G21: 0.99998578 | H21: 7058.549 | I21: 0 | J21: 1896.601 | K21: 471.063 | L21: 10960.655 | M21: 0 | N21: - | Q21: =H21/F21 -> 0.34622526 | R21: 0 | S21: =(J21/F21)*0.988 -> 0.09191285 | T21: 0.0011163504 | U21: 0.023105869 | V21: =($L21/$F21)*0.94 -> 0.50536792 | W21: =($L21/$F21)*0.06 -> 0.032257527 | Y21: LV | Z21: 0 | AA21: 0 | AB21: 0 | AC21: 0 | AD21: 0 | AE21: - | AF21: 0 | AG21: 2.9012272 | AH21: 0.72058425 | AI21: 16.766495 | AJ21: 0 | AK21: - | AL21: 0 | AM21: 1.3130141 | AN21: 1.4384697 | AO21: 0 | AP21: 0 | AQ21: - | AR21: 0 | AS21: 0 | AT21: 0 | AU21: 0 | AV21: 0 | AW21: - | AX21: 0 | AY21: 5.7915887 | AZ21: 1.4384697 | BA21: 33.470195 | BB21: 0 | BC21: - | BE21: =IFERROR(Z21/I21,0) -> 0 | BF21: =IFERROR(AA21/J21,0) -> 0 | BG21: =IFERROR(AB21/K21,0) -> 0 | BH21: =IFERROR(AC21/L21,0) -> 0 | BI21: =IFERROR(AD21/M21,0) -> 0 | BJ21: =IFERROR(AE21/N21,0) -> 0 | BK21: =IFERROR(AF21/I21,0) -> 0 | BL21: =IFERROR(AG21/J21,0) -> 0.0015296983 | BM21: =IFERROR(AH21/K21,0) -> 0.0015296983 | BN21: =IFERROR(AI21/L21,0) -> 0.0015296983 | BO21: =IFERROR(AJ21/M21,0) -> 0 | BP21: =IFERROR(AK21/N21,0) -> 0 | BQ21: =IFERROR(AL21/I21,0) -> 0 | BR21: =IFERROR(AM21/J21,0) -> 0.00069229855 | BS21: =IFERROR(AN21/K21,0) -> 0.0030536674 | BT21: =IFERROR(AO21/L21,0) -> 0 | BU21: =IFERROR(AP21/M21,0) -> 0 | BV21: =IFERROR(AQ21/N21,0) -> 0 | BW21: =IFERROR(AR21/I21,0) -> 0 | BX21: =IFERROR(AS21/J21,0) -> 0 | BY21: =IFERROR(AT21/K21,0) -> 0 | BZ21: =IFERROR(AU21/L21,0) -> 0 | CA21: =IFERROR(AV21/M21,0) -> 0 | CB21: =IFERROR(AW21/N21,0) -> 0 | CC21: =IFERROR(AX21/I21,0) -> 0 | CD21: =IFERROR(AY21/J21,0) -> 0.0030536674 | CE21: =IFERROR(AZ21/K21,0) -> 0.0030536674 | CF21: =IFERROR(BA21/L21,0) -> 0.0030536674 | CG21: =IFERROR(BB21/M21,0) -> 0 | CH21: =IFERROR(BC21/N21,0) -> 0 | CJ21: =IFERROR(I21/$I$39,0) -> 0 | CK21: =IFERROR(J21/$J$39,0) -> 0.003385283 | CL21: =IFERROR(K21/$K$39,0) -> 0.0063904647 | CM21: =IFERROR(L21/$L$39,0) -> 0.0044796223 | CN21: =IFERROR(M21/$M$39,0) -> 0 | CO21: =IFERROR(N21/$N$39,0) -> 0 | CQ21: =IFERROR(BE21*CJ21,0) -> 0 | CR21: =IFERROR(BF21*CK21,0) -> 0 | CS21: =IFERROR(BG21*CL21,0) -> 0 | CT21: =IFERROR(BH21*CM21,0) -> 0 | CU21: =IFERROR(BI21*CN21,0) -> 0 | CV21: =IFERROR(BJ21*CO21,0) -> 0 | CW21: =IFERROR(BK21*CJ21,0) -> 0 | CX21: =IFERROR(BL21*CK21,0) -> 5.1784614e-06 | CY21: =IFERROR(BM21*CL21,0) -> 9.7754827e-06 | CZ21: =IFERROR(BN21*CM21,0) -> 6.8524705e-06 | DA21: =IFERROR(BO21*CN21,0) -> 0 | DB21: =IFERROR(BP21*CO21,0) -> 0 | DC21: =IFERROR(BQ21*CJ21,0) -> 0 | DD21: =IFERROR(BR21*CK21,0) -> 2.3436265e-06 | DE21: =IFERROR(BS21*CL21,0) -> 1.9514354e-05 | DF21: =IFERROR(BT21*CM21,0) -> 0 | DG21: =IFERROR(BU21*CN21,0) -> 0 | DH21: =IFERROR(BV21*CO21,0) -> 0 | DI21: =IFERROR(BW21*CJ21,0) -> 0 | DJ21: =IFERROR(BX21*CK21,0) -> 0 | DK21: =IFERROR(BY21*CL21,0) -> 0 | DL21: =IFERROR(BZ21*CM21,0) -> 0 | DM21: =IFERROR(CA21*CN21,0) -> 0 | DN21: =IFERROR(CB21*CO21,0) -> 0 | DO21: =IFERROR(CC21*CJ21,0) -> 0 | DP21: =IFERROR(CD21*CK21,0) -> 1.0337528e-05 | DQ21: =IFERROR(CE21*CL21,0) -> 1.9514354e-05 | DR21: =IFERROR(CF21*CM21,0) -> 1.3679277e-05 | DS21: =IFERROR(CG21*CN21,0) -> 0 | DT21: =IFERROR(CH21*CO21,0) -> 0
A22: LT | B22: Lithuania | C22: 0 | D22: 0 | F22: 32226 | G22: 0.99993794 | H22: 7710 | I22: 0 | J22: 1868 | K22: 517 | L22: 22129 | M22: 0 | N22: 35.78 | Q22: =H22/F22 -> 0.23924781 | R22: 0 | S22: =(J22/F22)*0.988 -> 0.05727003 | T22: 0.00069558741 | U22: 0.016042947 | V22: =($L22/$F22)*0.94 -> 0.64548067 | W22: =($L22/$F22)*0.06 -> 0.041200894 | Y22: LT | Z22: 0 | AA22: 0 | AB22: 0 | AC22: 0 | AD22: 0 | AE22: 13.2 | AF22: 0 | AG22: 2.321523 | AH22: 0.64252001 | AI22: 27.501597 | AJ22: 0 | AK22: 15.34 | AL22: 0 | AM22: 2.2026935 | AN22: 2.7058034 | AO22: 0 | AP22: 0 | AQ22: 3.12 | AR22: 0 | AS22: 0 | AT22: 0 | AU22: 0 | AV22: 0 | AW22: 14 | AX22: 0 | AY22: 9.7764811 | AZ22: 2.7058034 | BA22: 115.81571 | BB22: 0 | BC22: 8.02 | BE22: =IFERROR(Z22/I22,0) -> 0 | BF22: =IFERROR(AA22/J22,0) -> 0 | BG22: =IFERROR(AB22/K22,0) -> 0 | BH22: =IFERROR(AC22/L22,0) -> 0 | BI22: =IFERROR(AD22/M22,0) -> 0 | BJ22: =IFERROR(AE22/N22,0) -> 0.36892119 | BK22: =IFERROR(AF22/I22,0) -> 0 | BL22: =IFERROR(AG22/J22,0) -> 0.0012427853 | BM22: =IFERROR(AH22/K22,0) -> 0.0012427853 | BN22: =IFERROR(AI22/L22,0) -> 0.0012427853 | BO22: =IFERROR(AJ22/M22,0) -> 0 | BP22: =IFERROR(AK22/N22,0) -> 0.42873113 | BQ22: =IFERROR(AL22/I22,0) -> 0 | BR22: =IFERROR(AM22/J22,0) -> 0.0011791721 | BS22: =IFERROR(AN22/K22,0) -> 0.0052336623 | BT22: =IFERROR(AO22/L22,0) -> 0 | BU22: =IFERROR(AP22/M22,0) -> 0 | BV22: =IFERROR(AQ22/N22,0) -> 0.087199553 | BW22: =IFERROR(AR22/I22,0) -> 0 | BX22: =IFERROR(AS22/J22,0) -> 0 | BY22: =IFERROR(AT22/K22,0) -> 0 | BZ22: =IFERROR(AU22/L22,0) -> 0 | CA22: =IFERROR(AV22/M22,0) -> 0 | CB22: =IFERROR(AW22/N22,0) -> 0.39128004 | CC22: =IFERROR(AX22/I22,0) -> 0 | CD22: =IFERROR(AY22/J22,0) -> 0.0052336623 | CE22: =IFERROR(AZ22/K22,0) -> 0.0052336623 | CF22: =IFERROR(BA22/L22,0) -> 0.0052336623 | CG22: =IFERROR(BB22/M22,0) -> 0 | CH22: =IFERROR(BC22/N22,0) -> 0.22414757 | CJ22: =IFERROR(I22/$I$39,0) -> 0 | CK22: =IFERROR(J22/$J$39,0) -> 0.0033342324 | CL22: =IFERROR(K22/$K$39,0) -> 0.0070136484 | CM22: =IFERROR(L22/$L$39,0) -> 0.0090441276 | CN22: =IFERROR(M22/$M$39,0) -> 0 | CO22: =IFERROR(N22/$N$39,0) -> 0.00036909352 | CQ22: =IFERROR(BE22*CJ22,0) -> 0 | CR22: =IFERROR(BF22*CK22,0) -> 0 | CS22: =IFERROR(BG22*CL22,0) -> 0 | CT22: =IFERROR(BH22*CM22,0) -> 0 | CU22: =IFERROR(BI22*CN22,0) -> 0 | CV22: =IFERROR(BJ22*CO22,0) -> 0.00013616642 | CW22: =IFERROR(BK22*CJ22,0) -> 0 | CX22: =IFERROR(BL22*CK22,0) -> 4.1437352e-06 | CY22: =IFERROR(BM22*CL22,0) -> 8.7164593e-06 | CZ22: =IFERROR(BN22*CM22,0) -> 1.1239909e-05 | DA22: =IFERROR(BO22*CN22,0) -> 0 | DB22: =IFERROR(BP22*CO22,0) -> 0.00015824189 | DC22: =IFERROR(BQ22*CJ22,0) -> 0 | DD22: =IFERROR(BR22*CK22,0) -> 3.9316339e-06 | DE22: =IFERROR(BS22*CL22,0) -> 3.6707067e-05 | DF22: =IFERROR(BT22*CM22,0) -> 0 | DG22: =IFERROR(BU22*CN22,0) -> 0 | DH22: =IFERROR(BV22*CO22,0) -> 3.218479e-05 | DI22: =IFERROR(BW22*CJ22,0) -> 0 | DJ22: =IFERROR(BX22*CK22,0) -> 0 | DK22: =IFERROR(BY22*CL22,0) -> 0 | DL22: =IFERROR(BZ22*CM22,0) -> 0 | DM22: =IFERROR(CA22*CN22,0) -> 0 | DN22: =IFERROR(CB22*CO22,0) -> 0.00014441893 | DO22: =IFERROR(CC22*CJ22,0) -> 0 | DP22: =IFERROR(CD22*CK22,0) -> 1.7450246e-05 | DQ22: =IFERROR(CE22*CL22,0) -> 3.6707067e-05 | DR22: =IFERROR(CF22*CM22,0) -> 4.7333909e-05 | DS22: =IFERROR(CG22*CN22,0) -> 0 | DT22: =IFERROR(CH22*CO22,0) -> 8.2731416e-05
A23: LU | B23: Luxembourg | C23: 3634 | D23: 3634 | E23: 1 | F23: 469.056 | G23: 1 | H23: 0 | I23: 0 | J23: 0 | K23: 0 | L23: 469.056 | M23: 3634 | N23: - | Q23: =H23/F23 -> 0 | R23: 0 | S23: =(J23/F23)*0.988 -> 0 | T23: 0 | U23: 0 | V23: =($L23/$F23)*0.94 -> 0.94 | W23: =($L23/$F23)*0.06 -> 0.06 | Y23: LU | Z23: 0 | AA23: 0 | AB23: 0 | AC23: 0 | AD23: 0 | AE23: - | AF23: 0 | AG23: 0 | AH23: 0 | AI23: 17.841 | AJ23: 0 | AK23: - | AL23: 0 | AM23: 0 | AN23: 0 | AO23: 0 | AP23: 0 | AQ23: - | AR23: 0 | AS23: 0 | AT23: 0 | AU23: 0 | AV23: 0 | AW23: - | AX23: 0 | AY23: 0 | AZ23: 0 | BA23: 15.242 | BB23: 0 | BC23: - | BE23: =IFERROR(Z23/I23,0) -> 0 | BF23: =IFERROR(AA23/J23,0) -> 0 | BG23: =IFERROR(AB23/K23,0) -> 0 | BH23: =IFERROR(AC23/L23,0) -> 0 | BI23: =IFERROR(AD23/M23,0) -> 0 | BJ23: =IFERROR(AE23/N23,0) -> 0 | BK23: =IFERROR(AF23/I23,0) -> 0 | BL23: =IFERROR(AG23/J23,0) -> 0 | BM23: =IFERROR(AH23/K23,0) -> 0 | BN23: =IFERROR(AI23/L23,0) -> 0.03803597 | BO23: =IFERROR(AJ23/M23,0) -> 0 | BP23: =IFERROR(AK23/N23,0) -> 0 | BQ23: =IFERROR(AL23/I23,0) -> 0 | BR23: =IFERROR(AM23/J23,0) -> 0 | BS23: =IFERROR(AN23/K23,0) -> 0 | BT23: =IFERROR(AO23/L23,0) -> 0 | BU23: =IFERROR(AP23/M23,0) -> 0 | BV23: =IFERROR(AQ23/N23,0) -> 0 | BW23: =IFERROR(AR23/I23,0) -> 0 | BX23: =IFERROR(AS23/J23,0) -> 0 | BY23: =IFERROR(AT23/K23,0) -> 0 | BZ23: =IFERROR(AU23/L23,0) -> 0 | CA23: =IFERROR(AV23/M23,0) -> 0 | CB23: =IFERROR(AW23/N23,0) -> 0 | CC23: =IFERROR(AX23/I23,0) -> 0 | CD23: =IFERROR(AY23/J23,0) -> 0 | CE23: =IFERROR(AZ23/K23,0) -> 0 | CF23: =IFERROR(BA23/L23,0) -> 0.032495054 | CG23: =IFERROR(BB23/M23,0) -> 0 | CH23: =IFERROR(BC23/N23,0) -> 0 | CJ23: =IFERROR(I23/$I$39,0) -> 0 | CK23: =IFERROR(J23/$J$39,0) -> 0 | CL23: =IFERROR(K23/$K$39,0) -> 0 | CM23: =IFERROR(L23/$L$39,0) -> 0.0001917033 | CN23: =IFERROR(M23/$M$39,0) -> 0.070406995 | CO23: =IFERROR(N23/$N$39,0) -> 0 | CQ23: =IFERROR(BE23*CJ23,0) -> 0 | CR23: =IFERROR(BF23*CK23,0) -> 0 | CS23: =IFERROR(BG23*CL23,0) -> 0 | CT23: =IFERROR(BH23*CM23,0) -> 0 | CU23: =IFERROR(BI23*CN23,0) -> 0 | CV23: =IFERROR(BJ23*CO23,0) -> 0 | CW23: =IFERROR(BK23*CJ23,0) -> 0 | CX23: =IFERROR(BL23*CK23,0) -> 0 | CY23: =IFERROR(BM23*CL23,0) -> 0 | CZ23: =IFERROR(BN23*CM23,0) -> 7.291621e-06 | DA23: =IFERROR(BO23*CN23,0) -> 0 | DB23: =IFERROR(BP23*CO23,0) -> 0 | DC23: =IFERROR(BQ23*CJ23,0) -> 0 | DD23: =IFERROR(BR23*CK23,0) -> 0 | DE23: =IFERROR(BS23*CL23,0) -> 0 | DF23: =IFERROR(BT23*CM23,0) -> 0 | DG23: =IFERROR(BU23*CN23,0) -> 0 | DH23: =IFERROR(BV23*CO23,0) -> 0 | DI23: =IFERROR(BW23*CJ23,0) -> 0 | DJ23: =IFERROR(BX23*CK23,0) -> 0 | DK23: =IFERROR(BY23*CL23,0) -> 0 | DL23: =IFERROR(BZ23*CM23,0) -> 0 | DM23: =IFERROR(CA23*CN23,0) -> 0 | DN23: =IFERROR(CB23*CO23,0) -> 0 | DO23: =IFERROR(CC23*CJ23,0) -> 0 | DP23: =IFERROR(CD23*CK23,0) -> 0 | DQ23: =IFERROR(CE23*CL23,0) -> 0 | DR23: =IFERROR(CF23*CM23,0) -> 6.2294091e-06 | DS23: =IFERROR(CG23*CN23,0) -> 0 | DT23: =IFERROR(CH23*CO23,0) -> 0
A24: HU | B24: Hungary | C24: 0 | D24: 0 | F24: 81475.381 | G24: 0.71395288 | H24: 1251.379 | I24: 0 | J24: 4723.634 | K24: 1009.321 | L24: 51185.249 | M24: 0 | N24: 2694.76 | Q24: =H24/F24 -> 0.015358983 | R24: 0 | S24: =(J24/F24)*0.988 -> 0.057280498 | T24: 0.00069571455 | U24: 0.012388049 | V24: =($L24/$F24)*0.94 -> 0.59053586 | W24: =($L24/$F24)*0.06 -> 0.037693778 | Y24: HU | Z24: 0 | AA24: 0 | AB24: 0 | AC24: 0 | AD24: 0 | AE24: 279.95 | AF24: 0 | AG24: 8.8470251 | AH24: 1.8903853 | AI24: 95.866272 | AJ24: 0 | AK24: 2045.93 | AL24: 0 | AM24: 0.11595242 | AN24: 5.220522 | AO24: 0 | AP24: 0 | AQ24: 192.86 | AR24: 0 | AS24: 0 | AT24: 0 | AU24: 0 | AV24: 0 | AW24: 281.85 | AX24: 0 | AY24: 24.432104 | AZ24: 5.220522 | BA24: 264.74602 | BB24: 0 | BC24: 1241.54 | BE24: =IFERROR(Z24/I24,0) -> 0 | BF24: =IFERROR(AA24/J24,0) -> 0 | BG24: =IFERROR(AB24/K24,0) -> 0 | BH24: =IFERROR(AC24/L24,0) -> 0 | BI24: =IFERROR(AD24/M24,0) -> 0 | BJ24: =IFERROR(AE24/N24,0) -> 0.1038868 | BK24: =IFERROR(AF24/I24,0) -> 0 | BL24: =IFERROR(AG24/J24,0) -> 0.0018729277 | BM24: =IFERROR(AH24/K24,0) -> 0.0018729277 | BN24: =IFERROR(AI24/L24,0) -> 0.0018729277 | BO24: =IFERROR(AJ24/M24,0) -> 0 | BP24: =IFERROR(AK24/N24,0) -> 0.75922531 | BQ24: =IFERROR(AL24/I24,0) -> 0 | BR24: =IFERROR(AM24/J24,0) -> 2.4547292e-05 | BS24: =IFERROR(AN24/K24,0) -> 0.0051723109 | BT24: =IFERROR(AO24/L24,0) -> 0 | BU24: =IFERROR(AP24/M24,0) -> 0 | BV24: =IFERROR(AQ24/N24,0) -> 0.071568526 | BW24: =IFERROR(AR24/I24,0) -> 0 | BX24: =IFERROR(AS24/J24,0) -> 0 | BY24: =IFERROR(AT24/K24,0) -> 0 | BZ24: =IFERROR(AU24/L24,0) -> 0 | CA24: =IFERROR(AV24/M24,0) -> 0 | CB24: =IFERROR(AW24/N24,0) -> 0.10459187 | CC24: =IFERROR(AX24/I24,0) -> 0 | CD24: =IFERROR(AY24/J24,0) -> 0.0051723109 | CE24: =IFERROR(AZ24/K24,0) -> 0.0051723109 | CF24: =IFERROR(BA24/L24,0) -> 0.0051723109 | CG24: =IFERROR(BB24/M24,0) -> 0 | CH24: =IFERROR(BC24/N24,0) -> 0.46072378 | CJ24: =IFERROR(I24/$I$39,0) -> 0 | CK24: =IFERROR(J24/$J$39,0) -> 0.0084313135 | CL24: =IFERROR(K24/$K$39,0) -> 0.0136925 | CM24: =IFERROR(L24/$L$39,0) -> 0.020919424 | CN24: =IFERROR(M24/$M$39,0) -> 0 | CO24: =IFERROR(N24/$N$39,0) -> 0.027798168 | CQ24: =IFERROR(BE24*CJ24,0) -> 0 | CR24: =IFERROR(BF24*CK24,0) -> 0 | CS24: =IFERROR(BG24*CL24,0) -> 0 | CT24: =IFERROR(BH24*CM24,0) -> 0 | CU24: =IFERROR(BI24*CN24,0) -> 0 | CV24: =IFERROR(BJ24*CO24,0) -> 0.0028878628 | CW24: =IFERROR(BK24*CJ24,0) -> 0 | CX24: =IFERROR(BL24*CK24,0) -> 1.5791241e-05 | CY24: =IFERROR(BM24*CL24,0) -> 2.5645063e-05 | CZ24: =IFERROR(BN24*CM24,0) -> 3.9180568e-05 | DA24: =IFERROR(BO24*CN24,0) -> 0 | DB24: =IFERROR(BP24*CO24,0) -> 0.021105073 | DC24: =IFERROR(BQ24*CJ24,0) -> 0 | DD24: =IFERROR(BR24*CK24,0) -> 2.0696592e-07 | DE24: =IFERROR(BS24*CL24,0) -> 7.0821868e-05 | DF24: =IFERROR(BT24*CM24,0) -> 0 | DG24: =IFERROR(BU24*CN24,0) -> 0 | DH24: =IFERROR(BV24*CO24,0) -> 0.0019894739 | DI24: =IFERROR(BW24*CJ24,0) -> 0 | DJ24: =IFERROR(BX24*CK24,0) -> 0 | DK24: =IFERROR(BY24*CL24,0) -> 0 | DL24: =IFERROR(BZ24*CM24,0) -> 0 | DM24: =IFERROR(CA24*CN24,0) -> 0 | DN24: =IFERROR(CB24*CO24,0) -> 0.0029074625 | DO24: =IFERROR(CC24*CJ24,0) -> 0 | DP24: =IFERROR(CD24*CK24,0) -> 4.3609375e-05 | DQ24: =IFERROR(CE24*CL24,0) -> 7.0821868e-05 | DR24: =IFERROR(CF24*CM24,0) -> 0.00010820176 | DS24: =IFERROR(CG24*CN24,0) -> 0 | DT24: =IFERROR(CH24*CO24,0) -> 0.012807277
A25: MT | B25: Malta | C25: 0 | D25: 0 | F25: 2061.282 | G25: 0.91469047 | H25: 0 | I25: 0 | J25: 0 | K25: 0 | L25: 1885.435 | M25: 0 | N25: - | Q25: =H25/F25 -> 0 | R25: 0 | S25: =(J25/F25)*0.988 -> 0 | T25: 0 | U25: 0 | V25: =($L25/$F25)*0.94 -> 0.85980904 | W25: =($L25/$F25)*0.06 -> 0.054881428 | Y25: MT | Z25: 0 | AA25: 0 | AB25: 0 | AC25: 0 | AD25: 0 | AE25: - | AF25: 0 | AG25: 0 | AH25: 0 | AI25: 0 | AJ25: 0 | AK25: - | AL25: - | AM25: 0 | AN25: 0 | AO25: 0 | AP25: - | AQ25: - | AR25: 0 | AS25: 0 | AT25: 0 | AU25: 0 | AV25: 0 | AW25: - | AX25: 0 | AY25: 0 | AZ25: 0 | BA25: 3.9086553 | BB25: 0 | BC25: - | BE25: =IFERROR(Z25/I25,0) -> 0 | BF25: =IFERROR(AA25/J25,0) -> 0 | BG25: =IFERROR(AB25/K25,0) -> 0 | BH25: =IFERROR(AC25/L25,0) -> 0 | BI25: =IFERROR(AD25/M25,0) -> 0 | BJ25: =IFERROR(AE25/N25,0) -> 0 | BK25: =IFERROR(AF25/I25,0) -> 0 | BL25: =IFERROR(AG25/J25,0) -> 0 | BM25: =IFERROR(AH25/K25,0) -> 0 | BN25: =IFERROR(AI25/L25,0) -> 0 | BO25: =IFERROR(AJ25/M25,0) -> 0 | BP25: =IFERROR(AK25/N25,0) -> 0 | BQ25: =IFERROR(AL25/I25,0) -> 0 | BR25: =IFERROR(AM25/J25,0) -> 0 | BS25: =IFERROR(AN25/K25,0) -> 0 | BT25: =IFERROR(AO25/L25,0) -> 0 | BU25: =IFERROR(AP25/M25,0) -> 0 | BV25: =IFERROR(AQ25/N25,0) -> 0 | BW25: =IFERROR(AR25/I25,0) -> 0 | BX25: =IFERROR(AS25/J25,0) -> 0 | BY25: =IFERROR(AT25/K25,0) -> 0 | BZ25: =IFERROR(AU25/L25,0) -> 0 | CA25: =IFERROR(AV25/M25,0) -> 0 | CB25: =IFERROR(AW25/N25,0) -> 0 | CC25: =IFERROR(AX25/I25,0) -> 0 | CD25: =IFERROR(AY25/J25,0) -> 0 | CE25: =IFERROR(AZ25/K25,0) -> 0 | CF25: =IFERROR(BA25/L25,0) -> 0.0020730788 | CG25: =IFERROR(BB25/M25,0) -> 0 | CH25: =IFERROR(BC25/N25,0) -> 0 | CJ25: =IFERROR(I25/$I$39,0) -> 0 | CK25: =IFERROR(J25/$J$39,0) -> 0 | CL25: =IFERROR(K25/$K$39,0) -> 0 | CM25: =IFERROR(L25/$L$39,0) -> 0.00077057774 | CN25: =IFERROR(M25/$M$39,0) -> 0 | CO25: =IFERROR(N25/$N$39,0) -> 0 | CQ25: =IFERROR(BE25*CJ25,0) -> 0 | CR25: =IFERROR(BF25*CK25,0) -> 0 | CS25: =IFERROR(BG25*CL25,0) -> 0 | CT25: =IFERROR(BH25*CM25,0) -> 0 | CU25: =IFERROR(BI25*CN25,0) -> 0 | CV25: =IFERROR(BJ25*CO25,0) -> 0 | CW25: =IFERROR(BK25*CJ25,0) -> 0 | CX25: =IFERROR(BL25*CK25,0) -> 0 | CY25: =IFERROR(BM25*CL25,0) -> 0 | CZ25: =IFERROR(BN25*CM25,0) -> 0 | DA25: =IFERROR(BO25*CN25,0) -> 0 | DB25: =IFERROR(BP25*CO25,0) -> 0 | DC25: =IFERROR(BQ25*CJ25,0) -> 0 | DD25: =IFERROR(BR25*CK25,0) -> 0 | DE25: =IFERROR(BS25*CL25,0) -> 0 | DF25: =IFERROR(BT25*CM25,0) -> 0 | DG25: =IFERROR(BU25*CN25,0) -> 0 | DH25: =IFERROR(BV25*CO25,0) -> 0 | DI25: =IFERROR(BW25*CJ25,0) -> 0 | DJ25: =IFERROR(BX25*CK25,0) -> 0 | DK25: =IFERROR(BY25*CL25,0) -> 0 | DL25: =IFERROR(BZ25*CM25,0) -> 0 | DM25: =IFERROR(CA25*CN25,0) -> 0 | DN25: =IFERROR(CB25*CO25,0) -> 0 | DO25: =IFERROR(CC25*CJ25,0) -> 0 | DP25: =IFERROR(CD25*CK25,0) -> 0 | DQ25: =IFERROR(CE25*CL25,0) -> 0 | DR25: =IFERROR(CF25*CM25,0) -> 1.5974684e-06 | DS25: =IFERROR(CG25*CN25,0) -> 0 | DT25: =IFERROR(CH25*CO25,0) -> 0
A26: NL | B26: Netherlands | C26: 0 | D26: 0 | F26: 30034.325 | G26: 1 | H26: 0 | I26: 6120.742 | J26: 0 | K26: 1742.303 | L26: 22171.28 | M26: 0 | N26: 2516.39 | Q26: =H26/F26 -> 0 | R26: 0.20379156 | S26: =(J26/F26)*0.988 -> 0 | T26: 0 | U26: 0.058010393 | V26: =($L26/$F26)*0.94 -> 0.69390616 | W26: =($L26/$F26)*0.06 -> 0.044291883 | Y26: NL | Z26: 0.10431695 | AA26: 0 | AB26: 3.3309278 | AC26: 42.386963 | AD26: 0 | AE26: 189.74 | AF26: 3.114672 | AG26: 0 | AH26: 99.454091 | AI26: 1265.5804 | AJ26: 0 | AK26: 2846.04 | AL26: 0.32748305 | AM26: 0 | AN26: 53.59615 | AO26: 0 | AP26: 0 | AQ26: 46 | AR26: 0 | AS26: 0 | AT26: 0 | AU26: 0 | AV26: 0 | AW26: 37.37 | AX26: 1.6785074 | AY26: 0 | AZ26: 53.59615 | BA26: 682.0256 | BB26: 0 | BC26: 655.45 | BE26: =IFERROR(Z26/I26,0) -> 1.7043187e-05 | BF26: =IFERROR(AA26/J26,0) -> 0 | BG26: =IFERROR(AB26/K26,0) -> 0.0019117959 | BH26: =IFERROR(AC26/L26,0) -> 0.0019117959 | BI26: =IFERROR(AD26/M26,0) -> 0 | BJ26: =IFERROR(AE26/N26,0) -> 0.075401667 | BK26: =IFERROR(AF26/I26,0) -> 0.00050887164 | BL26: =IFERROR(AG26/J26,0) -> 0 | BM26: =IFERROR(AH26/K26,0) -> 0.057081972 | BN26: =IFERROR(AI26/L26,0) -> 0.057081972 | BO26: =IFERROR(AJ26/M26,0) -> 0 | BP26: =IFERROR(AK26/N26,0) -> 1.1310012 | BQ26: =IFERROR(AL26/I26,0) -> 5.3503815e-05 | BR26: =IFERROR(AM26/J26,0) -> 0 | BS26: =IFERROR(AN26/K26,0) -> 0.03076167 | BT26: =IFERROR(AO26/L26,0) -> 0 | BU26: =IFERROR(AP26/M26,0) -> 0 | BV26: =IFERROR(AQ26/N26,0) -> 0.018280155 | BW26: =IFERROR(AR26/I26,0) -> 0 | BX26: =IFERROR(AS26/J26,0) -> 0 | BY26: =IFERROR(AT26/K26,0) -> 0 | BZ26: =IFERROR(AU26/L26,0) -> 0 | CA26: =IFERROR(AV26/M26,0) -> 0 | CB26: =IFERROR(AW26/N26,0) -> 0.014850639 | CC26: =IFERROR(AX26/I26,0) -> 0.00027423267 | CD26: =IFERROR(AY26/J26,0) -> 0 | CE26: =IFERROR(AZ26/K26,0) -> 0.03076167 | CF26: =IFERROR(BA26/L26,0) -> 0.03076167 | CG26: =IFERROR(BB26/M26,0) -> 0 | CH26: =IFERROR(BC26/N26,0) -> 0.26047234 | CJ26: =IFERROR(I26/$I$39,0) -> 0.1316881 | CK26: =IFERROR(J26/$J$39,0) -> 0 | CL26: =IFERROR(K26/$K$39,0) -> 0.023636171 | CM26: =IFERROR(L26/$L$39,0) -> 0.0090614075 | CN26: =IFERROR(M26/$M$39,0) -> 0 | CO26: =IFERROR(N26/$N$39,0) -> 0.025958168 | CQ26: =IFERROR(BE26*CJ26,0) -> 2.244385e-06 | CR26: =IFERROR(BF26*CK26,0) -> 0 | CS26: =IFERROR(BG26*CL26,0) -> 4.5187536e-05 | CT26: =IFERROR(BH26*CM26,0) -> 1.7323562e-05 | CU26: =IFERROR(BI26*CN26,0) -> 0 | CV26: =IFERROR(BJ26*CO26,0) -> 0.0019572891 | CW26: =IFERROR(BK26*CJ26,0) -> 6.7012341e-05 | CX26: =IFERROR(BL26*CK26,0) -> 0 | CY26: =IFERROR(BM26*CL26,0) -> 0.0013491993 | CZ26: =IFERROR(BN26*CM26,0) -> 0.00051724301 | DA26: =IFERROR(BO26*CN26,0) -> 0 | DB26: =IFERROR(BP26*CO26,0) -> 0.029358718 | DC26: =IFERROR(BQ26*CJ26,0) -> 7.0458159e-06 | DD26: =IFERROR(BR26*CK26,0) -> 0 | DE26: =IFERROR(BS26*CL26,0) -> 0.00072708811 | DF26: =IFERROR(BT26*CM26,0) -> 0 | DG26: =IFERROR(BU26*CN26,0) -> 0 | DH26: =IFERROR(BV26*CO26,0) -> 0.00047451934 | DI26: =IFERROR(BW26*CJ26,0) -> 0 | DJ26: =IFERROR(BX26*CK26,0) -> 0 | DK26: =IFERROR(BY26*CL26,0) -> 0 | DL26: =IFERROR(BZ26*CM26,0) -> 0 | DM26: =IFERROR(CA26*CN26,0) -> 0 | DN26: =IFERROR(CB26*CO26,0) -> 0.00038549539 | DO26: =IFERROR(CC26*CJ26,0) -> 3.611318e-05 | DP26: =IFERROR(CD26*CK26,0) -> 0 | DQ26: =IFERROR(CE26*CL26,0) -> 0.00072708811 | DR26: =IFERROR(CF26*CM26,0) -> 0.00027874403 | DS26: =IFERROR(CG26*CN26,0) -> 0 | DT26: =IFERROR(CH26*CO26,0) -> 0.0067613849
A27: AT | B27: Austria | C27: 4978.01 | D27: 4414.803 | E27: 0.88686101 | F27: 87157.799 | G27: 0.82429271 | H27: 4298.588 | I27: 1117.586 | J27: 23410.925 | K27: 1965.49 | L27: 41050.949 | M27: 4414.803 | N27: 3600.12 | Q27: =H27/F27 -> 0.049319602 | R27: 0.012822559 | S27: =(J27/F27)*0.988 -> 0.26538066 | T27: 0.0032232468 | U27: 0.022550937 | V27: =($L27/$F27)*0.94 -> 0.44273596 | W27: =($L27/$F27)*0.06 -> 0.028259742 | Y27: AT | Z27: 0 | AA27: 0 | AB27: 0 | AC27: 0 | AD27: 0 | AE27: - | AF27: 1.1033085 | AG27: 893.38142 | AH27: 75.004821 | AI27: 1566.5402 | AJ27: 0 | AK27: 3424.07 | AL27: 0.1892114 | AM27: 0.09978635 | AN27: 70.412943 | AO27: 0 | AP27: 5.3220529 | AQ27: 276.04 | AR27: 0 | AS27: 0 | AT27: 0 | AU27: 0 | AV27: 0 | AW27: 182.67 | AX27: 1.0357627 | AY27: 838.68762 | AZ27: 70.412943 | BA27: 1470.6349 | BB27: 78.657034 | BC27: 1517.4 | BE27: =IFERROR(Z27/I27,0) -> 0 | BF27: =IFERROR(AA27/J27,0) -> 0 | BG27: =IFERROR(AB27/K27,0) -> 0 | BH27: =IFERROR(AC27/L27,0) -> 0 | BI27: =IFERROR(AD27/M27,0) -> 0 | BJ27: =IFERROR(AE27/N27,0) -> 0 | BK27: =IFERROR(AF27/I27,0) -> 0.00098722467 | BL27: =IFERROR(AG27/J27,0) -> 0.038160876 | BM27: =IFERROR(AH27/K27,0) -> 0.038160876 | BN27: =IFERROR(AI27/L27,0) -> 0.038160876 | BO27: =IFERROR(AJ27/M27,0) -> 0 | BP27: =IFERROR(AK27/N27,0) -> 0.95109885 | BQ27: =IFERROR(AL27/I27,0) -> 0.00016930366 | BR27: =IFERROR(AM27/J27,0) -> 4.2623839e-06 | BS27: =IFERROR(AN27/K27,0) -> 0.035824625 | BT27: =IFERROR(AO27/L27,0) -> 0 | BU27: =IFERROR(AP27/M27,0) -> 0.0012055018 | BV27: =IFERROR(AQ27/N27,0) -> 0.076675222 | BW27: =IFERROR(AR27/I27,0) -> 0 | BX27: =IFERROR(AS27/J27,0) -> 0 | BY27: =IFERROR(AT27/K27,0) -> 0 | BZ27: =IFERROR(AU27/L27,0) -> 0 | CA27: =IFERROR(AV27/M27,0) -> 0 | CB27: =IFERROR(AW27/N27,0) -> 0.050739975 | CC27: =IFERROR(AX27/I27,0) -> 0.00092678569 | CD27: =IFERROR(AY27/J27,0) -> 0.035824625 | CE27: =IFERROR(AZ27/K27,0) -> 0.035824625 | CF27: =IFERROR(BA27/L27,0) -> 0.035824625 | CG27: =IFERROR(BB27/M27,0) -> 0.017816658 | CH27: =IFERROR(BC27/N27,0) -> 0.42148595 | CJ27: =IFERROR(I27/$I$39,0) -> 0.024044925 | CK27: =IFERROR(J27/$J$39,0) -> 0.041786652 | CL27: =IFERROR(K27/$K$39,0) -> 0.026663938 | CM27: =IFERROR(L27/$L$39,0) -> 0.016777533 | CN27: =IFERROR(M27/$M$39,0) -> 0.085534676 | CO27: =IFERROR(N27/$N$39,0) -> 0.037137534 | CQ27: =IFERROR(BE27*CJ27,0) -> 0 | CR27: =IFERROR(BF27*CK27,0) -> 0 | CS27: =IFERROR(BG27*CL27,0) -> 0 | CT27: =IFERROR(BH27*CM27,0) -> 0 | CU27: =IFERROR(BI27*CN27,0) -> 0 | CV27: =IFERROR(BJ27*CO27,0) -> 0 | CW27: =IFERROR(BK27*CJ27,0) -> 2.3737743e-05 | CX27: =IFERROR(BL27*CK27,0) -> 0.0015946153 | CY27: =IFERROR(BM27*CL27,0) -> 0.0010175192 | CZ27: =IFERROR(BN27*CM27,0) -> 0.00064024535 | DA27: =IFERROR(BO27*CN27,0) -> 0 | DB27: =IFERROR(BP27*CO27,0) -> 0.035321466 | DC27: =IFERROR(BQ27*CJ27,0) -> 4.0708938e-06 | DD27: =IFERROR(BR27*CK27,0) -> 1.7811075e-07 | DE27: =IFERROR(BS27*CL27,0) -> 0.00095522557 | DF27: =IFERROR(BT27*CM27,0) -> 0 | DG27: =IFERROR(BU27*CN27,0) -> 0.00010311221 | DH27: =IFERROR(BV27*CO27,0) -> 0.0028475287 | DI27: =IFERROR(BW27*CJ27,0) -> 0 | DJ27: =IFERROR(BX27*CK27,0) -> 0 | DK27: =IFERROR(BY27*CL27,0) -> 0 | DL27: =IFERROR(BZ27*CM27,0) -> 0 | DM27: =IFERROR(CA27*CN27,0) -> 0 | DN27: =IFERROR(CB27*CO27,0) -> 0.0018843576 | DO27: =IFERROR(CC27*CJ27,0) -> 2.2284492e-05 | DP27: =IFERROR(CD27*CK27,0) -> 0.0014969911 | DQ27: =IFERROR(CE27*CL27,0) -> 0.00095522557 | DR27: =IFERROR(CF27*CM27,0) -> 0.00060104882 | DS27: =IFERROR(CG27*CN27,0) -> 0.001523942 | DT27: =IFERROR(CH27*CO27,0) -> 0.015652949
A28: PL | B28: Poland | C28: 30000 | D28: 0 | F28: 333167.27 | G28: 0.74784849 | H28: 2856.1 | I28: 5369 | J28: 49128 | K28: 5152.76 | L28: 186652.78 | M28: 0 | N28: 7043.21 | Q28: =H28/F28 -> 0.0085725707 | R28: 0.016115028 | S28: =(J28/F28)*0.988 -> 0.14568797 | T28: 0.0017694895 | U28: 0.015465985 | V28: =($L28/$F28)*0.94 -> 0.5266232 | W28: =($L28/$F28)*0.06 -> 0.033614247 | Y28: PL | Z28: 0.54552167 | AA28: 50.477048 | AB28: 5.2942541 | AC28: 191.77824 | AD28: 0 | AE28: 1256.03 | AF28: 1.3881678 | AG28: 128.44698 | AH28: 13.472082 | AI28: 488.01063 | AJ28: 0 | AK28: 6158.79 | AL28: 2.913413 | AM28: 0.20089604 | AN28: 35.930199 | AO28: 0 | AP28: 0 | AQ28: 948.36 | AR28: 0 | AS28: 0 | AT28: 0 | AU28: 0 | AV28: 0 | AW28: 11.81 | AX28: 3.7022594 | AY28: 342.56958 | AZ28: 35.930199 | BA28: 1301.53 | BB28: 0 | BC28: 2189.82 | BE28: =IFERROR(Z28/I28,0) -> 0.00010160582 | BF28: =IFERROR(AA28/J28,0) -> 0.0010274599 | BG28: =IFERROR(AB28/K28,0) -> 0.0010274599 | BH28: =IFERROR(AC28/L28,0) -> 0.0010274599 | BI28: =IFERROR(AD28/M28,0) -> 0 | BJ28: =IFERROR(AE28/N28,0) -> 0.17833204 | BK28: =IFERROR(AF28/I28,0) -> 0.00025855239 | BL28: =IFERROR(AG28/J28,0) -> 0.0026145371 | BM28: =IFERROR(AH28/K28,0) -> 0.0026145371 | BN28: =IFERROR(AI28/L28,0) -> 0.0026145371 | BO28: =IFERROR(AJ28/M28,0) -> 0 | BP28: =IFERROR(AK28/N28,0) -> 0.87442941 | BQ28: =IFERROR(AL28/I28,0) -> 0.00054263606 | BR28: =IFERROR(AM28/J28,0) -> 4.0892372e-06 | BS28: =IFERROR(AN28/K28,0) -> 0.0069730006 | BT28: =IFERROR(AO28/L28,0) -> 0 | BU28: =IFERROR(AP28/M28,0) -> 0 | BV28: =IFERROR(AQ28/N28,0) -> 0.13464883 | BW28: =IFERROR(AR28/I28,0) -> 0 | BX28: =IFERROR(AS28/J28,0) -> 0 | BY28: =IFERROR(AT28/K28,0) -> 0 | BZ28: =IFERROR(AU28/L28,0) -> 0 | CA28: =IFERROR(AV28/M28,0) -> 0 | CB28: =IFERROR(AW28/N28,0) -> 0.0016767923 | CC28: =IFERROR(AX28/I28,0) -> 0.00068956219 | CD28: =IFERROR(AY28/J28,0) -> 0.0069730006 | CE28: =IFERROR(AZ28/K28,0) -> 0.0069730006 | CF28: =IFERROR(BA28/L28,0) -> 0.0069730006 | CG28: =IFERROR(BB28/M28,0) -> 0 | CH28: =IFERROR(BC28/N28,0) -> 0.31091221 | CJ28: =IFERROR(I28/$I$39,0) -> 0.11551433 | CK28: =IFERROR(J28/$J$39,0) -> 0.087689599 | CL28: =IFERROR(K28/$K$39,0) -> 0.069902605 | CM28: =IFERROR(L28/$L$39,0) -> 0.076285037 | CN28: =IFERROR(M28/$M$39,0) -> 0 | CO28: =IFERROR(N28/$N$39,0) -> 0.072655204 | CQ28: =IFERROR(BE28*CJ28,0) -> 1.1736929e-05 | CR28: =IFERROR(BF28*CK28,0) -> 9.0097544e-05 | CS28: =IFERROR(BG28*CL28,0) -> 7.1822121e-05 | CT28: =IFERROR(BH28*CM28,0) -> 7.8379814e-05 | CU28: =IFERROR(BI28*CN28,0) -> 0 | CV28: =IFERROR(BJ28*CO28,0) -> 0.012956751 | CW28: =IFERROR(BK28*CJ28,0) -> 2.9866506e-05 | CX28: =IFERROR(BL28*CK28,0) -> 0.00022926771 | CY28: =IFERROR(BM28*CL28,0) -> 0.00018276296 | CZ28: =IFERROR(BN28*CM28,0) -> 0.00019945006 | DA28: =IFERROR(BO28*CN28,0) -> 0 | DB28: =IFERROR(BP28*CO28,0) -> 0.063531847 | DC28: =IFERROR(BQ28*CJ28,0) -> 6.2682242e-05 | DD28: =IFERROR(BR28*CK28,0) -> 3.5858357e-07 | DE28: =IFERROR(BS28*CL28,0) -> 0.00048743091 | DF28: =IFERROR(BT28*CM28,0) -> 0 | DG28: =IFERROR(BU28*CN28,0) -> 0 | DH28: =IFERROR(BV28*CO28,0) -> 0.0097829383 | DI28: =IFERROR(BW28*CJ28,0) -> 0 | DJ28: =IFERROR(BX28*CK28,0) -> 0 | DK28: =IFERROR(BY28*CL28,0) -> 0 | DL28: =IFERROR(BZ28*CM28,0) -> 0 | DM28: =IFERROR(CA28*CN28,0) -> 0 | DN28: =IFERROR(CB28*CO28,0) -> 0.00012182768 | DO28: =IFERROR(CC28*CJ28,0) -> 7.9654316e-05 | DP28: =IFERROR(CD28*CK28,0) -> 0.00061145963 | DQ28: =IFERROR(CE28*CL28,0) -> 0.00048743091 | DR28: =IFERROR(CF28*CM28,0) -> 0.00053193561 | DS28: =IFERROR(CG28*CN28,0) -> 0 | DT28: =IFERROR(CH28*CO28,0) -> 0.02258939
A29: PT | B29: Portugal | C29: 9490.366 | D29: 41.811 | E29: 0.0044056257 | F29: 106812.96 | G29: 0.92370597 | H29: 547.13 | I29: 94.778 | J29: 16800.054 | K29: 3733.527 | L29: 77488.28 | M29: 41.811 | N29: 11494.65 | Q29: =H29/F29 -> 0.0051223185 | R29: 0.00088732678 | S29: =(J29/F29)*0.988 -> 0.15539737 | T29: 0.0018874175 | U29: 0.034953876 | V29: =($L29/$F29)*0.94 -> 0.6819302 | W29: =($L29/$F29)*0.06 -> 0.04352746 | Y29: PT | Z29: 0 | AA29: 0 | AB29: 0 | AC29: 0 | AD29: 0 | AE29: 144.58 | AF29: 0.0034076836 | AG29: 19.052284 | AH29: 4.2340469 | AI29: 87.876427 | AJ29: 0.00064322135 | AK29: 11588.12 | AL29: 0.020969583 | AM29: 0 | AN29: 21.519508 | AO29: 0 | AP29: 1.6570131 | AQ29: 1573.08 | AR29: 0 | AS29: 0 | AT29: 0 | AU29: 0 | AV29: 0 | AW29: 660.41 | AX29: 0.017319523 | AY29: 96.833073 | AZ29: 21.519508 | BA29: 446.6312 | BB29: 4.7414269 | BC29: 3275.78 | BE29: =IFERROR(Z29/I29,0) -> 0 | BF29: =IFERROR(AA29/J29,0) -> 0 | BG29: =IFERROR(AB29/K29,0) -> 0 | BH29: =IFERROR(AC29/L29,0) -> 0 | BI29: =IFERROR(AD29/M29,0) -> 0 | BJ29: =IFERROR(AE29/N29,0) -> 0.012578025 | BK29: =IFERROR(AF29/I29,0) -> 3.5954374e-05 | BL29: =IFERROR(AG29/J29,0) -> 0.0011340609 | BM29: =IFERROR(AH29/K29,0) -> 0.0011340609 | BN29: =IFERROR(AI29/L29,0) -> 0.0011340609 | BO29: =IFERROR(AJ29/M29,0) -> 1.5384022e-05 | BP29: =IFERROR(AK29/N29,0) -> 1.0081316 | BQ29: =IFERROR(AL29/I29,0) -> 0.00022124948 | BR29: =IFERROR(AM29/J29,0) -> 0 | BS29: =IFERROR(AN29/K29,0) -> 0.0057638549 | BT29: =IFERROR(AO29/L29,0) -> 0 | BU29: =IFERROR(AP29/M29,0) -> 0.039631032 | BV29: =IFERROR(AQ29/N29,0) -> 0.13685323 | BW29: =IFERROR(AR29/I29,0) -> 0 | BX29: =IFERROR(AS29/J29,0) -> 0 | BY29: =IFERROR(AT29/K29,0) -> 0 | BZ29: =IFERROR(AU29/L29,0) -> 0 | CA29: =IFERROR(AV29/M29,0) -> 0 | CB29: =IFERROR(AW29/N29,0) -> 0.057453685 | CC29: =IFERROR(AX29/I29,0) -> 0.0001827378 | CD29: =IFERROR(AY29/J29,0) -> 0.0057638549 | CE29: =IFERROR(AZ29/K29,0) -> 0.0057638549 | CF29: =IFERROR(BA29/L29,0) -> 0.0057638549 | CG29: =IFERROR(BB29/M29,0) -> 0.11340142 | CH29: =IFERROR(BC29/N29,0) -> 0.28498301 | CJ29: =IFERROR(I29/$I$39,0) -> 0.0020391539 | CK29: =IFERROR(J29/$J$39,0) -> 0.029986769 | CL29: =IFERROR(K29/$K$39,0) -> 0.050649218 | CM29: =IFERROR(L29/$L$39,0) -> 0.031669479 | CN29: =IFERROR(M29/$M$39,0) -> 0.00081006793 | CO29: =IFERROR(N29/$N$39,0) -> 0.11857465 | CQ29: =IFERROR(BE29*CJ29,0) -> 0 | CR29: =IFERROR(BF29*CK29,0) -> 0 | CS29: =IFERROR(BG29*CL29,0) -> 0 | CT29: =IFERROR(BH29*CM29,0) -> 0 | CU29: =IFERROR(BI29*CN29,0) -> 0 | CV29: =IFERROR(BJ29*CO29,0) -> 0.0014914349 | CW29: =IFERROR(BK29*CJ29,0) -> 7.3316502e-08 | CX29: =IFERROR(BL29*CK29,0) -> 3.4006822e-05 | CY29: =IFERROR(BM29*CL29,0) -> 5.7439297e-05 | CZ29: =IFERROR(BN29*CM29,0) -> 3.5915117e-05 | DA29: =IFERROR(BO29*CN29,0) -> 1.2462103e-08 | DB29: =IFERROR(BP29*CO29,0) -> 0.11953885 | DC29: =IFERROR(BQ29*CJ29,0) -> 4.5116174e-07 | DD29: =IFERROR(BR29*CK29,0) -> 0 | DE29: =IFERROR(BS29*CL29,0) -> 0.00029193474 | DF29: =IFERROR(BT29*CM29,0) -> 0 | DG29: =IFERROR(BU29*CN29,0) -> 3.2103828e-05 | DH29: =IFERROR(BV29*CO29,0) -> 0.016227324 | DI29: =IFERROR(BW29*CJ29,0) -> 0 | DJ29: =IFERROR(BX29*CK29,0) -> 0 | DK29: =IFERROR(BY29*CL29,0) -> 0 | DL29: =IFERROR(BZ29*CM29,0) -> 0 | DM29: =IFERROR(CA29*CN29,0) -> 0 | DN29: =IFERROR(CB29*CO29,0) -> 0.0068125504 | DO29: =IFERROR(CC29*CJ29,0) -> 3.726305e-07 | DP29: =IFERROR(CD29*CK29,0) -> 0.00017283939 | DQ29: =IFERROR(CE29*CL29,0) -> 0.00029193474 | DR29: =IFERROR(CF29*CM29,0) -> 0.00018253828 | DS29: =IFERROR(CG29*CN29,0) -> 9.1862855e-05 | DT29: =IFERROR(CH29*CO29,0) -> 0.03379176
A30: RO | B30: Romania | C30: 3410.309 | D30: 0 | F30: 437360.77 | G30: 0.66931269 | J30: 78017.098 | K30: 2201.213 | L30: 212512.8 | M30: 0 | N30: 4301.67 | Q30: =H30/F30 -> 0 | R30: 0 | S30: =(J30/F30)*0.988 -> 0.17624099 | T30: 0.0021405788 | U30: 0.0050329457 | V30: =($L30/$F30)*0.94 -> 0.45674429 | W30: =($L30/$F30)*0.06 -> 0.029153891 | Y30: RO | Z30: 0 | AA30: 0.073404014 | AB30: 0.0020710572 | AC30: 0.1999471 | AD30: 0 | AE30: 237.1 | AF30: 0 | AG30: 11.609964 | AH30: 0.32756927 | AI30: 31.624683 | AJ30: 0 | AK30: 3666.73 | AL30: 0 | AM30: 8.6768361 | AN30: 2.4538655 | AO30: 0 | AP30: 0 | AQ30: 757.4 | AR30: 0 | AS30: 0 | AT30: 0 | AU30: 0 | AV30: 0 | AW30: 3.91 | AX30: 0 | AY30: 86.971805 | AZ30: 2.4538655 | BA30: 236.90476 | BB30: 0 | BC30: 1787.36 | BE30: =IFERROR(Z30/I30,0) -> 0 | BF30: =IFERROR(AA30/J30,0) -> 9.4087086e-07 | BG30: =IFERROR(AB30/K30,0) -> 9.4087086e-07 | BH30: =IFERROR(AC30/L30,0) -> 9.4087086e-07 | BI30: =IFERROR(AD30/M30,0) -> 0 | BJ30: =IFERROR(AE30/N30,0) -> 0.055118129 | BK30: =IFERROR(AF30/I30,0) -> 0 | BL30: =IFERROR(AG30/J30,0) -> 0.00014881307 | BM30: =IFERROR(AH30/K30,0) -> 0.00014881307 | BN30: =IFERROR(AI30/L30,0) -> 0.00014881307 | BO30: =IFERROR(AJ30/M30,0) -> 0 | BP30: =IFERROR(AK30/N30,0) -> 0.85239686 | BQ30: =IFERROR(AL30/I30,0) -> 0 | BR30: =IFERROR(AM30/J30,0) -> 0.00011121711 | BS30: =IFERROR(AN30/K30,0) -> 0.0011147788 | BT30: =IFERROR(AO30/L30,0) -> 0 | BU30: =IFERROR(AP30/M30,0) -> 0 | BV30: =IFERROR(AQ30/N30,0) -> 0.17607115 | BW30: =IFERROR(AR30/I30,0) -> 0 | BX30: =IFERROR(AS30/J30,0) -> 0 | BY30: =IFERROR(AT30/K30,0) -> 0 | BZ30: =IFERROR(AU30/L30,0) -> 0 | CA30: =IFERROR(AV30/M30,0) -> 0 | CB30: =IFERROR(AW30/N30,0) -> 0.00090894932 | CC30: =IFERROR(AX30/I30,0) -> 0 | CD30: =IFERROR(AY30/J30,0) -> 0.0011147788 | CE30: =IFERROR(AZ30/K30,0) -> 0.0011147788 | CF30: =IFERROR(BA30/L30,0) -> 0.0011147788 | CG30: =IFERROR(BB30/M30,0) -> 0 | CH30: =IFERROR(BC30/N30,0) -> 0.41550375 | CJ30: =IFERROR(I30/$I$39,0) -> 0 | CK30: =IFERROR(J30/$J$39,0) -> 0.13925436 | CL30: =IFERROR(K30/$K$39,0) -> 0.029861768 | CM30: =IFERROR(L30/$L$39,0) -> 0.086854032 | CN30: =IFERROR(M30/$M$39,0) -> 0 | CO30: =IFERROR(N30/$N$39,0) -> 0.04437447 | CQ30: =IFERROR(BE30*CJ30,0) -> 0 | CR30: =IFERROR(BF30*CK30,0) -> 1.3102037e-07 | CS30: =IFERROR(BG30*CL30,0) -> 2.8096067e-08 | CT30: =IFERROR(BH30*CM30,0) -> 8.1718428e-08 | CU30: =IFERROR(BI30*CN30,0) -> 0 | CV30: =IFERROR(BJ30*CO30,0) -> 0.0024458377 | CW30: =IFERROR(BK30*CJ30,0) -> 0 | CX30: =IFERROR(BL30*CK30,0) -> 2.0722869e-05 | CY30: =IFERROR(BM30*CL30,0) -> 4.4438214e-06 | CZ30: =IFERROR(BN30*CM30,0) -> 1.2925016e-05 | DA30: =IFERROR(BO30*CN30,0) -> 0 | DB30: =IFERROR(BP30*CO30,0) -> 0.037824659 | DC30: =IFERROR(BQ30*CJ30,0) -> 0 | DD30: =IFERROR(BR30*CK30,0) -> 1.5487467e-05 | DE30: =IFERROR(BS30*CL30,0) -> 3.3289265e-05 | DF30: =IFERROR(BT30*CM30,0) -> 0 | DG30: =IFERROR(BU30*CN30,0) -> 0 | DH30: =IFERROR(BV30*CO30,0) -> 0.0078130641 | DI30: =IFERROR(BW30*CJ30,0) -> 0 | DJ30: =IFERROR(BX30*CK30,0) -> 0 | DK30: =IFERROR(BY30*CL30,0) -> 0 | DL30: =IFERROR(BZ30*CM30,0) -> 0 | DM30: =IFERROR(CA30*CN30,0) -> 0 | DN30: =IFERROR(CB30*CO30,0) -> 4.0334144e-05 | DO30: =IFERROR(CC30*CJ30,0) -> 0 | DP30: =IFERROR(CD30*CK30,0) -> 0.0001552378 | DQ30: =IFERROR(CE30*CL30,0) -> 3.3289265e-05 | DR30: =IFERROR(CF30*CM30,0) -> 9.6823032e-05 | DS30: =IFERROR(CG30*CN30,0) -> 0 | DT30: =IFERROR(CH30*CO30,0) -> 0.018437759
A31: SI | B31: Slovenia | C31: 0 | D31: 0 | F31: 17395.422 | G31: 0.99296625 | H31: 82.893 | I31: 1.671 | J31: 2841.995 | K31: 398.971 | L31: 13947.537 | M31: 0 | N31: - | Q31: =H31/F31 -> 0.0047652193 | R31: 9.6059756e-05 | S31: =(J31/F31)*0.988 -> 0.16141552 | T31: 0.0019605124 | U31: 0.022935402 | V31: =($L31/$F31)*0.94 -> 0.75368593 | W31: =($L31/$F31)*0.06 -> 0.048107612 | Y31: SI | Z31: 0 | AA31: 0 | AB31: 0 | AC31: 0 | AD31: 0 | AE31: - | AF31: 7.3063435e-05 | AG31: 24.066923 | AH31: 3.3786141 | AI31: 118.11221 | AJ31: 0 | AK31: - | AL31: 4.7879506e-05 | AM31: 0 | AN31: 11.7584 | AO31: 0 | AP31: 0 | AQ31: - | AR31: 0 | AS31: 0 | AT31: 0 | AU31: 0 | AV31: 0 | AW31: - | AX31: 0.00025427854 | AY31: 83.758752 | AZ31: 11.7584 | BA31: 411.05924 | BB31: 0 | BC31: - | BE31: =IFERROR(Z31/I31,0) -> 0 | BF31: =IFERROR(AA31/J31,0) -> 0 | BG31: =IFERROR(AB31/K31,0) -> 0 | BH31: =IFERROR(AC31/L31,0) -> 0 | BI31: =IFERROR(AD31/M31,0) -> 0 | BJ31: =IFERROR(AE31/N31,0) -> 0 | BK31: =IFERROR(AF31/I31,0) -> 4.3724377e-05 | BL31: =IFERROR(AG31/J31,0) -> 0.00846832 | BM31: =IFERROR(AH31/K31,0) -> 0.00846832 | BN31: =IFERROR(AI31/L31,0) -> 0.00846832 | BO31: =IFERROR(AJ31/M31,0) -> 0 | BP31: =IFERROR(AK31/N31,0) -> 0 | BQ31: =IFERROR(AL31/I31,0) -> 2.8653205e-05 | BR31: =IFERROR(AM31/J31,0) -> 0 | BS31: =IFERROR(AN31/K31,0) -> 0.029471815 | BT31: =IFERROR(AO31/L31,0) -> 0 | BU31: =IFERROR(AP31/M31,0) -> 0 | BV31: =IFERROR(AQ31/N31,0) -> 0 | BW31: =IFERROR(AR31/I31,0) -> 0 | BX31: =IFERROR(AS31/J31,0) -> 0 | BY31: =IFERROR(AT31/K31,0) -> 0 | BZ31: =IFERROR(AU31/L31,0) -> 0 | CA31: =IFERROR(AV31/M31,0) -> 0 | CB31: =IFERROR(AW31/N31,0) -> 0 | CC31: =IFERROR(AX31/I31,0) -> 0.00015217148 | CD31: =IFERROR(AY31/J31,0) -> 0.029471815 | CE31: =IFERROR(AZ31/K31,0) -> 0.029471815 | CF31: =IFERROR(BA31/L31,0) -> 0.029471815 | CG31: =IFERROR(BB31/M31,0) -> 0 | CH31: =IFERROR(BC31/N31,0) -> 0 | CJ31: =IFERROR(I31/$I$39,0) -> 3.5951657e-05 | CK31: =IFERROR(J31/$J$39,0) -> 0.0050727366 | CL31: =IFERROR(K31/$K$39,0) -> 0.0054124609 | CM31: =IFERROR(L31/$L$39,0) -> 0.0057003617 | CN31: =IFERROR(M31/$M$39,0) -> 0 | CO31: =IFERROR(N31/$N$39,0) -> 0 | CQ31: =IFERROR(BE31*CJ31,0) -> 0 | CR31: =IFERROR(BF31*CK31,0) -> 0 | CS31: =IFERROR(BG31*CL31,0) -> 0 | CT31: =IFERROR(BH31*CM31,0) -> 0 | CU31: =IFERROR(BI31*CN31,0) -> 0 | CV31: =IFERROR(BJ31*CO31,0) -> 0 | CW31: =IFERROR(BK31*CJ31,0) -> 1.5719638e-09 | CX31: =IFERROR(BL31*CK31,0) -> 4.2957557e-05 | CY31: =IFERROR(BM31*CL31,0) -> 4.5834451e-05 | CZ31: =IFERROR(BN31*CM31,0) -> 4.8272487e-05 | DA31: =IFERROR(BO31*CN31,0) -> 0 | DB31: =IFERROR(BP31*CO31,0) -> 0 | DC31: =IFERROR(BQ31*CJ31,0) -> 1.0301302e-09 | DD31: =IFERROR(BR31*CK31,0) -> 0 | DE31: =IFERROR(BS31*CL31,0) -> 0.00015951505 | DF31: =IFERROR(BT31*CM31,0) -> 0 | DG31: =IFERROR(BU31*CN31,0) -> 0 | DH31: =IFERROR(BV31*CO31,0) -> 0 | DI31: =IFERROR(BW31*CJ31,0) -> 0 | DJ31: =IFERROR(BX31*CK31,0) -> 0 | DK31: =IFERROR(BY31*CL31,0) -> 0 | DL31: =IFERROR(BZ31*CM31,0) -> 0 | DM31: =IFERROR(CA31*CN31,0) -> 0 | DN31: =IFERROR(CB31*CO31,0) -> 0 | DO31: =IFERROR(CC31*CJ31,0) -> 5.4708169e-09 | DP31: =IFERROR(CD31*CK31,0) -> 0.00014950276 | DQ31: =IFERROR(CE31*CL31,0) -> 0.00015951505 | DR31: =IFERROR(CF31*CM31,0) -> 0.00016800001 | DS31: =IFERROR(CG31*CN31,0) -> 0 | DT31: =IFERROR(CH31*CO31,0) -> 0
A32: SK | B32: Slovakia | C32: 58.516 | D32: 0 | F32: 36531.271 | G32: 0.94158714 | H32: 2225 | I32: 0 | J32: 7938.209 | K32: 963.039 | L32: 23271.127 | M32: 0 | N32: 1729.44 | Q32: =H32/F32 -> 0.060906723 | R32: 0 | S32: =(J32/F32)*0.988 -> 0.21469142 | T32: 0.0026075881 | U32: 0.026362045 | V32: =($L32/$F32)*0.94 -> 0.5987982 | W32: =($L32/$F32)*0.06 -> 0.038221162 | Y32: SK | Z32: 0 | AA32: 0 | AB32: 0 | AC32: 0 | AD32: 0 | AE32: 304.1 | AF32: 0 | AG32: 334.71653 | AH32: 40.606776 | AI32: 981.23278 | AJ32: 0 | AK32: 1106.35 | AL32: 0 | AM32: 0 | AN32: 4.8400714 | AO32: 0 | AP32: 0 | AQ32: 773.92 | AR32: 0 | AS32: 0 | AT32: 0 | AU32: 0 | AV32: 0 | AW32: 2.83 | AX32: 0 | AY32: 39.896098 | AZ32: 4.8400714 | BA32: 116.95676 | BB32: 0 | BC32: 406.95 | BE32: =IFERROR(Z32/I32,0) -> 0 | BF32: =IFERROR(AA32/J32,0) -> 0 | BG32: =IFERROR(AB32/K32,0) -> 0 | BH32: =IFERROR(AC32/L32,0) -> 0 | BI32: =IFERROR(AD32/M32,0) -> 0 | BJ32: =IFERROR(AE32/N32,0) -> 0.17583727 | BK32: =IFERROR(AF32/I32,0) -> 0 | BL32: =IFERROR(AG32/J32,0) -> 0.042165245 | BM32: =IFERROR(AH32/K32,0) -> 0.042165245 | BN32: =IFERROR(AI32/L32,0) -> 0.042165245 | BO32: =IFERROR(AJ32/M32,0) -> 0 | BP32: =IFERROR(AK32/N32,0) -> 0.63971575 | BQ32: =IFERROR(AL32/I32,0) -> 0 | BR32: =IFERROR(AM32/J32,0) -> 0 | BS32: =IFERROR(AN32/K32,0) -> 0.0050258312 | BT32: =IFERROR(AO32/L32,0) -> 0 | BU32: =IFERROR(AP32/M32,0) -> 0 | BV32: =IFERROR(AQ32/N32,0) -> 0.44749746 | BW32: =IFERROR(AR32/I32,0) -> 0 | BX32: =IFERROR(AS32/J32,0) -> 0 | BY32: =IFERROR(AT32/K32,0) -> 0 | BZ32: =IFERROR(AU32/L32,0) -> 0 | CA32: =IFERROR(AV32/M32,0) -> 0 | CB32: =IFERROR(AW32/N32,0) -> 0.0016363678 | CC32: =IFERROR(AX32/I32,0) -> 0 | CD32: =IFERROR(AY32/J32,0) -> 0.0050258312 | CE32: =IFERROR(AZ32/K32,0) -> 0.0050258312 | CF32: =IFERROR(BA32/L32,0) -> 0.0050258312 | CG32: =IFERROR(BB32/M32,0) -> 0 | CH32: =IFERROR(BC32/N32,0) -> 0.23530738 | CJ32: =IFERROR(I32/$I$39,0) -> 0 | CK32: =IFERROR(J32/$J$39,0) -> 0.014169076 | CL32: =IFERROR(K32/$K$39,0) -> 0.013064636 | CM32: =IFERROR(L32/$L$39,0) -> 0.0095109152 | CN32: =IFERROR(M32/$M$39,0) -> 0 | CO32: =IFERROR(N32/$N$39,0) -> 0.017840277 | CQ32: =IFERROR(BE32*CJ32,0) -> 0 | CR32: =IFERROR(BF32*CK32,0) -> 0 | CS32: =IFERROR(BG32*CL32,0) -> 0 | CT32: =IFERROR(BH32*CM32,0) -> 0 | CU32: =IFERROR(BI32*CN32,0) -> 0 | CV32: =IFERROR(BJ32*CO32,0) -> 0.0031369855 | CW32: =IFERROR(BK32*CJ32,0) -> 0 | CX32: =IFERROR(BL32*CK32,0) -> 0.00059744256 | CY32: =IFERROR(BM32*CL32,0) -> 0.00055087359 | CZ32: =IFERROR(BN32*CM32,0) -> 0.00040103007 | DA32: =IFERROR(BO32*CN32,0) -> 0 | DB32: =IFERROR(BP32*CO32,0) -> 0.011412706 | DC32: =IFERROR(BQ32*CJ32,0) -> 0 | DD32: =IFERROR(BR32*CK32,0) -> 0 | DE32: =IFERROR(BS32*CL32,0) -> 6.5660656e-05 | DF32: =IFERROR(BT32*CM32,0) -> 0 | DG32: =IFERROR(BU32*CN32,0) -> 0 | DH32: =IFERROR(BV32*CO32,0) -> 0.0079834785 | DI32: =IFERROR(BW32*CJ32,0) -> 0 | DJ32: =IFERROR(BX32*CK32,0) -> 0 | DK32: =IFERROR(BY32*CL32,0) -> 0 | DL32: =IFERROR(BZ32*CM32,0) -> 0 | DM32: =IFERROR(CA32*CN32,0) -> 0 | DN32: =IFERROR(CB32*CO32,0) -> 2.9193255e-05 | DO32: =IFERROR(CC32*CJ32,0) -> 0 | DP32: =IFERROR(CD32*CK32,0) -> 7.1211383e-05 | DQ32: =IFERROR(CE32*CL32,0) -> 6.5660656e-05 | DR32: =IFERROR(CF32*CM32,0) -> 4.7800254e-05 | DS32: =IFERROR(CG32*CN32,0) -> 0 | DT32: =IFERROR(CH32*CO32,0) -> 0.0041979488
A33: FI | B33: Finland | C33: 30951.1 | D33: 0 | F33: 157621.15 | G33: 0.8785601 | I33: 0 | K33: 0 | L33: 138479.66 | M33: 0 | N33: 97.24 | Q33: =H33/F33 -> 0 | R33: 0 | S33: =(J33/F33)*0.988 -> 0 | T33: 0 | U33: 0 | V33: =($L33/$F33)*0.94 -> 0.82584649 | W33: =($L33/$F33)*0.06 -> 0.052713606 | Y33: FI | Z33: 0 | AA33: 0 | AB33: 0 | AC33: 0 | AD33: 0 | AE33: 5.79 | AF33: 0 | AG33: 0 | AH33: 0 | AI33: 4.3488725 | AJ33: 0 | AK33: 30.89 | AL33: 0 | AM33: 0 | AN33: 0 | AO33: 0 | AP33: 0 | AQ33: 47.84 | AR33: 0 | AS33: 0 | AT33: 0 | AU33: 0 | AV33: 0 | AW33: 7.74 | AX33: 0 | AY33: 0 | AZ33: 0 | BA33: 610.42355 | BB33: 0 | BC33: 53.61 | BE33: =IFERROR(Z33/I33,0) -> 0 | BF33: =IFERROR(AA33/J33,0) -> 0 | BG33: =IFERROR(AB33/K33,0) -> 0 | BH33: =IFERROR(AC33/L33,0) -> 0 | BI33: =IFERROR(AD33/M33,0) -> 0 | BJ33: =IFERROR(AE33/N33,0) -> 0.059543398 | BK33: =IFERROR(AF33/I33,0) -> 0 | BL33: =IFERROR(AG33/J33,0) -> 0 | BM33: =IFERROR(AH33/K33,0) -> 0 | BN33: =IFERROR(AI33/L33,0) -> 3.1404414e-05 | BO33: =IFERROR(AJ33/M33,0) -> 0 | BP33: =IFERROR(AK33/N33,0) -> 0.31766763 | BQ33: =IFERROR(AL33/I33,0) -> 0 | BR33: =IFERROR(AM33/J33,0) -> 0 | BS33: =IFERROR(AN33/K33,0) -> 0 | BT33: =IFERROR(AO33/L33,0) -> 0 | BU33: =IFERROR(AP33/M33,0) -> 0 | BV33: =IFERROR(AQ33/N33,0) -> 0.49197861 | BW33: =IFERROR(AR33/I33,0) -> 0 | BX33: =IFERROR(AS33/J33,0) -> 0 | BY33: =IFERROR(AT33/K33,0) -> 0 | BZ33: =IFERROR(AU33/L33,0) -> 0 | CA33: =IFERROR(AV33/M33,0) -> 0 | CB33: =IFERROR(AW33/N33,0) -> 0.079596874 | CC33: =IFERROR(AX33/I33,0) -> 0 | CD33: =IFERROR(AY33/J33,0) -> 0 | CE33: =IFERROR(AZ33/K33,0) -> 0 | CF33: =IFERROR(BA33/L33,0) -> 0.0044080377 | CG33: =IFERROR(BB33/M33,0) -> 0 | CH33: =IFERROR(BC33/N33,0) -> 0.55131633 | CJ33: =IFERROR(I33/$I$39,0) -> 0 | CK33: =IFERROR(J33/$J$39,0) -> 0 | CL33: =IFERROR(K33/$K$39,0) -> 0 | CM33: =IFERROR(L33/$L$39,0) -> 0.056596669 | CN33: =IFERROR(M33/$M$39,0) -> 0 | CO33: =IFERROR(N33/$N$39,0) -> 0.0010030926 | CQ33: =IFERROR(BE33*CJ33,0) -> 0 | CR33: =IFERROR(BF33*CK33,0) -> 0 | CS33: =IFERROR(BG33*CL33,0) -> 0 | CT33: =IFERROR(BH33*CM33,0) -> 0 | CU33: =IFERROR(BI33*CN33,0) -> 0 | CV33: =IFERROR(BJ33*CO33,0) -> 5.9727543e-05 | CW33: =IFERROR(BK33*CJ33,0) -> 0 | CX33: =IFERROR(BL33*CK33,0) -> 0 | CY33: =IFERROR(BM33*CL33,0) -> 0 | CZ33: =IFERROR(BN33*CM33,0) -> 1.7773852e-06 | DA33: =IFERROR(BO33*CN33,0) -> 0 | DB33: =IFERROR(BP33*CO33,0) -> 0.00031865005 | DC33: =IFERROR(BQ33*CJ33,0) -> 0 | DD33: =IFERROR(BR33*CK33,0) -> 0 | DE33: =IFERROR(BS33*CL33,0) -> 0 | DF33: =IFERROR(BT33*CM33,0) -> 0 | DG33: =IFERROR(BU33*CN33,0) -> 0 | DH33: =IFERROR(BV33*CO33,0) -> 0.00049350012 | DI33: =IFERROR(BW33*CJ33,0) -> 0 | DJ33: =IFERROR(BX33*CK33,0) -> 0 | DK33: =IFERROR(BY33*CL33,0) -> 0 | DL33: =IFERROR(BZ33*CM33,0) -> 0 | DM33: =IFERROR(CA33*CN33,0) -> 0 | DN33: =IFERROR(CB33*CO33,0) -> 7.9843037e-05 | DO33: =IFERROR(CC33*CJ33,0) -> 0 | DP33: =IFERROR(CD33*CK33,0) -> 0 | DQ33: =IFERROR(CE33*CL33,0) -> 0 | DR33: =IFERROR(CF33*CM33,0) -> 0.00024948025 | DS33: =IFERROR(CG33*CN33,0) -> 0 | DT33: =IFERROR(CH33*CO33,0) -> 0.00055302135
A34: SE | B34: Sweden | C34: 88616 | D34: 41313 | E34: 0.46620249 | F34: 133489.09 | G34: 0.98603567 | H34: 306 | I34: 0 | J34: 6388 | K34: 31 | L34: 124900 | M34: 41313 | N34: - | Q34: =H34/F34 -> 0.0022923222 | R34: 0 | S34: =(J34/F34)*0.988 -> 0.04727985 | T34: 0.00057424919 | U34: 0.00023222872 | V34: =($L34/$F34)*0.94 -> 0.8795176 | W34: =($L34/$F34)*0.06 -> 0.056139421 | Y34: SE | Z34: 0 | AA34: 0 | AB34: 0 | AC34: 0 | AD34: 757.24805 | AE34: - | AF34: 0 | AG34: 0 | AH34: 0 | AI34: 0 | AJ34: 64.440606 | AK34: - | AL34: 0 | AM34: 0 | AN34: - | AO34: 0 | AP34: - | AQ34: - | AR34: 0 | AS34: 0 | AT34: 0 | AU34: 0 | AV34: 0 | AW34: - | AX34: - | AY34: - | AZ34: - | BA34: - | BB34: 6457.418 | BC34: - | BE34: =IFERROR(Z34/I34,0) -> 0 | BF34: =IFERROR(AA34/J34,0) -> 0 | BG34: =IFERROR(AB34/K34,0) -> 0 | BH34: =IFERROR(AC34/L34,0) -> 0 | BI34: =IFERROR(AD34/M34,0) -> 0.018329534 | BJ34: =IFERROR(AE34/N34,0) -> 0 | BK34: =IFERROR(AF34/I34,0) -> 0 | BL34: =IFERROR(AG34/J34,0) -> 0 | BM34: =IFERROR(AH34/K34,0) -> 0 | BN34: =IFERROR(AI34/L34,0) -> 0 | BO34: =IFERROR(AJ34/M34,0) -> 0.0015598143 | BP34: =IFERROR(AK34/N34,0) -> 0 | BQ34: =IFERROR(AL34/I34,0) -> 0 | BR34: =IFERROR(AM34/J34,0) -> 0 | BS34: =IFERROR(AN34/K34,0) -> 0 | BT34: =IFERROR(AO34/L34,0) -> 0 | BU34: =IFERROR(AP34/M34,0) -> 0 | BV34: =IFERROR(AQ34/N34,0) -> 0 | BW34: =IFERROR(AR34/I34,0) -> 0 | BX34: =IFERROR(AS34/J34,0) -> 0 | BY34: =IFERROR(AT34/K34,0) -> 0 | BZ34: =IFERROR(AU34/L34,0) -> 0 | CA34: =IFERROR(AV34/M34,0) -> 0 | CB34: =IFERROR(AW34/N34,0) -> 0 | CC34: =IFERROR(AX34/I34,0) -> 0 | CD34: =IFERROR(AY34/J34,0) -> 0 | CE34: =IFERROR(AZ34/K34,0) -> 0 | CF34: =IFERROR(BA34/L34,0) -> 0 | CG34: =IFERROR(BB34/M34,0) -> 0.15630475 | CH34: =IFERROR(BC34/N34,0) -> 0 | CJ34: =IFERROR(I34/$I$39,0) -> 0 | CK34: =IFERROR(J34/$J$39,0) -> 0.011402075 | CL34: =IFERROR(K34/$K$39,0) -> 0.00042054758 | CM34: =IFERROR(L34/$L$39,0) -> 0.05104666 | CN34: =IFERROR(M34/$M$39,0) -> 0.80041942 | CO34: =IFERROR(N34/$N$39,0) -> 0 | CQ34: =IFERROR(BE34*CJ34,0) -> 0 | CR34: =IFERROR(BF34*CK34,0) -> 0 | CS34: =IFERROR(BG34*CL34,0) -> 0 | CT34: =IFERROR(BH34*CM34,0) -> 0 | CU34: =IFERROR(BI34*CN34,0) -> 0.014671315 | CV34: =IFERROR(BJ34*CO34,0) -> 0 | CW34: =IFERROR(BK34*CJ34,0) -> 0 | CX34: =IFERROR(BL34*CK34,0) -> 0 | CY34: =IFERROR(BM34*CL34,0) -> 0 | CZ34: =IFERROR(BN34*CM34,0) -> 0 | DA34: =IFERROR(BO34*CN34,0) -> 0.0012485056 | DB34: =IFERROR(BP34*CO34,0) -> 0 | DC34: =IFERROR(BQ34*CJ34,0) -> 0 | DD34: =IFERROR(BR34*CK34,0) -> 0 | DE34: =IFERROR(BS34*CL34,0) -> 0 | DF34: =IFERROR(BT34*CM34,0) -> 0 | DG34: =IFERROR(BU34*CN34,0) -> 0 | DH34: =IFERROR(BV34*CO34,0) -> 0 | DI34: =IFERROR(BW34*CJ34,0) -> 0 | DJ34: =IFERROR(BX34*CK34,0) -> 0 | DK34: =IFERROR(BY34*CL34,0) -> 0 | DL34: =IFERROR(BZ34*CM34,0) -> 0 | DM34: =IFERROR(CA34*CN34,0) -> 0 | DN34: =IFERROR(CB34*CO34,0) -> 0 | DO34: =IFERROR(CC34*CJ34,0) -> 0 | DP34: =IFERROR(CD34*CK34,0) -> 0 | DQ34: =IFERROR(CE34*CL34,0) -> 0 | DR34: =IFERROR(CF34*CM34,0) -> 0 | DS34: =IFERROR(CG34*CN34,0) -> 0.12510936 | DT34: =IFERROR(CH34*CO34,0) -> 0
A35: IS | B35: Iceland | C35: 0 | D35: 0 | F35: 8382.764 | G35: 0.71271003 | H35: 0 | I35: 0 | J35: 0 | K35: 0 | L35: 5974.48 | M35: 0 | N35: - | Q35: =H35/F35 -> 0 | R35: 0 | S35: =(J35/F35)*0.988 -> 0 | T35: 0 | U35: 0 | V35: =($L35/$F35)*0.94 -> 0.66994743 | W35: =($L35/$F35)*0.06 -> 0.042762602 | Y35: IS | Z35: 0 | AA35: 0 | AB35: 0 | AC35: 0 | AD35: 0 | AE35: 0 | AF35: 0 | AG35: 0 | AH35: 0 | AI35: 1.3624165 | AJ35: 0 | AK35: 0 | AL35: 0 | AM35: 0 | AN35: 0 | AO35: 0 | AP35: 0 | AQ35: 0 | AR35: 0 | AS35: 0 | AT35: 0 | AU35: 0 | AV35: 0 | AW35: 0 | AX35: 0 | AY35: 0 | AZ35: 0 | BA35: 665.09815 | BB35: 0 | BC35: 0 | BE35: =IFERROR(Z35/I35,0) -> 0 | BF35: =IFERROR(AA35/J35,0) -> 0 | BG35: =IFERROR(AB35/K35,0) -> 0 | BH35: =IFERROR(AC35/L35,0) -> 0 | BI35: =IFERROR(AD35/M35,0) -> 0 | BJ35: =IFERROR(AE35/N35,0) -> 0 | BK35: =IFERROR(AF35/I35,0) -> 0 | BL35: =IFERROR(AG35/J35,0) -> 0 | BM35: =IFERROR(AH35/K35,0) -> 0 | BN35: =IFERROR(AI35/L35,0) -> 0.00022803934 | BO35: =IFERROR(AJ35/M35,0) -> 0 | BP35: =IFERROR(AK35/N35,0) -> 0 | BQ35: =IFERROR(AL35/I35,0) -> 0 | BR35: =IFERROR(AM35/J35,0) -> 0 | BS35: =IFERROR(AN35/K35,0) -> 0 | BT35: =IFERROR(AO35/L35,0) -> 0 | BU35: =IFERROR(AP35/M35,0) -> 0 | BV35: =IFERROR(AQ35/N35,0) -> 0 | BW35: =IFERROR(AR35/I35,0) -> 0 | BX35: =IFERROR(AS35/J35,0) -> 0 | BY35: =IFERROR(AT35/K35,0) -> 0 | BZ35: =IFERROR(AU35/L35,0) -> 0 | CA35: =IFERROR(AV35/M35,0) -> 0 | CB35: =IFERROR(AW35/N35,0) -> 0 | CC35: =IFERROR(AX35/I35,0) -> 0 | CD35: =IFERROR(AY35/J35,0) -> 0 | CE35: =IFERROR(AZ35/K35,0) -> 0 | CF35: =IFERROR(BA35/L35,0) -> 0.11132319 | CG35: =IFERROR(BB35/M35,0) -> 0 | CH35: =IFERROR(BC35/N35,0) -> 0 | CJ35: =IFERROR(I35/$I$39,0) -> 0 | CK35: =IFERROR(J35/$J$39,0) -> 0 | CL35: =IFERROR(K35/$K$39,0) -> 0 | CM35: =IFERROR(L35/$L$39,0) -> 0.0024417714 | CN35: =IFERROR(M35/$M$39,0) -> 0 | CO35: =IFERROR(N35/$N$39,0) -> 0 | CQ35: =IFERROR(BE35*CJ35,0) -> 0 | CR35: =IFERROR(BF35*CK35,0) -> 0 | CS35: =IFERROR(BG35*CL35,0) -> 0 | CT35: =IFERROR(BH35*CM35,0) -> 0 | CU35: =IFERROR(BI35*CN35,0) -> 0 | CV35: =IFERROR(BJ35*CO35,0) -> 0 | CW35: =IFERROR(BK35*CJ35,0) -> 0 | CX35: =IFERROR(BL35*CK35,0) -> 0 | CY35: =IFERROR(BM35*CL35,0) -> 0 | CZ35: =IFERROR(BN35*CM35,0) -> 5.5681995e-07 | DA35: =IFERROR(BO35*CN35,0) -> 0 | DB35: =IFERROR(BP35*CO35,0) -> 0 | DC35: =IFERROR(BQ35*CJ35,0) -> 0 | DD35: =IFERROR(BR35*CK35,0) -> 0 | DE35: =IFERROR(BS35*CL35,0) -> 0 | DF35: =IFERROR(BT35*CM35,0) -> 0 | DG35: =IFERROR(BU35*CN35,0) -> 0 | DH35: =IFERROR(BV35*CO35,0) -> 0 | DI35: =IFERROR(BW35*CJ35,0) -> 0 | DJ35: =IFERROR(BX35*CK35,0) -> 0 | DK35: =IFERROR(BY35*CL35,0) -> 0 | DL35: =IFERROR(BZ35*CM35,0) -> 0 | DM35: =IFERROR(CA35*CN35,0) -> 0 | DN35: =IFERROR(CB35*CO35,0) -> 0 | DO35: =IFERROR(CC35*CJ35,0) -> 0 | DP35: =IFERROR(CD35*CK35,0) -> 0 | DQ35: =IFERROR(CE35*CL35,0) -> 0 | DR35: =IFERROR(CF35*CM35,0) -> 0.00027182577 | DS35: =IFERROR(CG35*CN35,0) -> 0 | DT35: =IFERROR(CH35*CO35,0) -> 0
A36: NO | B36: Norway | C36: 2255 | D36: 1573 | E36: 0.69756098 | F36: 100929 | G36: 0.18954909 | H36: 640 | I36: 0 | J36: 5344 | L36: 13147 | M36: 1573 | N36: - | Q36: =H36/F36 -> 0.0063410913 | R36: 0 | S36: =(J36/F36)*0.988 -> 0.052312735 | T36: 0.00063537734 | U36: 0 | V36: =($L36/$F36)*0.94 -> 0.12244429 | W36: =($L36/$F36)*0.06 -> 0.0078155931 | Y36: NO | Z36: 0 | AA36: 154.67372 | AB36: 0 | AC36: 380.51935 | AD36: 0 | AE36: - | AF36: 0 | AG36: 1168.6143 | AH36: 0 | AI36: 2874.9574 | AJ36: 0 | AK36: - | AL36: 0 | AM36: 123.38143 | AN36: 0 | AO36: 10990.302 | AP36: 0 | AQ36: - | AR36: 0 | AS36: 0 | AT36: 0 | AU36: 0 | AV36: 0 | AW36: - | AX36: 0 | AY36: 1654.3847 | AZ36: 0 | BA36: 4070.0217 | BB36: 0 | BC36: - | BE36: =IFERROR(Z36/I36,0) -> 0 | BF36: =IFERROR(AA36/J36,0) -> 0.028943435 | BG36: =IFERROR(AB36/K36,0) -> 0 | BH36: =IFERROR(AC36/L36,0) -> 0.028943435 | BI36: =IFERROR(AD36/M36,0) -> 0 | BJ36: =IFERROR(AE36/N36,0) -> 0 | BK36: =IFERROR(AF36/I36,0) -> 0 | BL36: =IFERROR(AG36/J36,0) -> 0.21867783 | BM36: =IFERROR(AH36/K36,0) -> 0 | BN36: =IFERROR(AI36/L36,0) -> 0.21867783 | BO36: =IFERROR(AJ36/M36,0) -> 0 | BP36: =IFERROR(AK36/N36,0) -> 0 | BQ36: =IFERROR(AL36/I36,0) -> 0 | BR36: =IFERROR(AM36/J36,0) -> 0.023087843 | BS36: =IFERROR(AN36/K36,0) -> 0 | BT36: =IFERROR(AO36/L36,0) -> 0.83595513 | BU36: =IFERROR(AP36/M36,0) -> 0 | BV36: =IFERROR(AQ36/N36,0) -> 0 | BW36: =IFERROR(AR36/I36,0) -> 0 | BX36: =IFERROR(AS36/J36,0) -> 0 | BY36: =IFERROR(AT36/K36,0) -> 0 | BZ36: =IFERROR(AU36/L36,0) -> 0 | CA36: =IFERROR(AV36/M36,0) -> 0 | CB36: =IFERROR(AW36/N36,0) -> 0 | CC36: =IFERROR(AX36/I36,0) -> 0 | CD36: =IFERROR(AY36/J36,0) -> 0.30957798 | CE36: =IFERROR(AZ36/K36,0) -> 0 | CF36: =IFERROR(BA36/L36,0) -> 0.30957798 | CG36: =IFERROR(BB36/M36,0) -> 0 | CH36: =IFERROR(BC36/N36,0) -> 0 | CJ36: =IFERROR(I36/$I$39,0) -> 0 | CK36: =IFERROR(J36/$J$39,0) -> 0.0095386178 | CL36: =IFERROR(K36/$K$39,0) -> 0 | CM36: =IFERROR(L36/$L$39,0) -> 0.0053731821 | CN36: =IFERROR(M36/$M$39,0) -> 0.030476115 | CO36: =IFERROR(N36/$N$39,0) -> 0 | CQ36: =IFERROR(BE36*CJ36,0) -> 0 | CR36: =IFERROR(BF36*CK36,0) -> 0.00027608037 | CS36: =IFERROR(BG36*CL36,0) -> 0 | CT36: =IFERROR(BH36*CM36,0) -> 0.00015551835 | CU36: =IFERROR(BI36*CN36,0) -> 0 | CV36: =IFERROR(BJ36*CO36,0) -> 0 | CW36: =IFERROR(BK36*CJ36,0) -> 0 | CX36: =IFERROR(BL36*CK36,0) -> 0.0020858842 | CY36: =IFERROR(BM36*CL36,0) -> 0 | CZ36: =IFERROR(BN36*CM36,0) -> 0.0011749958 | DA36: =IFERROR(BO36*CN36,0) -> 0 | DB36: =IFERROR(BP36*CO36,0) -> 0 | DC36: =IFERROR(BQ36*CJ36,0) -> 0 | DD36: =IFERROR(BR36*CK36,0) -> 0.00022022611 | DE36: =IFERROR(BS36*CL36,0) -> 0 | DF36: =IFERROR(BT36*CM36,0) -> 0.0044917391 | DG36: =IFERROR(BU36*CN36,0) -> 0 | DH36: =IFERROR(BV36*CO36,0) -> 0 | DI36: =IFERROR(BW36*CJ36,0) -> 0 | DJ36: =IFERROR(BX36*CK36,0) -> 0 | DK36: =IFERROR(BY36*CL36,0) -> 0 | DL36: =IFERROR(BZ36*CM36,0) -> 0 | DM36: =IFERROR(CA36*CN36,0) -> 0 | DN36: =IFERROR(CB36*CO36,0) -> 0 | DO36: =IFERROR(CC36*CJ36,0) -> 0 | DP36: =IFERROR(CD36*CK36,0) -> 0.002952946 | DQ36: =IFERROR(CE36*CL36,0) -> 0 | DR36: =IFERROR(CF36*CM36,0) -> 0.0016634188 | DS36: =IFERROR(CG36*CN36,0) -> 0 | DT36: =IFERROR(CH36*CO36,0) -> 0
A37: CH | B37: Switzerland | C37: 0 | D37: 0 | F37: 44747.76 | G37: 0.93731507 | H37: 180 | I37: 512.7 | J37: 5476.05 | K37: 663.11 | L37: 35110.89 | M37: 0 | N37: - | Q37: =H37/F37 -> 0.0040225477 | R37: 0.011457557 | S37: =(J37/F37)*0.988 -> 0.12090745 | T37: 0.0014685115 | U37: 0.014818842 | V37: =($L37/$F37)*0.94 -> 0.73756176 | W37: =($L37/$F37)*0.06 -> 0.04707841 | Y37: CH | Z37: 0 | AA37: 0 | AB37: 0 | AC37: 0 | AE37: 0 | AF37: 0 | AG37: 0 | AH37: 0 | AI37: 0 | AK37: 0 | AL37: 0 | AM37: 0 | AN37: 0 | AO37: 0 | AQ37: 0 | AR37: 0 | AS37: 0 | AT37: 0 | AU37: 0 | AW37: 0 | AX37: 0 | AY37: 0 | AZ37: 0 | BA37: 0 | BC37: 0 | BE37: =IFERROR(Z37/I37,0) -> 0 | BF37: =IFERROR(AA37/J37,0) -> 0 | BG37: =IFERROR(AB37/K37,0) -> 0 | BH37: =IFERROR(AC37/L37,0) -> 0 | BI37: =IFERROR(AD37/M37,0) -> 0 | BJ37: =IFERROR(AE37/N37,0) -> 0 | BK37: =IFERROR(AF37/I37,0) -> 0 | BL37: =IFERROR(AG37/J37,0) -> 0 | BM37: =IFERROR(AH37/K37,0) -> 0 | BN37: =IFERROR(AI37/L37,0) -> 0 | BO37: =IFERROR(AJ37/M37,0) -> 0 | BP37: =IFERROR(AK37/N37,0) -> 0 | BQ37: =IFERROR(AL37/I37,0) -> 0 | BR37: =IFERROR(AM37/J37,0) -> 0 | BS37: =IFERROR(AN37/K37,0) -> 0 | BT37: =IFERROR(AO37/L37,0) -> 0 | BU37: =IFERROR(AP37/M37,0) -> 0 | BV37: =IFERROR(AQ37/N37,0) -> 0 | BW37: =IFERROR(AR37/I37,0) -> 0 | BX37: =IFERROR(AS37/J37,0) -> 0 | BY37: =IFERROR(AT37/K37,0) -> 0 | BZ37: =IFERROR(AU37/L37,0) -> 0 | CA37: =IFERROR(AV37/M37,0) -> 0 | CB37: =IFERROR(AW37/N37,0) -> 0 | CC37: =IFERROR(AX37/I37,0) -> 0 | CD37: =IFERROR(AY37/J37,0) -> 0 | CE37: =IFERROR(AZ37/K37,0) -> 0 | CF37: =IFERROR(BA37/L37,0) -> 0 | CG37: =IFERROR(BB37/M37,0) -> 0 | CH37: =IFERROR(BC37/N37,0) -> 0 | CJ37: =IFERROR(I37/$I$39,0) -> 0.011030769 | CK37: =IFERROR(J37/$J$39,0) -> 0.0097743167 | CL37: =IFERROR(K37/$K$39,0) -> 0.0089957841 | CM37: =IFERROR(L37/$L$39,0) -> 0.014349829 | CN37: =IFERROR(M37/$M$39,0) -> 0 | CO37: =IFERROR(N37/$N$39,0) -> 0 | CQ37: =IFERROR(BE37*CJ37,0) -> 0 | CR37: =IFERROR(BF37*CK37,0) -> 0 | CS37: =IFERROR(BG37*CL37,0) -> 0 | CT37: =IFERROR(BH37*CM37,0) -> 0 | CU37: =IFERROR(BI37*CN37,0) -> 0 | CV37: =IFERROR(BJ37*CO37,0) -> 0 | CW37: =IFERROR(BK37*CJ37,0) -> 0 | CX37: =IFERROR(BL37*CK37,0) -> 0 | CY37: =IFERROR(BM37*CL37,0) -> 0 | CZ37: =IFERROR(BN37*CM37,0) -> 0 | DA37: =IFERROR(BO37*CN37,0) -> 0 | DB37: =IFERROR(BP37*CO37,0) -> 0 | DC37: =IFERROR(BQ37*CJ37,0) -> 0 | DD37: =IFERROR(BR37*CK37,0) -> 0 | DE37: =IFERROR(BS37*CL37,0) -> 0 | DF37: =IFERROR(BT37*CM37,0) -> 0 | DG37: =IFERROR(BU37*CN37,0) -> 0 | DH37: =IFERROR(BV37*CO37,0) -> 0 | DI37: =IFERROR(BW37*CJ37,0) -> 0 | DJ37: =IFERROR(BX37*CK37,0) -> 0 | DK37: =IFERROR(BY37*CL37,0) -> 0 | DL37: =IFERROR(BZ37*CM37,0) -> 0 | DM37: =IFERROR(CA37*CN37,0) -> 0 | DN37: =IFERROR(CB37*CO37,0) -> 0 | DO37: =IFERROR(CC37*CJ37,0) -> 0 | DP37: =IFERROR(CD37*CK37,0) -> 0 | DQ37: =IFERROR(CE37*CL37,0) -> 0 | DR37: =IFERROR(CF37*CM37,0) -> 0 | DS37: =IFERROR(CG37*CN37,0) -> 0 | DT37: =IFERROR(CH37*CO37,0) -> 0
A38: UK | B38: United Kingdom | C38: 1.2 | D38: 0 | E38: 0 | F38: 216645.9 | G38: 0.95238821 | J38: 72200.3 | K38: 5817 | L38: 128313.7 | M38: 0 | N38: 3824.16 | Q38: =H38/F38 -> 0 | R38: 0 | S38: =(J38/F38)*0.988 -> 0.32926493 | T38: 0.0039991692 | U38: 0.026850266 | V38: =($L38/$F38)*0.94 -> 0.55673741 | W38: =($L38/$F38)*0.06 -> 0.035536431 | Y38: UK | Z38: 0 | AA38: 0 | AB38: 0 | AC38: 0 | AE38: 372.65 | AF38: 0 | AG38: 0 | AH38: 0 | AI38: 0 | AK38: 3438.2 | AL38: 0 | AM38: 0 | AN38: 0 | AO38: 0 | AQ38: 594.96 | AR38: 0 | AS38: 0 | AT38: 0 | AU38: 0 | AW38: 96.67 | AX38: 0 | AY38: 0 | AZ38: 0 | BA38: 0 | BC38: 1233.75 | BE38: =IFERROR(Z38/I38,0) -> 0 | BF38: =IFERROR(AA38/J38,0) -> 0 | BG38: =IFERROR(AB38/K38,0) -> 0 | BH38: =IFERROR(AC38/L38,0) -> 0 | BI38: =IFERROR(AD38/M38,0) -> 0 | BJ38: =IFERROR(AE38/N38,0) -> 0.097446237 | BK38: =IFERROR(AF38/I38,0) -> 0 | BL38: =IFERROR(AG38/J38,0) -> 0 | BM38: =IFERROR(AH38/K38,0) -> 0 | BN38: =IFERROR(AI38/L38,0) -> 0 | BO38: =IFERROR(AJ38/M38,0) -> 0 | BP38: =IFERROR(AK38/N38,0) -> 0.89907326 | BQ38: =IFERROR(AL38/I38,0) -> 0 | BR38: =IFERROR(AM38/J38,0) -> 0 | BS38: =IFERROR(AN38/K38,0) -> 0 | BT38: =IFERROR(AO38/L38,0) -> 0 | BU38: =IFERROR(AP38/M38,0) -> 0 | BV38: =IFERROR(AQ38/N38,0) -> 0.15557926 | BW38: =IFERROR(AR38/I38,0) -> 0 | BX38: =IFERROR(AS38/J38,0) -> 0 | BY38: =IFERROR(AT38/K38,0) -> 0 | BZ38: =IFERROR(AU38/L38,0) -> 0 | CA38: =IFERROR(AV38/M38,0) -> 0 | CB38: =IFERROR(AW38/N38,0) -> 0.025278754 | CC38: =IFERROR(AX38/I38,0) -> 0 | CD38: =IFERROR(AY38/J38,0) -> 0 | CE38: =IFERROR(AZ38/K38,0) -> 0 | CF38: =IFERROR(BA38/L38,0) -> 0 | CG38: =IFERROR(BB38/M38,0) -> 0 | CH38: =IFERROR(BC38/N38,0) -> 0.32261987 | CJ38: =IFERROR(I38/$I$39,0) -> 0 | CK38: =IFERROR(J38/$J$39,0) -> 0.12887183 | CL38: =IFERROR(K38/$K$39,0) -> 0.078913719 | CM38: =IFERROR(L38/$L$39,0) -> 0.05244184 | CN38: =IFERROR(M38/$M$39,0) -> 0 | CO38: =IFERROR(N38/$N$39,0) -> 0.03944865 | CQ38: =IFERROR(BE38*CJ38,0) -> 0 | CR38: =IFERROR(BF38*CK38,0) -> 0 | CS38: =IFERROR(BG38*CL38,0) -> 0 | CT38: =IFERROR(BH38*CM38,0) -> 0 | CU38: =IFERROR(BI38*CN38,0) -> 0 | CV38: =IFERROR(BJ38*CO38,0) -> 0.0038441225 | CW38: =IFERROR(BK38*CJ38,0) -> 0 | CX38: =IFERROR(BL38*CK38,0) -> 0 | CY38: =IFERROR(BM38*CL38,0) -> 0 | CZ38: =IFERROR(BN38*CM38,0) -> 0 | DA38: =IFERROR(BO38*CN38,0) -> 0 | DB38: =IFERROR(BP38*CO38,0) -> 0.035467226 | DC38: =IFERROR(BQ38*CJ38,0) -> 0 | DD38: =IFERROR(BR38*CK38,0) -> 0 | DE38: =IFERROR(BS38*CL38,0) -> 0 | DF38: =IFERROR(BT38*CM38,0) -> 0 | DG38: =IFERROR(BU38*CN38,0) -> 0 | DH38: =IFERROR(BV38*CO38,0) -> 0.0061373919 | DI38: =IFERROR(BW38*CJ38,0) -> 0 | DJ38: =IFERROR(BX38*CK38,0) -> 0 | DK38: =IFERROR(BY38*CL38,0) -> 0 | DL38: =IFERROR(BZ38*CM38,0) -> 0 | DM38: =IFERROR(CA38*CN38,0) -> 0 | DN38: =IFERROR(CB38*CO38,0) -> 0.00099721271 | DO38: =IFERROR(CC38*CJ38,0) -> 0 | DP38: =IFERROR(CD38*CK38,0) -> 0 | DQ38: =IFERROR(CE38*CL38,0) -> 0 | DR38: =IFERROR(CF38*CM38,0) -> 0 | DS38: =IFERROR(CG38*CN38,0) -> 0 | DT38: =IFERROR(CH38*CO38,0) -> 0.012726918
I39: =SUM(I8:I38) -> 46479.081 | J39: =SUM(J8:J38) -> 560248.88 | K39: =SUM(K8:K38) -> 73713.419 | L39: =SUM(L8:L38) -> 2446781 | M39: =SUM(M8:M38) -> 51614.19 | N39: =SUM(N8:N38) -> 96940.2 | CQ39: =SUM(CQ8:CQ38) -> 0.00024625771 | CR39: =SUM(CR8:CR38) -> 0.00080577176 | CS39: =SUM(CS8:CS38) -> 0.0011487423 | CT39: =SUM(CT8:CT38) -> 0.0010478211 | CU39: =SUM(CU8:CU38) -> 0.014879601 | CV39: =SUM(CV8:CV38) -> 0.10039045 | CW39: =SUM(CW8:CW38) -> 0.00076293971 | CX39: =SUM(CX8:CX38) -> 0.0092150609 | ... DT39: =SUM(DT8:DT38) -> 0.31921071

Sheet Energy Intensity
A1: Construction energy consumptio PJ per energy vector
A2: Solid fossil fuels | B2: R_DetH | C2: R_SDetH | D2: R_Flat | E2: New_HOSP | F2: New_SREC | G2: New_REST | H2: New_SHPL | I2: New_SHPS | J2: New_OFFC | K2: LightRenovation_DetH | L2: LightRenovation_SDeH | M2: LightRenovation_Flat | N2: MediumRenovation_DetH | O2: MediumRenovation_SDeH | P2: MediumRenovation_Flat | Q2: FullRenovation_DetH | R2: FullRenovation_SDeH | S2: FullRenovation_Flat | U2: New_DetH | V2: New_SDeH | W2: New_Flat | X2: New_HOSP | Y2: New_SREC | Z2: New_REST | AA2: New_SHPL | AB2: New_SHPS | AC2: New_OFFC | AD2: LightRenovation_DetH | AE2: LightRenovation_SDeH | AF2: LightRenovation_Flat | AG2: MediumRenovation_DetH | AH2: MediumRenovation_SDeH | AI2: MediumRenovation_Flat | AJ2: FullRenovation_DetH | AK2: FullRenovation_SDeH | AL2: FullRenovation_Flat | AN2: New_DetH | AO2: New_SDeH | AP2: New_Flat | AQ2: New_HOSP | AR2: New_SREC | AS2: New_REST | AT2: New_SHPL | AU2: New_SHPS | AV2: New_OFFC | AW2: LightRenovation_DetH | AX2: LightRenovation_SDeH | AY2: LightRenovation_Flat | AZ2: MediumRenovation_DetH | BA2: MediumRenovation_SDeH | BB2: MediumRenovation_Flat | BC2: FullRenovation_DetH | BD2: FullRenovation_SDeH | BE2: FullRenovation_Flat | BG2: New_DetH | BH2: New_SDeH | BI2: New_Flat | BJ2: New_HOSP | BK2: New_SREC | BL2: New_REST | BM2: New_SHPL | BN2: New_SHPS | BO2: New_OFFC | BP2: LightRenovation_DetH | BQ2: LightRenovation_SDeH | BR2: LightRenovation_Flat | BS2: MediumRenovation_DetH | BT2: MediumRenovation_SDeH | BU2: MediumRenovation_Flat | BV2: FullRenovation_DetH | BW2: FullRenovation_SDeH | BX2: FullRenovation_Flat | BZ2: New_DetH | CA2: New_SDeH | CB2: New_Flat | CC2: New_HOSP | CD2: New_SREC | CE2: New_REST | CF2: New_SHPL | CG2: New_SHPS | CH2: New_OFFC | CI2: LightRenovation_DetH | CJ2: LightRenovation_SDeH | CK2: LightRenovation_Flat | CL2: MediumRenovation_DetH | CM2: MediumRenovation_SDeH | CN2: MediumRenovation_Flat | CO2: FullRenovation_DetH | CP2: FullRenovation_SDeH | CQ2: FullRenovation_Flat | CS2: IGF | CT2: R_DetH | CU2: R_SDetH | CV2: R_Flat | CY2: IBR | CZ2: R_DetH | DA2: R_SDetH | DB2: R_Flat | DD2: IIS | DE2: R_DetH | DF2: R_SDetH | DG2: R_Flat | DI2: ICM | DJ2: R_DetH | DK2: R_SDetH | DL2: R_Flat
B3: 0 | C3: 0 | D3: 0 | E3: 0 | F3: 0 | G3: 0 | H3: 0 | I3: 0 | J3: 0 | K3: 0 | L3: 0 | M3: 0 | N3: 0 | O3: 0 | P3: 0 | Q3: 0 | R3: 0 | S3: 0 | U3: 0.16616878 | V3: 0.063526996 | W3: 0.42643072 | X3: 0.012888803 | Y3: 0.02602733 | Z3: 0.10250953 | AA3: 0.023968048 | AB3: 0.015660494 | AC3: 0.14136667 | AD3: 0.51962735 | AE3: 0.088794568 | AF3: 0.35895445 | AG3: 0.26768682 | AH3: 0.045742656 | AI3: 0.18491593 | AJ3: 0.031492567 | AK3: 0.005381489 | AL3: 0.021754815 | AN3: 0.70129387 | AO3: 0.26810749 | AP3: 1.7996958 | AQ3: 0.054395531 | AR3: 0.10984499 | AS3: 0.43262825 | AT3: 0.10115405 | AU3: 0.066093096 | AV3: 0.59661979 | AW3: 2.1930202 | AX3: 0.37474602 | AY3: 1.5149209 | AZ3: 1.1297377 | BA3: 0.19305098 | BB3: 0.78041381 | BC3: 0.13291031 | BD3: 0.02271188 | BE3: 0.091813389 | BG3: 0.030464765 | BH3: 0.011646803 | BI3: 0.07818022 | BJ3: 0.0023629852 | BK3: 0.0047717537 | BL3: 0.018793716 | BM3: 0.0043942126 | BN3: 0.0028711367 | BO3: 0.025917639 | BP3: 0.095266543 | BQ3: 0.016279266 | BR3: 0.065809372 | BS3: 0.049076704 | BT3: 0.0083862883 | BU3: 0.033901798 | BV3: 0.0057737299 | BW3: 0.00098662215 | BX3: 0.0039884468 | BZ3: 0.17079779 | CA3: 0.065296687 | CB3: 0.43830993 | CC3: 0.013247851 | CD3: 0.026752381 | CE3: 0.10536517 | CF3: 0.024635733 | CG3: 0.016096754 | CH3: 0.14530477 | CI3: 0.53410277 | CJ3: 0.091268146 | CK3: 0.36895395 | CL3: 0.27514385 | CM3: 0.047016924 | CN3: 0.19006719 | CO3: 0.032369865 | CP3: 0.0055314028 | CQ3: 0.022360846 | CS3: AT | CT3: 3 | CU3: 2.2200843 | CV3: 2.2200843 | CY3: AT | CZ3: 670.91609 | DA3: 194.82422 | DB3: 76 | DD3: AT | DE3: 857.79652 | DF3: 1206.9167 | DG3: 1216.6667 | DI3: AT | DJ3: 923.14105 | DK3: 1096.5134 | DL3: 1151.625
B4: 0 | C4: 0 | D4: 0 | E4: 0 | F4: 0 | G4: 0 | H4: 0 | I4: 0 | J4: 0 | K4: 0 | L4: 0 | M4: 0 | N4: 0 | O4: 0 | P4: 0 | Q4: 0 | R4: 0 | S4: 0 | U4: 0.18699852 | V4: 0.014102357 | W4: 0.21419609 | X4: 0.052823746 | Y4: 0.054516593 | Z4: 0.025888537 | AA4: 0.047860167 | AB4: 0.047860167 | AC4: 0.17870425 | AD4: 0.55138076 | AE4: 0.62498973 | AF4: 0.26980318 | AG4: 0.084827809 | AH4: 0.096152266 | AI4: 0.041508181 | AJ4: 0.016965562 | AK4: 0.019230453 | AL4: 0.0083016362 | AN4: 0.17967389 | AO4: 0.013549975 | AP4: 0.20580615 | AQ4: 0.050754669 | AR4: 0.052381209 | AS4: 0.024874497 | AT4: 0.045985511 | AU4: 0.045985511 | AV4: 0.17170451 | AW4: 0.52978348 | AX4: 0.60050923 | AY4: 0.25923514 | AZ4: 0.081505151 | BA4: 0.092386036 | BB4: 0.039882329 | BC4: 0.01630103 | BD4: 0.018477207 | BE4: 0.0079764658 | BG4: 0.0028125245 | BH4: 0.00021210448 | BI4: 0.0032215857 | BJ4: 0.00079448799 | BK4: 0.00081994902 | BL4: 0.00038937283 | BM4: 0.000719834 | BN4: 0.000719834 | BO4: 0.0026877758 | BP4: 0.0082929635 | BQ4: 0.0094000687 | BR4: 0.0040579361 | BS4: 0.0012758405 | BT4: 0.0014461644 | BU4: 0.00062429787 | BV4: 0.00025516811 | BW4: 0.00028923288 | BX4: 0.00012485957 | BZ4: 0.24646456 | CA4: 0.018586945 | CB4: 0.28231104 | CC4: 0.069621843 | CD4: 0.07185302 | CE4: 0.034121163 | CF4: 0.063079832 | CG4: 0.063079832 | CH4: 0.2355327 | CI4: 0.72672137 | CJ4: 0.82373819 | CK4: 0.35560133 | CL4: 0.11180329 | CM4: 0.12672895 | CN4: 0.054707898 | CO4: 0.022360657 | CP4: 0.025345791 | CQ4: 0.01094158 | CS4: BE | CT4: 4 | CU4: 3.08 | CV4: 3.03 | CY4: BE | CZ4: 438.04545 | DA4: 194.82422 | DB4: 76 | DD4: BE | DE4: 835.73798 | DF4: 1014.6961 | DG4: 1024.4461 | DI4: BE | DJ4: 901.08251 | DK4: 901.31253 | DL4: 959.40449
B5: 5.9504295e-05 | C5: 1.0270272e-05 | D5: 0.00040877975 | E5: 1.7433727e-05 | F5: 3.9713512e-05 | G5: 5.1783347e-06 | H5: 3.0536503e-05 | I5: 1.9952261e-05 | J5: 0.00016268602 | K5: 0.00079199662 | L5: 0.00018602284 | M5: 0.00080987352 | N5: 0.00011972042 | O5: 2.8119732e-05 | P5: 0.00012242274 | Q5: 9.2092631e-06 | R5: 2.1630563e-06 | S5: 9.4171339e-06 | U5: 0.016100228 | V5: 0.0027788535 | W5: 0.11060457 | X5: 0.0047170877 | Y5: 0.010745386 | Z5: 0.0014011152 | AA5: 0.0082623391 | AB5: 0.0053985338 | AC5: 0.044018368 | AD5: 0.21429254 | AE5: 0.050332673 | AF5: 0.21912953 | AG5: 0.032393058 | AH5: 0.0076084273 | AI5: 0.033124232 | AJ5: 0.0024917737 | AK5: 0.00058526364 | AL5: 0.0025480178 | AN5: 0.028942822 | AO5: 0.0049954486 | AP5: 0.19883001 | AQ5: 0.0084797451 | AR5: 0.019316607 | AS5: 0.0025187362 | AT5: 0.01485292 | AU5: 0.009704757 | AV5: 0.079130294 | AW5: 0.38522626 | AX5: 0.090481301 | AY5: 0.39392156 | AZ5: 0.058231877 | BA5: 0.013677406 | BB5: 0.059546283 | BC5: 0.0044793752 | BD5: 0.0010521081 | BE5: 0.0045804833 | BG5: 7.3198895e-05 | BH5: 1.2633921e-05 | BI5: 0.00050285825 | BJ5: 2.1446007e-05 | BK5: 4.8853367e-05 | BL5: 6.3701011e-06 | BM5: 3.7564318e-05 | BN5: 2.4544168e-05 | BO5: 0.00020012734 | BP5: 0.00097427047 | BQ5: 0.00022883502 | BR5: 0.00099626163 | BS5: 0.00014727344 | BT5: 3.459134e-05 | BU5: 0.00015059769 | BV5: 1.1328726e-05 | BW5: 2.6608723e-06 | BX5: 1.1584438e-05 | BZ5: 0.016637804 | CA5: 0.0028716376 | CB5: 0.11429759 | CC5: 0.0048745882 | CD5: 0.011104167 | CE5: 0.0014478975 | CF5: 0.0085382132 | CG5: 0.0055787873 | CH5: 0.045488113 | CI5: 0.22144762 | CJ5: 0.052013248 | CK5: 0.22644612 | CL5: 0.033474641 | CM5: 0.0078624677 | CN5: 0.034230228 | CO5: 0.0025749724 | CP5: 0.00060480521 | CQ5: 0.0026330945 | CS5: BG | CT5: 3 | CU5: 3.5 | CV5: 2.2200843 | CY5: BG | CZ5: 768.88753 | DA5: 357.17773 | DB5: 139.33333 | DD5: BG | DE5: 877.43578 | DF5: 1014.0694 | DG5: 1031.9444 | DI5: BG | DJ5: 981.38632 | DK5: 811.66343 | DL5: 912.70148
B6: 0 | C6: 0 | D6: 0 | E6: 0 | F6: 0 | G6: 0 | H6: 0 | I6: 0 | J6: 0 | K6: 0 | L6: 0 | M6: 0 | N6: 0 | O6: 0 | P6: 0 | Q6: 0 | R6: 0 | S6: 0 | U6: 0.019666932 | V6: 0.0076679455 | W6: 0.054471021 | X6: 0.0034476696 | Y6: 0.024666774 | Z6: 0.0050027406 | AA6: 0.0070852714 | AB6: 0.0059824023 | AC6: 0.068983477 | AD6: 0.11159625 | AE6: 0.077933105 | AF6: 0.10455199 | AG6: 0.02846843 | AH6: 0.019880894 | AI6: 0.026671425 | AJ6: 0.0034162116 | AK6: 0.0023857073 | AL6: 0.003200571 | AN6: 0.042719341 | AO6: 0.016655856 | AP6: 0.11831872 | AQ6: 0.007488823 | AR6: 0.0535797 | AS6: 0.010866656 | AT6: 0.015390206 | AU6: 0.012994619 | AV6: 0.14984181 | AW6: 0.24240274 | AX6: 0.16928166 | AY6: 0.22710161 | AZ6: 0.061837433 | BA6: 0.043184097 | BB6: 0.057934085 | BC6: 0.0074204919 | BD6: 0.0051820916 | BE6: 0.0069520903 | BG6: 0.0011662207 | BH6: 0.00045469811 | BI6: 0.0032300531 | BJ6: 0.00020444184 | BK6: 0.0014627041 | BL6: 0.00029665531 | BM6: 0.00042014638 | BN6: 0.00035474783 | BO6: 0.0040906208 | BP6: 0.0066174966 | BQ6: 0.0046213208 | BR6: 0.0061997822 | BS6: 0.0016881369 | BT6: 0.0011789084 | BU6: 0.0015815771 | BV6: 0.00020257643 | BW6: 0.000141469 | BX6: 0.00018978925 | BZ6: 0.050815473 | CA6: 0.019812459 | CB6: 0.14074238 | CC6: 0.0089080983 | CD6: 0.063734079 | CE6: 0.012926095 | CF6: 0.018306944 | CG6: 0.015457348 | CH6: 0.1782397 | CI6: 0.28834269 | CJ6: 0.20136378 | CK6: 0.27014172 | CL6: 0.07355681 | CM6: 0.05136831 | CN6: 0.068913704 | CO6: 0.0088268172 | CP6: 0.0061641972 | CQ6: 0.0082696444 | CS6: CH | CT6: 4 | CU6: 3.5 | CV6: 2.2200843 | CY6: CH | CZ6: 569 | DA6: 237.50751 | DB6: 237.50751 | DD6: CH | DE6: 1123.925 | DF6: 1195.7947 | DG6: 1197.1967 | DI6: CH | DJ6: 857.24646 | DK6: 959.40187 | DL6: 959.40187
B7: 0 | C7: 0 | D7: 0 | E7: 0 | F7: 0 | G7: 0 | H7: 0 | I7: 0 | J7: 0 | K7: 0 | L7: 0 | M7: 0 | N7: 0 | O7: 0 | P7: 0 | Q7: 0 | R7: 0 | S7: 0 | U7: 0 | V7: 0 | W7: 0 | X7: 0 | Y7: 0 | Z7: 0 | AA7: 0 | AB7: 0 | AC7: 0 | AD7: 0 | AE7: 0 | AF7: 0 | AG7: 0 | AH7: 0 | AI7: 0 | AJ7: 0 | AK7: 0 | AL7: 0 | AN7: 0.20370584 | AO7: 0.057241275 | AP7: 0.00026716477 | AQ7: 0.00074159424 | AR7: 0.0050757988 | AS7: 0.0091617581 | AT7: 0.0049763909 | AU7: 0.0059498756 | AV7: 0.026337439 | AW7: 0.055203322 | AX7: 0.034012259 | AY7: 0.027767197 | AZ7: 0.034502076 | BA7: 0.021257662 | BB7: 0.017354498 | BC7: 0.0069004152 | BD7: 0.0042515324 | BE7: 0.0034708996 | BG7: 0 | BH7: 0 | BI7: 0 | BJ7: 0 | BK7: 0 | BL7: 0 | BM7: 0 | BN7: 0 | BO7: 0 | BP7: 0 | BQ7: 0 | BR7: 0 | BS7: 0 | BT7: 0 | BU7: 0 | BV7: 0 | BW7: 0 | BX7: 0 | BZ7: 0.014421221 | CA7: 0.0040523585 | CB7: 1.8913754e-05 | CC7: 5.2500676e-05 | CD7: 0.00035933784 | CE7: 0.00064860064 | CF7: 0.00035230033 | CG7: 0.00042121753 | CH7: 0.0018645417 | CI7: 0.0039080829 | CJ7: 0.0024078755 | CK7: 0.0019657604 | CL7: 0.0024425518 | CM7: 0.0015049222 | CN7: 0.0012286003 | CO7: 0.00048851036 | CP7: 0.00030098444 | CQ7: 0.00024572005 | CS7: CY | CT7: 1 | CU7: 3 | CV7: 4.6666667 | CY7: CY | CZ7: 801.24242 | DA7: 374.18294 | DB7: 105.37698 | DD7: CY | DE7: 871.81818 | DF7: 735 | DG7: 330 | DI7: CY | DJ7: 1003.4037 | DK7: 716.80086 | DL7: 987.43448
B8: 0.0059650515 | C8: 0.002963343 | D8: 0.0053113077 | E8: 0.00053558253 | F8: 0.0019104735 | G8: 0.00015405028 | H8: 0.00099220053 | I8: 0.00064829439 | J8: 0.0050022075 | K8: 0.021520234 | L8: 0.0058984294 | M8: 0.022618517 | N8: 0.0066216103 | O8: 0.0018149013 | P8: 0.0069595438 | Q8: 0.00041385064 | R8: 0.00011343133 | S8: 0.00043497149 | U8: 0.16219773 | V8: 0.080577258 | W8: 0.14442156 | X8: 0.014563205 | Y8: 0.051948329 | Z8: 0.0041888332 | AA8: 0.026979259 | AB8: 0.017627991 | AC8: 0.13601671 | AD8: 0.58516392 | AE8: 0.16038618 | AF8: 0.61502773 | AG8: 0.18005044 | AH8: 0.049349594 | AI8: 0.1892393 | AJ8: 0.011253152 | AK8: 0.0030843497 | AL8: 0.011827456 | AN8: 0.12031753 | AO8: 0.059771839 | AP8: 0.10713125 | AQ8: 0.010802919 | AR8: 0.038535032 | AS8: 0.0031072572 | AT8: 0.02001309 | AU8: 0.013076363 | AV8: 0.10089657 | AW8: 0.43407191 | AX8: 0.11897373 | AY8: 0.45622474 | AZ8: 0.13356059 | BA8: 0.036607302 | BB8: 0.14037684 | BC8: 0.0083475367 | BD8: 0.0022879564 | BE8: 0.0087735527 | BG8: 0.0062930438 | BH8: 0.0031262843 | BI8: 0.0056033534 | BJ8: 0.00056503188 | BK8: 0.0020155221 | BL8: 0.00016252084 | BM8: 0.0010467573 | BN8: 0.00068394128 | BO8: 0.0052772571 | BP8: 0.022703537 | BQ8: 0.0062227583 | BR8: 0.023862211 | BS8: 0.0069857038 | BT8: 0.0019146949 | BU8: 0.0073422188 | BV8: 0.00043660649 | BW8: 0.00011966843 | BX8: 0.00045888867 | BZ8: 0.11978764 | CA8: 0.059508601 | CB8: 0.10665944 | CC8: 0.010755342 | CD8: 0.038365321 | CE8: 0.0030935727 | CF8: 0.019924952 | CG8: 0.013018774 | CH8: 0.10045222 | CI8: 0.43216023 | CJ8: 0.11844977 | CK8: 0.4542155 | CL8: 0.13297238 | CM8: 0.036446082 | CN8: 0.13975862 | CO8: 0.0083107737 | CP8: 0.0022778801 | CQ8: 0.0087349135 | CS8: CZ | CT8: 3 | CU8: 3.5 | CV8: 2.2200843 | CY8: CZ | CZ8: 876.09091 | DA8: 389.64844 | DB8: 152 | DD8: CZ | DE8: 881.36364 | DF8: 975.5 | DG8: 995 | DI8: CZ | DJ8: 101.92442 | DK8: 57.262812 | DL8: 53.382806
B9: 0 | C9: 0 | D9: 0 | E9: 0 | F9: 0 | G9: 0 | H9: 0 | I9: 0 | J9: 0 | K9: 0 | L9: 0 | M9: 0 | N9: 0 | O9: 0 | P9: 0 | Q9: 0 | R9: 0 | S9: 0 | U9: 1.4700242 | V9: 0.77813102 | W9: 2.5505754 | X9: 0.16422719 | Y9: 0.10927815 | Z9: 0.7260549 | AA9: 0.78522041 | AB9: 0.51305555 | AC9: 1.4155355 | AD9: 4.6696376 | AE9: 2.9719405 | AF9: 5.2219871 | AG9: 1.200764 | AH9: 0.76421328 | AI9: 1.3427967 | AJ9: 0.13341822 | AK9: 0.084912587 | AL9: 0.14919963 | AN9: 3.3097909 | AO9: 1.7519786 | AP9: 5.7426749 | AQ9: 0.36976102 | AR9: 0.24604208 | AS9: 1.6347281 | AT9: 1.7679405 | AU9: 1.1551555 | AV9: 3.1871084 | AW9: 10.513788 | AX9: 6.6913874 | AY9: 11.757415 | AZ9: 2.7035456 | BA9: 1.7206425 | BB9: 3.0233353 | BC9: 0.30039396 | BD9: 0.1911825 | BE9: 0.33592615 | BG9: 0 | BH9: 0 | BI9: 0 | BJ9: 0 | BK9: 0 | BL9: 0 | BM9: 0 | BN9: 0 | BO9: 0 | BP9: 0 | BQ9: 0 | BR9: 0 | BS9: 0 | BT9: 0 | BU9: 0 | BV9: 0 | BW9: 0 | BX9: 0 | BZ9: 1.0076757 | CA9: 0.5333951 | CB9: 1.7483745 | CC9: 0.11257485 | CD9: 0.074908247 | CE9: 0.49769784 | CF9: 0.53825476 | CG9: 0.35169054 | CH9: 0.97032466 | CI9: 3.2009543 | CJ9: 2.0372129 | CK9: 3.5795802 | CL9: 0.82310254 | CM9: 0.52385474 | CN9: 0.92046347 | CO9: 0.091455837 | CP9: 0.058206083 | CQ9: 0.10227372 | CS9: DE | CT9: 4 | CU9: 4.6934375 | CV9: 2.2200843 | CY9: DE | CZ9: 576.30345 | DA9: 474.98516 | DB9: 268.10714 | DD9: DE | DE9: 818.36294 | DF9: 841.85431 | DG9: 1005.4182 | DI9: DE | DJ9: 905.43919 | DK9: 761.25602 | DL9: 893.27463
B10: 0 | C10: 0 | D10: 0 | E10: 0 | F10: 0 | G10: 0 | H10: 0 | I10: 0 | J10: 0 | K10: 0 | L10: 0 | M10: 0 | N10: 0 | O10: 0 | P10: 0 | Q10: 0 | R10: 0 | S10: 0 | U10: 0.025871704 | V10: 0.0019358484 | W10: 0.027647263 | X10: 0.0016749794 | Y10: 0.011983845 | Z10: 0.0024304787 | AA10: 0.0034422335 | AB10: 0.0029064272 | AC10: 0.033514205 | AD10: 0.071473356 | AE10: 0.016120934 | AF10: 0.035825513 | AG10: 0.013401254 | AH10: 0.0030226752 | AI10: 0.0067172836 | AJ10: 0 | AK10: 0 | AL10: 0 | AN10: 0.62379532 | AO10: 0.046675439 | AP10: 0.66660601 | AQ10: 0.040385601 | AR10: 0.28894372 | AS10: 0.058601522 | AT10: 0.082996046 | AU10: 0.070077165 | AV10: 0.80806444 | AW10: 1.7233014 | AX10: 0.3886935 | AY10: 0.86379262 | AZ10: 0.32311902 | BA10: 0.072880032 | BB10: 0.16196112 | BC10: 0 | BD10: 0 | BE10: 0 | BG10: 0 | BH10: 0 | BI10: 0 | BJ10: 0 | BK10: 0 | BL10: 0 | BM10: 0 | BN10: 0 | BO10: 0 | BP10: 0 | BQ10: 0 | BR10: 0 | BS10: 0 | BT10: 0 | BU10: 0 | BV10: 0 | BW10: 0 | BX10: 0 | BZ10: 0.17027508 | CA10: 0.012740821 | CB10: 0.18196096 | CC10: 0.011023907 | CD10: 0.07887189 | CE10: 0.015996239 | CF10: 0.022655121 | CG10: 0.019128702 | CH10: 0.22057434 | CI10: 0.47040317 | CJ10: 0.10610022 | CK10: 0.23578625 | CL10: 0.088200594 | CM10: 0.019893791 | CN10: 0.044209922 | CO10: 0 | CP10: 0 | CQ10: 0 | CS10: DK | CT10: 5 | CU10: 4.6934375 | CV10: 2.2200843 | CY10: DK | CZ10: 876.09091 | DA10: 389.64844 | DB10: 152 | DD10: DK | DE10: 881.36364 | DF10: 975.5 | DG10: 995 | DI10: DK | DJ10: 1012.0527 | DK10: 754.69344 | DL10: 864.91676
B11: 0 | C11: 0 | D11: 0 | E11: 0 | F11: 0 | G11: 0 | H11: 0 | I11: 0 | J11: 0 | K11: 0 | L11: 0 | M11: 0 | N11: 0 | O11: 0 | P11: 0 | Q11: 0 | R11: 0 | S11: 0 | U11: 0.0094266042 | V11: 0.00057190685 | W11: 0.023507006 | X11: 0.0016669874 | Y11: 0.015275554 | Z11: 0.0017723361 | AA11: 0.0034624718 | AB11: 0.0029235153 | AC11: 0.012127488 | AD11: 0.017453924 | AE11: 0.0029829032 | AF11: 0.03411637 | AG11: 0.0033938185 | AH11: 0.00058000896 | AI11: 0.0066337387 | AJ11: 0.00048483122 | AK11: 8.2858422e-05 | AL11: 0.00094767695 | AN11: 0.076956448 | AO11: 0.0046689051 | AP11: 0.19190534 | AQ11: 0.01360887 | AR11: 0.12470581 | AS11: 0.01446891 | AT11: 0.028266757 | AU11: 0.02386685 | AV11: 0.099005793 | AW11: 0.14248949 | AX11: 0.024351678 | AY11: 0.27851755 | AZ11: 0.027706289 | BA11: 0.0047350486 | BB11: 0.054156189 | BC11: 0.0039580413 | BD11: 0.00067643551 | BE11: 0.0077365985 | BG11: 0.00058929139 | BH11: 3.5751982e-05 | BI11: 0.0014695087 | BJ11: 0.00010420946 | BK11: 0.00095493055 | BL11: 0.00011079519 | BM11: 0.00021645173 | BN11: 0.0001827596 | BO11: 0.0007581335 | BP11: 0.0010911084 | BQ11: 0.00018647215 | BR11: 0.0021327387 | BS11: 0.00021215997 | BT11: 3.6258474e-05 | BU11: 0.00041469919 | BV11: 3.0308567e-05 | BW11: 5.179782e-06 | BX11: 5.9242741e-05 | BZ11: 0.015523403 | CA11: 0.00094179628 | CB11: 0.038710519 | CC11: 0.0027451368 | CD11: 0.02515525 | CE11: 0.0029186213 | CF11: 0.0057018779 | CG11: 0.0048143431 | CH11: 0.019971125 | CI11: 0.028742514 | CJ11: 0.0049121411 | CK11: 0.05618165 | CL11: 0.0055888221 | CM11: 0.00095513854 | CN11: 0.01092421 | CO11: 0.00079840316 | CP11: 0.00013644836 | CQ11: 0.0015606014 | CS11: EE | CT11: 5 | CU11: 4.6934375 | CV11: 2.2200843 | CY11: EE | CZ11: 602.95062 | DA11: 302.56076 | DB11: 152 | DD11: EE | DE11: 1090 | DF11: 1095.5556 | DG11: 995 | DI11: EE | DJ11: 1160.6495 | DK11: 683.22139 | DL11: 864.91676
B12: 0 | C12: 0 | D12: 0 | E12: 0 | F12: 0 | G12: 0 | H12: 0 | I12: 0 | J12: 0 | K12: 0 | L12: 0 | M12: 0 | N12: 0 | O12: 0 | P12: 0 | Q12: 0 | R12: 0 | S12: 0 | U12: 0.012633372 | V12: 0.0056247332 | W12: 0.0033322454 | X12: 0.00015324483 | Y12: 0.0010754503 | Z12: 0.0020372962 | AA12: 0.0010110046 | AB12: 0.001208778 | AC12: 0.0054586433 | AD12: 0.026311049 | AE12: 0.0066468677 | AF12: 0.038677648 | AG12: 0.012583545 | AH12: 0.0031789367 | AI12: 0.018498006 | AJ12: 0.0022879173 | AK12: 0.00057798849 | AL12: 0.0033632738 | AN12: 0 | AO12: 0 | AP12: 0 | AQ12: 0 | AR12: 0 | AS12: 0 | AT12: 0 | AU12: 0 | AV12: 0 | AW12: 0 | AX12: 0 | AY12: 0 | AZ12: 0 | BA12: 0 | BB12: 0 | BC12: 0 | BD12: 0 | BE12: 0 | BG12: 0 | BH12: 0 | BI12: 0 | BJ12: 0 | BK12: 0 | BL12: 0 | BM12: 0 | BN12: 0 | BO12: 0 | BP12: 0 | BQ12: 0 | BR12: 0 | BS12: 0 | BT12: 0 | BU12: 0 | BV12: 0 | BW12: 0 | BX12: 0 | BZ12: 0.1869622 | CA12: 0.083240841 | CB12: 0.049314145 | CC12: 0.0022678815 | CD12: 0.015915668 | CE12: 0.030150096 | CF12: 0.014961932 | CG12: 0.017888794 | CH12: 0.080782864 | CI12: 0.38937916 | CJ12: 0.098367484 | CK12: 0.57239337 | CL12: 0.18622481 | CM12: 0.047045319 | CN12: 0.27375335 | CO12: 0.033859057 | CP12: 0.0085536943 | CQ12: 0.049773336 | CS12: EL | CT12: 1 | CU12: 4.6934375 | CV12: 2.2200843 | CY12: EL | CZ12: 725.12121 | DA12: 443.34147 | DB12: 308.93849 | DD12: EL | DE12: 1440.9091 | DF12: 1372.5 | DG12: 1170 | DI12: EL | DJ12: 1739.2018 | DK12: 1218.6504 | DL12: 1353.9672
B13: 0 | C13: 0 | D13: 0 | E13: 0 | F13: 0 | G13: 0 | H13: 0 | I13: 0 | J13: 0 | K13: 0 | L13: 0 | M13: 0 | N13: 0 | O13: 0 | P13: 0 | Q13: 0 | R13: 0 | S13: 0 | U13: 0.28944157 | V13: 0.044110534 | W13: 1.107914 | X13: 0.041272545 | Y13: 0.16849491 | Z13: 0.078442959 | AA13: 0.077746543 | AB13: 0.092955369 | AC13: 0.29913065 | AD13: 0.56758584 | AE13: 0.89268778 | AF13: 2.6986949 | AG13: 0.45947425 | AH13: 0.72265201 | AI13: 2.1846578 | AJ13: 0.081083691 | AK13: 0.12752683 | AL13: 0.38552784 | AN13: 0.58052819 | AO13: 0.088471774 | AP13: 2.2221249 | AQ13: 0.082779665 | AR13: 0.33794746 | AS13: 0.15733175 | AT13: 0.15593496 | AU13: 0.18643906 | AV13: 0.59996144 | AW13: 1.1383976 | AX13: 1.7904492 | AY13: 5.412728 | AZ13: 0.92155995 | BA13: 1.4494113 | BB13: 4.3817322 | BC13: 0.16262823 | BD13: 0.25577846 | BE13: 0.77324686 | BG13: 0.040296255 | BH13: 0.0061410991 | BI13: 0.15424455 | BJ13: 0.0057459922 | BK13: 0.023457977 | BL13: 0.010920883 | BM13: 0.010823927 | BN13: 0.012941311 | BO13: 0.041645176 | BP13: 0.079019692 | BQ13: 0.12428061 | BR13: 0.37571417 | BS13: 0.063968322 | BT13: 0.10060811 | BU13: 0.30414957 | BV13: 0.011288527 | BW13: 0.017754373 | BX13: 0.053673453 | BZ13: 0.42146489 | CA13: 0.064230724 | CB13: 1.6132681 | CC13: 0.060098239 | CD13: 0.24535068 | CE13: 0.11422324 | CF13: 0.11320916 | CG13: 0.13535521 | CH13: 0.43557347 | CI13: 0.82647943 | CJ13: 1.2998705 | CK13: 3.9296538 | CL13: 0.66905477 | CM13: 1.0522761 | CN13: 3.1811483 | CO13: 0.11806849 | CP13: 0.18569579 | CQ13: 0.56137911 | CS13: ES | CT13: 2 | CU13: 3.5 | CV13: 2.2200843 | CY13: ES | CZ13: 801.24242 | DA13: 374.18294 | DB13: 105.37698 | DD13: ES | DE13: 871.81818 | DF13: 735 | DG13: 330 | DI13: ES | DJ13: 1003.4037 | DK13: 716.80086 | DL13: 987.43448
B14: 0 | C14: 0 | D14: 0 | E14: 0 | F14: 0 | G14: 0 | H14: 0 | I14: 0 | J14: 0 | K14: 0 | L14: 0 | M14: 0 | N14: 0 | O14: 0 | P14: 0 | Q14: 0 | R14: 0 | S14: 0 | U14: 0 | V14: 0 | W14: 0 | X14: 0 | Y14: 0 | Z14: 0 | AA14: 0 | AB14: 0 | AC14: 0 | AD14: 0 | AE14: 0 | AF14: 0 | AG14: 0 | AH14: 0 | AI14: 0 | AJ14: 0 | AK14: 0 | AL14: 0 | AN14: 0.92098256 | AO14: 0.13693132 | AP14: 2.8198835 | AQ14: 0.40115377 | AR14: 1.3860896 | AS14: 0.28498771 | AT14: 0.91620012 | AU14: 0.77358754 | AV14: 1.337814 | AW14: 2.9860088 | AX14: 1.2080247 | AY14: 1.9300752 | AZ14: 0.27993832 | BA14: 0.11325232 | BB14: 0.18094455 | BC14: 0 | BD14: 0 | BE14: 0 | BG14: 0 | BH14: 0 | BI14: 0 | BJ14: 0 | BK14: 0 | BL14: 0 | BM14: 0 | BN14: 0 | BO14: 0 | BP14: 0 | BQ14: 0 | BR14: 0 | BS14: 0 | BT14: 0 | BU14: 0 | BV14: 0 | BW14: 0 | BX14: 0 | BZ14: 0.10955997 | CA14: 0.016289333 | CB14: 0.33545298 | CC14: 0.047721202 | CD14: 0.16488904 | CE14: 0.033902103 | CF14: 0.10899105 | CG14: 0.092025876 | CH14: 0.15914619 | CI14: 0.35521523 | CJ14: 0.14370647 | CK14: 0.22960151 | CL14: 0.033301428 | CM14: 0.013472481 | CN14: 0.021525141 | CO14: 0 | CP14: 0 | CQ14: 0 | CS14: FI | CT14: 5 | CU14: 4.6934375 | CV14: 2.2200843 | CY14: FI | CZ14: 602.95062 | DA14: 302.56076 | DB14: 152 | DD14: FI | DE14: 1090 | DF14: 1095.5556 | DG14: 995 | DI14: FI | DJ14: 1160.6495 | DK14: 683.22139 | DL14: 864.91676
... B33: 0.00062809946 | C33: 0.00081963307 | D33: 0.063687878 | E33: 0.0013873102 | F33: 0.0081150014 | G33: 0.004018537 | H33: 0.011791055 | I33: 0.004872765 | J33: 0.013703772 | K33: 0.017687294 | L33: 0.036184298 | M33: 0.093259154 | N33: 0.0072059347 | O33: 0.014741751 | P33: 0.03799447 | Q33: 0.00065508497 | R33: 0.0013401592 | S33: 0.0034540427 | U33: 0.032670986 | V33: 0.042633726 | W33: 3.3127648 | X33: 0.072161806 | Y33: 0.42210687 | Z33: 0.20902671 | AA33: 0.61331912 | AB33: 0.25345992 | AC33: 0.71281028 | AD33: 0.92001566 | AE33: 1.8821489 | AF33: 4.8509332 | AG33: 0.3748212 | AH33: 0.76680138 | AI33: 1.9763061 | AJ33: 0.034074654 | AK33: 0.069709217 | AL33: 0.17966419 | AN33: 0.018599562 | AO33: 0.024271341 | AP33: 1.8859539 | AQ33: 0.041081649 | AR33: 0.24030505 | AS33: 0.11899871 | AT33: 0.349162 | AU33: 0.14429449 | AV33: 0.40580222 | AW33: 0.52376406 | AX33: 1.0715056 | AY33: 2.7616317 | AZ33: 0.21338536 | BA33: 0.43653931 | BB33: 1.1251092 | BC33: 0.019398669 | BD33: 0.039685392 | BE33: 0.10228266 | BG33: 0 | BH33: 0 | BI33: 0 | BJ33: 0 | BK33: 0 | BL33: 0 | BM33: 0 | BN33: 0 | BO33: 0 | BP33: 0 | BQ33: 0 | BR33: 0 | BS33: 0 | BT33: 0 | BU33: 0 | BV33: 0 | BW33: 0 | BX33: 0 | BZ33: 0.0097306346 | CA33: 0.012697909 | CB33: 0.98666454 | CC33: 0.021492469 | CD33: 0.12571912 | CE33: 0.062255929 | CF33: 0.18266924 | CG33: 0.075489789 | CH33: 0.21230141 | CI33: 0.27401488 | CJ33: 0.56057392 | CK33: 1.4447883 | CL33: 0.11163569 | CM33: 0.22838197 | CN33: 0.58861746 | CO33: 0.010148699 | CP33: 0.020761997 | CQ33: 0.053510678 | CS33: UK | CT33: 4 | CU33: 3.5 | CV33: 2.2200843 | CY33: UK | CZ33: 438.04545 | DA33: 281.65755 | DB33: 162.83333 | DD33: UK | DE33: 1440.6818 | DF33: 1487.75 | DG33: 1497.5 | DI33: UK | DJ33: 733.02015 | DK33: 624.68005 | DL33: 679.79171
A34: Total | B34: =SUM(B3:B33) -> 0.03584739 | C34: =SUM(C3:C33) -> 0.0060131236 | D34: =SUM(D3:D33) -> 0.10360576 | E34: =SUM(E3:E33) -> 0.0070969661 | F34: =SUM(F3:F33) -> 0.018599523 | G34: =SUM(G3:G33) -> 0.013953385 | H34: =SUM(H3:H33) -> 0.022067569 | I34: =SUM(I3:I33) -> 0.011933447 | ... S34: =SUM(S3:S33) -> 0.0049230761 | U34: =SUM(U3:U33) -> 4.5295118 | V34: =SUM(V3:V33) -> 1.2710585 | W34: =SUM(W3:W33) -> 10.297182 | X34: =SUM(X3:X33) -> 0.75836505 | Y34: =SUM(Y3:Y33) -> 1.5313631 | Z34: =SUM(Z3:Z33) -> 1.5466541 | AA34: =SUM(AA3:AA33) -> 2.143836 | AB34: =SUM(AB3:AB33) -> 1.4710667 | ... AL34: =SUM(AL3:AL33) -> 1.3543461 | AN34: =SUM(AN3:AN33) -> 18.79409 | AO34: =SUM(AO3:AO33) -> 3.5183957 | AP34: =SUM(AP3:AP33) -> 26.647552 | AQ34: =SUM(AQ3:AQ33) -> 2.9680565 | AR34: =SUM(AR3:AR33) -> 6.6280459 | AS34: =SUM(AS3:AS33) -> 4.4090969 | AT34: =SUM(AT3:AT33) -> 5.6024426 | AU34: =SUM(AU3:AU33) -> 4.3988961 | ... BE34: =SUM(BE3:BE33) -> 1.9022059 | BG34: =SUM(BG3:BG33) -> 0.84426192 | BH34: =SUM(BH3:BH33) -> 0.034904097 | BI34: =SUM(BI3:BI33) -> 0.98106086 | BJ34: =SUM(BJ3:BJ33) -> 0.094373521 | BK34: =SUM(BK3:BK33) -> 0.17240988 | BL34: =SUM(BL3:BL33) -> 0.075967682 | BM34: =SUM(BM3:BM33) -> 0.070973477 | BN34: =SUM(BN3:BN33) -> 0.062552087 | ... BX34: =SUM(BX3:BX33) -> 0.070177496 | BZ34: =SUM(BZ3:BZ33) -> 6.7939721 | CA34: =SUM(CA3:CA33) -> 1.3107682 | CB34: =SUM(CB3:CB33) -> 10.998707 | CC34: =SUM(CC3:CC33) -> 1.1432255 | CD34: =SUM(CD3:CD33) -> 2.2650179 | CE34: =SUM(CE3:CE33) -> 1.541465 | CF34: =SUM(CF3:CF33) -> 1.9798242 | CG34: =SUM(CG3:CG33) -> 1.5808755 | ... CQ34: =SUM(CQ3:CQ33) -> 1.270779 | CT34: =SUM(CT3:CT33) -> 106 | CU34: =SUM(CU3:CU33) -> 121.30996 | CV34: =SUM(CV3:CV33) -> 74.525695 | CZ34: =SUM(CZ3:CZ33) -> 20537.056 | DA34: =SUM(DA3:DA33) -> 10538.535 | DB34: =SUM(DB3:DB33) -> 4959.9965 | DE34: =SUM(DE3:DE33) -> 29647.006 | DF34: =SUM(DF3:DF33) -> 31013.477 | DG34: =SUM(DG3:DG33) -> 28537.62 | DJ34: =SUM(DJ3:DJ33) -> 28987.676 | DK34: =SUM(DK3:DK33) -> 23834.35 | DL34: =SUM(DL3:DL33) -> 27798.389

Sheet Energy intensity non residentia
A1: Country | C1: NRB - Material intensity of hospital building (kg/m2) | G1: NRB - Material intensity of sport & recreation building (kg/m2) | K1: NRB - Material intensity of hotel & restaurant building (kg/m2) | O1: NRB - Material intensity of shopping mall building (kg/m2) | S1: NRB - Material intensity of small shop building (kg/m2) | W1: NRB - Material intensity of office building (kg/m2)
C2: ICM | D2: IIS | E2: IGF | F2: IBR | G2: ICM | H2: IIS | I2: IGF | J2: IBR | K2: ICM | L2: IIS | M2: IGF | N2: IBR | O2: ICM | P2: IIS | Q2: IGF | R2: IBR | S2: ICM | T2: IIS | U2: IGF | V2: IBR | W2: ICM | X2: IIS | Y2: IGF | Z2: IBR
A3: EU27 | B3: EU - 27 countries (from 2020) | C3: 161.29 | D3: 79.81 | E3: 6.4 | F3: 34.08 | G3: 108.81 | H3: 90.74 | I3: 2.21 | J3: 256.61 | K3: 135.62 | L3: 64.37 | M3: 4.06 | N3: 188.72 | O3: 144.03 | P3: 67.92 | Q3: 1.73 | R3: 68.27 | S3: 126.19 | T3: 94.43 | U3: 1.13 | V3: 107.47 | W3: 127.65 | X3: 41.72 | Y3: 6.24 | Z3: 164.59
A4: BE | B4: Belgium | C4: 161.29 | D4: 79.81 | E4: 6.4 | F4: 34.08 | G4: 108.81 | H4: 90.74 | I4: 2.21 | J4: 256.61 | K4: 135.62 | L4: 64.37 | M4: 4.06 | N4: 188.72 | O4: 144.03 | P4: 67.92 | Q4: 1.73 | R4: 68.27 | S4: 126.19 | T4: 94.43 | U4: 1.13 | V4: 107.47 | W4: 127.65 | X4: 41.72 | Y4: 6.24 | Z4: 164.59
