Workbook
Name FID_1: [1]AGR_Fuels!$A$2

Sheet Fill Data
B2: ~TFM_Fill-R: w=RdTRABYVals; Hcol=Region
B3: TimeSlice | C3: LimType | D3: Attribute | E3: Year | F3: AllRegions | G3: Pset_CI | H3: Pset_PN | I3: Pset_CO | J3: Cset_CN
D4: ACTFLO | F4: 1 | G4: TRA* | I4: TBus,TCar,THDT,TLCV,TMop,TMot
D5: AF | F5: 1 | G5: TRA* | I5: TBus,TCar,THDT,TLCV,TMop,TMot
D6: EFF | F6: 1 | G6: TRA* | I6: TBus,TCar,THDT,TLCV,TMop,Tmot,TRai_Frt,TRai_Pas_Conv,TRai_Pas_Hspd,TRai_Pas_Metro
D7: CAP2ACT | F7: 1 | G7: TRA* | I7: TBus,TCar,THDT,TLCV,TMop,TMot

Sheet RdTRABYVals
A1: scenario | B1: attribute | C1: process | D1: commodity | E1: lim_type | F1: time_slice | G1: year | H1: commodity_group | I1: currency | J1: stage | K1: sow | L1: AL | M1: AT | N1: BA | O1: BE | P1: BG | Q1: CH | R1: CY | S1: CZ | T1: DE | U1: DK | V1: EE | W1: EL | X1: ES | Y1: FI | Z1: FR | AA1: HR | AB1: HU | AC1: IE | AD1: IS | AE1: IT | AF1: KS | AG1: LT | AH1: LU | AI1: LV | AJ1: ME | AK1: MK | AL1: MT | AM1: NL | AN1: NO | AO1: PL | AP1: PT | AQ1: RO | AR1: RS | AS1: SE | AT1: SI | AU1: SK | AV1: UK | AW1: year2
A2: BASE | B2: ACTFLO | C2: TRA_Bus_Cng_Coa | D2: DEMO | E2: - | F2: - | G2: 2010 | H2: commodity_group | I2: - | J2: - | K2: - | N2: 8.8645163 | Q2: 22.708029 | T2: 20.808901 | AA2: 8.8645163 | AE2: 18 | AF2: 8.8645163 | AM2: 32.854839 | AR2: 8.8645163 | AS2: 9.5039015 | AW2: -
A3: BASE | B3: ACTFLO | C3: TRA_Bus_Cng_Urb | D3: DEMO | E3: - | F3: - | G3: 2010 | H3: commodity_group | I3: - | J3: - | K3: - | N3: 8.8645163 | Q3: 22.708029 | T3: 20.808901 | AA3: 8.8645163 | AE3: 18 | AF3: 8.8645163 | AM3: 32.854839 | AR3: 8.8645163 | AS3: 9.5039015 | AW3: -
A4: BASE | B4: ACTFLO | C4: TRA_Bus_Dis_Coa | D4: DEMO | E4: - | F4: - | G4: 2010 | H4: commodity_group | I4: - | J4: - | K4: - | L4: 27.25 | M4: 18.844231 | N4: 8.8645163 | O4: 32.854839 | P4: 19.464134 | Q4: 22.708029 | R4: 9.6167755 | S4: 24.425665 | T4: 20.808901 | U4: 12 | V4: 11.532486 | W4: 27.25 | X4: 24.299999 | Y4: 13 | Z4: 17.698154 | AA4: 8.8645163 | AB4: 30 | AC4: 27.25 | AD4: 9.6172838 | AE4: 18 | AF4: 8.8645163 | AG4: 31.747139 | AH4: 32.854839 | AI4: 12 | AJ4: 27.25 | AK4: 35.676472 | AL4: 32.854839 | AM4: 32.854839 | AN4: 12.944118 | AO4: 9.9356022 | AP4: 27.800829 | AQ4: 19.464134 | AR4: 8.8645163 | AS4: 9.5039015 | AT4: 21.951725 | AU4: 17.130739 | AV4: 17 | AW4: -
A5: BASE | B5: ACTFLO | C5: TRA_Bus_Dis_Urb | D5: DEMO | E5: - | F5: - | G5: 2010 | H5: commodity_group | I5: - | J5: - | K5: - | L5: 27.25 | M5: 18.844231 | N5: 8.8645163 | O5: 32.854839 | P5: 19.464134 | Q5: 22.708029 | R5: 9.6167755 | S5: 24.425665 | T5: 20.808901 | U5: 12 | V5: 11.532486 | W5: 27.25 | X5: 24.299999 | Y5: 13 | Z5: 17.698154 | AA5: 8.8645163 | AB5: 30 | AC5: 27.25 | AD5: 9.6172838 | AE5: 18 | AF5: 8.8645163 | AG5: 31.747139 | AH5: 32.854839 | AI5: 12 | AJ5: 27.25 | AK5: 35.676472 | AL5: 32.854839 | AM5: 32.854839 | AN5: 12.944118 | AO5: 9.9356022 | AP5: 27.800829 | AQ5: 19.464134 | AR5: 8.8645163 | AS5: 9.5039015 | AT5: 21.951725 | AU5: 17.130739 | AV5: 17 | AW5: -
A6: BASE | B6: ACTFLO | C6: TRA_Bus_Gas_Coa | D6: DEMO | E6: - | F6: - | G6: 2010 | H6: commodity_group | I6: - | J6: - | K6: - | S6: 24.425665 | U6: 12 | AD6: 9.6172838 | AK6: 35.676472 | AM6: 32.854839 | AO6: 9.9356022 | AP6: 27.800829 | AV6: 17 | AW6: -
A7: BASE | B7: ACTFLO | C7: TRA_Bus_Gas_Urb | D7: DEMO | E7: - | F7: - | G7: 2010 | H7: commodity_group | I7: - | J7: - | K7: - | S7: 24.425665 | U7: 12 | AD7: 9.6172838 | AK7: 35.676472 | AM7: 32.854839 | AO7: 9.9356022 | AP7: 27.800829 | AV7: 17 | AW7: -
A8: BASE | B8: ACTFLO | C8: TRA_Bus_Lpg_Coa | D8: DEMO | E8: - | F8: - | G8: 2010 | H8: commodity_group | I8: - | J8: - | K8: - | AI8: 12 | AK8: 35.676472 | AM8: 32.854839 | AO8: 9.9356022 | AP8: 27.800829 | AV8: 17 | AW8: -
A9: BASE | B9: ACTFLO | C9: TRA_Bus_Lpg_Urb | D9: DEMO | E9: - | F9: - | G9: 2010 | H9: commodity_group | I9: - | J9: - | K9: - | AI9: 12 | AK9: 35.676472 | AM9: 32.854839 | AO9: 9.9356022 | AP9: 27.800829 | AV9: 17 | AW9: -
A10: BASE | B10: ACTFLO | C10: TRA_Car_Cng_Exe | D10: DEMO | E10: - | F10: - | G10: 2010 | H10: commodity_group | I10: - | J10: - | K10: - | Q10: 1.6065165 | T10: 1.4904687 | AE10: 1.71 | AM10: 1.33 | AS10: 1.4534742 | AV10: 1.5599999 | AW10: -
A11: BASE | B11: ACTFLO | C11: TRA_Car_Cng_Lom | D11: DEMO | E11: - | F11: - | G11: 2010 | H11: commodity_group | I11: - | J11: - | K11: - | Q11: 1.6065165 | T11: 1.4904687 | AE11: 1.71 | AM11: 1.33 | AS11: 1.4534742 | AV11: 1.5599999 | AW11: -
A12: BASE | B12: ACTFLO | C12: TRA_Car_Cng_Sma | D12: DEMO | E12: - | F12: - | G12: 2010 | H12: commodity_group | I12: - | J12: - | K12: - | Q12: 1.6065165 | T12: 1.4904687 | AE12: 1.71 | AM12: 1.33 | AS12: 1.4534742 | AV12: 1.5599999 | AW12: -
A13: BASE | B13: ACTFLO | C13: TRA_Car_Cng_Upm | D13: DEMO | E13: - | F13: - | G13: 2010 | H13: commodity_group | I13: - | J13: - | K13: - | Q13: 1.6065165 | T13: 1.4904687 | AE13: 1.71 | AM13: 1.33 | AS13: 1.4534742 | AV13: 1.5599999 | AW13: -
A14: BASE | B14: ACTFLO | C14: TRA_Car_Dis_Exe | D14: DEMO | E14: - | F14: - | G14: 2010 | H14: commodity_group | I14: - | J14: - | K14: - | L14: 1.4975108 | M14: 1.1799999 | N14: 1.3824637 | O14: 1.5102819 | P14: 1.5599999 | Q14: 1.6065165 | R14: 1.4644458 | S14: 1.38 | T14: 1.4904687 | U14: 1.5599999 | V14: 1.45 | W14: 1.4975108 | X14: 1.74 | Y14: 1.4000432 | Z14: 1.8285844 | AA14: 1.3824637 | AB14: 1.84 | AC14: 1.4975108 | AD14: 2.0627906 | AE14: 1.71 | AF14: 1.3824637 | AG14: 1.9999866 | AH14: 1.5102819 | AI14: 1.4330004 | AJ14: 1.4975108 | AK14: 1.5599999 | AL14: 1.5102819 | AM14: 1.33 | AN14: 1.7 | AO14: 1.9665447 | AP14: 1.4975108 | AQ14: 1.9828243 | AR14: 1.3824637 | AS14: 1.4534742 | AT14: 1.6398644 | AU14: 1.95 | AV14: 1.5599999 | AW14: -
A15: BASE | B15: ACTFLO | C15: TRA_Car_Dis_Lom | D15: DEMO | E15: - | F15: - | G15: 2010 | H15: commodity_group | I15: - | J15: - | K15: - | L15: 1.4975108 | M15: 1.1799999 | N15: 1.3824637 | O15: 1.5102819 | P15: 1.5599999 | Q15: 1.6065165 | R15: 1.4644458 | S15: 1.38 | T15: 1.4904687 | U15: 1.5599999 | V15: 1.45 | W15: 1.4975108 | X15: 1.74 | Y15: 1.4000432 | Z15: 1.8285844 | AA15: 1.3824637 | AB15: 1.84 | AC15: 1.4975108 | AD15: 2.0627906 | AE15: 1.71 | AF15: 1.3824637 | AG15: 1.9999866 | AH15: 1.5102819 | AI15: 1.4330004 | AJ15: 1.4975108 | AK15: 1.5599999 | AL15: 1.5102819 | AM15: 1.33 | AN15: 1.7 | AO15: 1.9665447 | AP15: 1.4975108 | AQ15: 1.9828243 | AR15: 1.3824637 | AS15: 1.4534742 | AT15: 1.6398644 | AU15: 1.95 | AV15: 1.5599999 | AW15: -
A16: BASE | B16: ACTFLO | C16: TRA_Car_Dis_Sma | D16: DEMO | E16: - | F16: - | G16: 2010 | H16: commodity_group | I16: - | J16: - | K16: - | L16: 1.4975108 | M16: 1.1799999 | N16: 1.3824637 | O16: 1.5102819 | P16: 1.5599999 | Q16: 1.6065165 | R16: 1.4644458 | S16: 1.38 | T16: 1.4904687 | U16: 1.5599999 | V16: 1.45 | W16: 1.4975108 | X16: 1.74 | Y16: 1.4000432 | Z16: 1.8285844 | AA16: 1.3824637 | AB16: 1.84 | AC16: 1.4975108 | AD16: 2.0627906 | AE16: 1.71 | AF16: 1.3824637 | AG16: 1.9999866 | AH16: 1.5102819 | AI16: 1.4330004 | AJ16: 1.4975108 | AK16: 1.5599999 | AL16: 1.5102819 | AM16: 1.33 | AN16: 1.7 | AO16: 1.9665447 | AP16: 1.4975108 | AQ16: 1.9828243 | AR16: 1.3824637 | AS16: 1.4534742 | AT16: 1.6398644 | AU16: 1.95 | AV16: 1.5599999 | AW16: -
A17: BASE | B17: ACTFLO | C17: TRA_Car_Dis_Upm | D17: DEMO | E17: - | F17: - | G17: 2010 | H17: commodity_group | I17: - | J17: - | K17: - | L17: 1.4975108 | M17: 1.1799999 | N17: 1.3824637 | O17: 1.5102819 | P17: 1.5599999 | Q17: 1.6065165 | R17: 1.4644458 | S17: 1.38 | T17: 1.4904687 | U17: 1.5599999 | V17: 1.45 | W17: 1.4975108 | X17: 1.74 | Y17: 1.4000432 | Z17: 1.8285844 | AA17: 1.3824637 | AB17: 1.84 | AC17: 1.4975108 | AD17: 2.0627906 | AE17: 1.71 | AF17: 1.3824637 | AG17: 1.9999866 | AH17: 1.5102819 | AI17: 1.4330004 | AJ17: 1.4975108 | AK17: 1.5599999 | AL17: 1.5102819 | AM17: 1.33 | AN17: 1.7 | AO17: 1.9665447 | AP17: 1.4975108 | AQ17: 1.9828243 | AR17: 1.3824637 | AS17: 1.4534742 | AT17: 1.6398644 | AU17: 1.95 | AV17: 1.5599999 | AW17: -
A18: BASE | B18: ACTFLO | C18: TRA_Car_Fle_Fue_Exe | D18: DEMO | E18: - | F18: - | G18: 2010 | H18: commodity_group | I18: - | J18: - | K18: - | Q18: 1.6065165 | AS18: 1.4534742 | AW18: -
A19: BASE | B19: ACTFLO | C19: TRA_Car_Fle_Fue_Lom | D19: DEMO | E19: - | F19: - | G19: 2010 | H19: commodity_group | I19: - | J19: - | K19: - | Q19: 1.6065165 | AS19: 1.4534742 | AW19: -
A20: BASE | B20: ACTFLO | C20: TRA_Car_Fle_Fue_Sma | D20: DEMO | E20: - | F20: - | G20: 2010 | H20: commodity_group | I20: - | J20: - | K20: - | Q20: 1.6065165 | AS20: 1.4534742 | AW20: -
A21: BASE | B21: ACTFLO | C21: TRA_Car_Fle_Fue_Upm | D21: DEMO | E21: - | F21: - | G21: 2010 | H21: commodity_group | I21: - | J21: - | K21: - | Q21: 1.6065165 | AS21: 1.4534742 | AW21: -
A22: BASE | B22: ACTFLO | C22: TRA_Car_Gas_Exe | D22: DEMO | E22: - | F22: - | G22: 2010 | H22: commodity_group | I22: - | J22: - | K22: - | L22: 1.4975108 | M22: 1.1799999 | N22: 1.3824637 | O22: 1.5102819 | P22: 1.5599999 | Q22: 1.6065165 | R22: 1.4644458 | S22: 1.38 | T22: 1.4904687 | U22: 1.5599999 | V22: 1.45 | W22: 1.4975108 | X22: 1.74 | Y22: 1.4000432 | Z22: 1.8285844 | AA22: 1.3824637 | AB22: 1.84 | AC22: 1.4975108 | AD22: 2.0627906 | AE22: 1.71 | AF22: 1.3824637 | AG22: 1.9999866 | AH22: 1.5102819 | AI22: 1.4330004 | AJ22: 1.4975108 | AK22: 1.5599999 | AL22: 1.5102819 | AM22: 1.33 | AN22: 1.7 | AO22: 1.9665447 | AP22: 1.4975108 | AQ22: 1.9828243 | AR22: 1.3824637 | AS22: 1.4534742 | AT22: 1.6398644 | AU22: 1.95 | AV22: 1.5599999 | AW22: -
A23: BASE | B23: ACTFLO | C23: TRA_Car_Gas_Lom | D23: DEMO | E23: - | F23: - | G23: 2010 | H23: commodity_group | I23: - | J23: - | K23: - | L23: 1.4975108 | M23: 1.1799999 | N23: 1.3824637 | O23: 1.5102819 | P23: 1.5599999 | Q23: 1.6065165 | R23: 1.4644458 | S23: 1.38 | T23: 1.4904687 | U23: 1.5599999 | V23: 1.45 | W23: 1.4975108 | X23: 1.74 | Y23: 1.4000432 | Z23: 1.8285844 | AA23: 1.3824637 | AB23: 1.84 | AC23: 1.4975108 | AD23: 2.0627906 | AE23: 1.71 | AF23: 1.3824637 | AG23: 1.9999866 | AH23: 1.5102819 | AI23: 1.4330004 | AJ23: 1.4975108 | AK23: 1.5599999 | AL23: 1.5102819 | AM23: 1.33 | AN23: 1.7 | AO23: 1.9665447 | AP23: 1.4975108 | AQ23: 1.9828243 | AR23: 1.3824637 | AS23: 1.4534742 | AT23: 1.6398644 | AU23: 1.95 | AV23: 1.5599999 | AW23: -
A24: BASE | B24: ACTFLO | C24: TRA_Car_Gas_Sma | D24: DEMO | E24: - | F24: - | G24: 2010 | H24: commodity_group | I24: - | J24: - | K24: - | L24: 1.4975108 | M24: 1.1799999 | N24: 1.3824637 | O24: 1.5102819 | P24: 1.5599999 | Q24: 1.6065165 | R24: 1.4644458 | S24: 1.38 | T24: 1.4904687 | U24: 1.5599999 | V24: 1.45 | W24: 1.4975108 | X24: 1.74 | Y24: 1.4000432 | Z24: 1.8285844 | AA24: 1.3824637 | AB24: 1.84 | AC24: 1.4975108 | AD24: 2.0627906 | AE24: 1.71 | AF24: 1.3824637 | AG24: 1.9999866 | AH24: 1.5102819 | AI24: 1.4330004 | AJ24: 1.4975108 | AK24: 1.5599999 | AL24: 1.5102819 | AM24: 1.33 | AN24: 1.7 | AO24: 1.9665447 | AP24: 1.4975108 | AQ24: 1.9828243 | AR24: 1.3824637 | AS24: 1.4534742 | AT24: 1.6398644 | AU24: 1.95 | AV24: 1.5599999 | AW24: -
A25: BASE | B25: ACTFLO | C25: TRA_Car_Gas_Upm | D25: DEMO | E25: - | F25: - | G25: 2010 | H25: commodity_group | I25: - | J25: - | K25: - | L25: 1.4975108 | M25: 1.1799999 | N25: 1.3824637 | O25: 1.5102819 | P25: 1.5599999 | Q25: 1.6065165 | R25: 1.4644458 | S25: 1.38 | T25: 1.4904687 | U25: 1.5599999 | V25: 1.45 | W25: 1.4975108 | X25: 1.74 | Y25: 1.4000432 | Z25: 1.8285844 | AA25: 1.3824637 | AB25: 1.84 | AC25: 1.4975108 | AD25: 2.0627906 | AE25: 1.71 | AF25: 1.3824637 | AG25: 1.9999866 | AH25: 1.5102819 | AI25: 1.4330004 | AJ25: 1.4975108 | AK25: 1.5599999 | AL25: 1.5102819 | AM25: 1.33 | AN25: 1.7 | AO25: 1.9665447 | AP25: 1.4975108 | AQ25: 1.9828243 | AR25: 1.3824637 | AS25: 1.4534742 | AT25: 1.6398644 | AU25: 1.95 | AV25: 1.5599999 | AW25: -
A26: BASE | B26: ACTFLO | C26: TRA_Car_Lpg_Exe | D26: DEMO | E26: - | F26: - | G26: 2010 | H26: commodity_group | I26: - | J26: - | K26: - | L26: 1.4975108 | N26: 1.3824637 | O26: 1.5102819 | P26: 1.5599999 | T26: 1.4904687 | U26: 1.5599999 | W26: 1.4975108 | Z26: 1.8285844 | AA26: 1.3824637 | AB26: 1.84 | AC26: 1.4975108 | AE26: 1.71 | AF26: 1.3824637 | AI26: 1.4330004 | AJ26: 1.4975108 | AK26: 1.5599999 | AM26: 1.33 | AO26: 1.9665447 | AP26: 1.4975108 | AQ26: 1.9828243 | AR26: 1.3824637 | AU26: 1.95 | AV26: 1.5599999 | AW26: -
A27: BASE | B27: ACTFLO | C27: TRA_Car_Lpg_Lom | D27: DEMO | E27: - | F27: - | G27: 2010 | H27: commodity_group | I27: - | J27: - | K27: - | L27: 1.4975108 | N27: 1.3824637 | O27: 1.5102819 | P27: 1.5599999 | T27: 1.4904687 | U27: 1.5599999 | W27: 1.4975108 | Z27: 1.8285844 | AA27: 1.3824637 | AB27: 1.84 | AC27: 1.4975108 | AE27: 1.71 | AF27: 1.3824637 | AI27: 1.4330004 | AJ27: 1.4975108 | AK27: 1.5599999 | AM27: 1.33 | AO27: 1.9665447 | AP27: 1.4975108 | AQ27: 1.9828243 | AR27: 1.3824637 | AU27: 1.95 | AV27: 1.5599999 | AW27: -
A28: BASE | B28: ACTFLO | C28: TRA_Car_Lpg_Sma | D28: DEMO | E28: - | F28: - | G28: 2010 | H28: commodity_group | I28: - | J28: - | K28: - | L28: 1.4975108 | N28: 1.3824637 | O28: 1.5102819 | P28: 1.5599999 | T28: 1.4904687 | U28: 1.5599999 | W28: 1.4975108 | Z28: 1.8285844 | AA28: 1.3824637 | AB28: 1.84 | AC28: 1.4975108 | AE28: 1.71 | AF28: 1.3824637 | AI28: 1.4330004 | AJ28: 1.4975108 | AK28: 1.5599999 | AM28: 1.33 | AO28: 1.9665447 | AP28: 1.4975108 | AQ28: 1.9828243 | AR28: 1.3824637 | AU28: 1.95 | AV28: 1.5599999 | AW28: -
A29: BASE | B29: ACTFLO | C29: TRA_Car_Lpg_Upm | D29: DEMO | E29: - | F29: - | G29: 2010 | H29: commodity_group | I29: - | J29: - | K29: - | L29: 1.4975108 | N29: 1.3824637 | O29: 1.5102819 | P29: 1.5599999 | T29: 1.4904687 | U29: 1.5599999 | W29: 1.4975108 | Z29: 1.8285844 | AA29: 1.3824637 | AB29: 1.84 | AC29: 1.4975108 | AE29: 1.71 | AF29: 1.3824637 | AI29: 1.4330004 | AJ29: 1.4975108 | AK29: 1.5599999 | AM29: 1.33 | AO29: 1.9665447 | AP29: 1.4975108 | AQ29: 1.9828243 | AR29: 1.3824637 | AU29: 1.95 | AV29: 1.5599999 | AW29: -
A30: BASE | B30: ACTFLO | C30: TRA_Car_Oth_Exe | D30: DEMO | E30: - | F30: - | G30: 2010 | H30: commodity_group | I30: - | J30: - | K30: - | S30: 1.38 | U30: 1.5599999 | AD30: 2.0627906 | AM30: 1.33 | AO30: 1.9665447 | AP30: 1.4975108 | AS30: 1.4534742 | AV30: 1.5599999 | AW30: -
A31: BASE | B31: ACTFLO | C31: TRA_Car_Oth_Lom | D31: DEMO | E31: - | F31: - | G31: 2010 | H31: commodity_group | I31: - | J31: - | K31: - | S31: 1.38 | U31: 1.5599999 | AD31: 2.0627906 | AM31: 1.33 | AO31: 1.9665447 | AP31: 1.4975108 | AS31: 1.4534742 | AV31: 1.5599999 | AW31: -
A32: BASE | B32: ACTFLO | C32: TRA_Car_Oth_Sma | D32: DEMO | E32: - | F32: - | G32: 2010 | H32: commodity_group | I32: - | J32: - | K32: - | S32: 1.38 | U32: 1.5599999 | AD32: 2.0627906 | AM32: 1.33 | AO32: 1.9665447 | AP32: 1.4975108 | AS32: 1.4534742 | AV32: 1.5599999 | AW32: -
A33: BASE | B33: ACTFLO | C33: TRA_Car_Oth_Upm | D33: DEMO | E33: - | F33: - | G33: 2010 | H33: commodity_group | I33: - | J33: - | K33: - | S33: 1.38 | U33: 1.5599999 | AD33: 2.0627906 | AM33: 1.33 | AO33: 1.9665447 | AP33: 1.4975108 | AS33: 1.4534742 | AV33: 1.5599999 | AW33: -
A34: BASE | B34: ACTFLO | C34: TRA_Hdt_Dis | D34: DEMO | E34: - | F34: - | G34: 2010 | H34: commodity_group | I34: - | J34: - | K34: - | L34: 6.473203 | M34: 12.696687 | N34: 10.154531 | O34: 3.6177164 | P34: 14.902222 | Q34: 5.0234684 | R34: 4.0249714 | S34: 9.7457024 | T34: 6.2939784 | U34: 5.7247237 | V34: 10.897256 | W34: 6.473203 | X34: 6.2476243 | Y34: 10.957165 | Z34: 8.2550465 | AA34: 10.154531 | AB34: 9.9489386 | AC34: 11.993946 | AD34: 7.0785648 | AE34: 7.5022434 | AF34: 10.154531 | AG34: 13.305332 | AH34: 5.2429919 | AI34: 10.474089 | AJ34: 6.473203 | AK34: 12.002561 | AL34: 1.204711 | AM34: 11.101495 | AN34: 12.591807 | AO34: 11.666597 | AP34: 13.56664 | AQ34: 5.6829781 | AR34: 10.154531 | AS34: 12.879972 | AT34: 11.184903 | AU34: 8.0361799 | AV34: 6.2908245 | AW34: -
A35: BASE | B35: ACTFLO | C35: TRA_Hdt_Gas | D35: DEMO | E35: - | F35: - | G35: 2010 | H35: commodity_group | I35: - | J35: - | K35: - | L35: 1.5272753 | N35: 2.786757 | P35: 2.4181894 | R35: 0.97858094 | S35: 1.6805943 | U35: 0.71403724 | V35: 2.0055233 | W35: 1.5272753 | X35: 0.89578973 | Y35: 1.6817709 | Z35: 1.080112 | AA35: 2.786757 | AB35: 1.7156413 | AC35: 4.5393498 | AD35: 1.3488346 | AE35: 1.3574516 | AF35: 2.786757 | AG35: 3.31235 | AH35: 0.85835563 | AI35: 1.9958585 | AJ35: 1.5272753 | AK35: 1.9476603 | AM35: 1.8240133 | AN35: 2.8752834 | AO35: 2.2831262 | AQ35: 1.2736668 | AR35: 2.786757 | AS35: 1.9768948 | AT35: 1.9298371 | AV35: 0.90412603 | AW35: -
A36: BASE | B36: ACTFLO | C36: TRA_Lcv_Cng | D36: DEMO | E36: - | F36: - | G36: 2010 | H36: commodity_group | I36: - | J36: - | K36: - | L36: 0.5 | M36: 0.5 | N36: 0.5 | O36: 0.5 | P36: 0.5 | Q36: 0.5 | R36: 0.5 | S36: 0.5 | T36: 0.5 | U36: 0.5 | V36: 0.5 | W36: 0.5 | X36: 0.5 | Y36: 0.5 | Z36: 0.5 | AA36: 0.5 | AB36: 0.5 | AC36: 0.5 | AD36: 0.5 | AE36: 0.5 | AF36: 0.5 | AG36: 0.5 | AH36: 0.5 | AI36: 0.5 | AJ36: 0.5 | AK36: 0.5 | AL36: 0.5 | AM36: 0.5 | AN36: 0.5 | AO36: 0.5 | AP36: 0.5 | AQ36: 0.5 | AR36: 0.5 | AS36: 0.5 | AT36: 0.5 | AU36: 0.5 | AV36: 0.5 | AW36: -
A37: BASE | B37: ACTFLO | C37: TRA_Lcv_Dis | D37: DEMO | E37: - | F37: - | G37: 2010 | H37: commodity_group | I37: - | J37: - | K37: - | L37: 0.5 | M37: 0.5 | N37: 0.5 | O37: 0.5 | P37: 0.5 | Q37: 0.5 | R37: 0.5 | S37: 0.5 | T37: 0.5 | U37: 0.5 | V37: 0.5 | W37: 0.5 | X37: 0.5 | Y37: 0.5 | Z37: 0.5 | AA37: 0.5 | AB37: 0.5 | AC37: 0.5 | AD37: 0.5 | AE37: 0.5 | AF37: 0.5 | AG37: 0.5 | AH37: 0.5 | AI37: 0.5 | AJ37: 0.5 | AK37: 0.5 | AL37: 0.5 | AM37: 0.5 | AN37: 0.5 | AO37: 0.5 | AP37: 0.5 | AQ37: 0.5 | AR37: 0.5 | AS37: 0.5 | AT37: 0.5 | AU37: 0.5 | AV37: 0.5 | AW37: -
A38: BASE | B38: ACTFLO | C38: TRA_Lcv_Gas | D38: DEMO | E38: - | F38: - | G38: 2010 | H38: commodity_group | I38: - | J38: - | K38: - | L38: 0.5 | M38: 0.5 | N38: 0.5 | O38: 0.5 | P38: 0.5 | Q38: 0.5 | R38: 0.5 | S38: 0.5 | T38: 0.5 | U38: 0.5 | V38: 0.5 | W38: 0.5 | X38: 0.5 | Y38: 0.5 | Z38: 0.5 | AA38: 0.5 | AB38: 0.5 | AC38: 0.5 | AD38: 0.5 | AE38: 0.5 | AF38: 0.5 | AG38: 0.5 | AH38: 0.5 | AI38: 0.5 | AJ38: 0.5 | AK38: 0.5 | AL38: 0.5 | AM38: 0.5 | AN38: 0.5 | AO38: 0.5 | AP38: 0.5 | AQ38: 0.5 | AR38: 0.5 | AS38: 0.5 | AT38: 0.5 | AU38: 0.5 | AV38: 0.5 | AW38: -
A39: BASE | B39: ACTFLO | C39: TRA_Lcv_Lpg | D39: DEMO | E39: - | F39: - | G39: 2010 | H39: commodity_group | I39: - | J39: - | K39: - | L39: 0.5 | M39: 0.5 | N39: 0.5 | O39: 0.5 | P39: 0.5 | Q39: 0.5 | R39: 0.5 | S39: 0.5 | T39: 0.5 | U39: 0.5 | V39: 0.5 | W39: 0.5 | X39: 0.5 | Y39: 0.5 | Z39: 0.5 | AA39: 0.5 | AB39: 0.5 | AC39: 0.5 | AD39: 0.5 | AE39: 0.5 | AF39: 0.5 | AG39: 0.5 | AH39: 0.5 | AI39: 0.5 | AJ39: 0.5 | AK39: 0.5 | AL39: 0.5 | AM39: 0.5 | AN39: 0.5 | AO39: 0.5 | AP39: 0.5 | AQ39: 0.5 | AR39: 0.5 | AS39: 0.5 | AT39: 0.5 | AU39: 0.5 | AV39: 0.5 | AW39: -
A40: BASE | B40: ACTFLO | C40: TRA_Mop_Gas | D40: DEMO | E40: - | F40: - | G40: 2010 | H40: commodity_group | I40: - | J40: - | K40: - | L40: 1.1 | M40: 1.1005542 | N40: 1.1 | O40: 1.056 | P40: 1.1 | Q40: 1.0742905 | R40: 1.1 | S40: 1.1 | T40: 1.1 | U40: 1.1 | W40: 1.1 | X40: 1.336832 | Y40: 1 | Z40: 1.1 | AA40: 1.1 | AB40: 1.1 | AC40: 1.1 | AE40: 1.1 | AF40: 1.1 | AG40: 1.1999335 | AH40: 1.1 | AI40: 1.1 | AJ40: 1.1 | AL40: 1.1 | AM40: 1.1 | AN40: 1.0825397 | AO40: 1.1 | AP40: 1.1 | AQ40: 1.1 | AR40: 1.1 | AS40: 1.1005988 | AT40: 1.1 | AU40: 1.1 | AV40: 1.1045655 | AW40: -
A41: BASE | B41: ACTFLO | C41: TRA_Mot_Gas | D41: DEMO | E41: - | F41: - | G41: 2010 | H41: commodity_group | I41: - | J41: - | K41: - | L41: 1.1 | M41: 1.1005542 | N41: 1.1 | O41: 1.056 | P41: 1.1 | Q41: 1.0742905 | R41: 1.1 | S41: 1.1 | T41: 1.1 | U41: 1.1 | V41: 1.1 | W41: 1.1 | X41: 1.336832 | Y41: 1 | Z41: 1.1 | AA41: 1.1 | AB41: 1.1 | AC41: 1.1 | AD41: 1.1 | AE41: 1.1 | AF41: 1.1 | AG41: 1.1999335 | AH41: 1.1 | AI41: 1.1 | AJ41: 1.1 | AK41: 1.1 | AL41: 1.1 | AM41: 1.1 | AN41: 1.0825397 | AO41: 1.1 | AP41: 1.1 | AQ41: 1.1 | AR41: 1.1 | AS41: 1.1005988 | AT41: 1.1 | AU41: 1.1 | AV41: 1.1045655 | AW41: -
A42: BASE | B42: AF | C42: TRA_Bus_Cng_Coa | D42: - | E42: UP | F42: ANNUAL | G42: 2010 | H42: - | I42: - | J42: - | K42: - | AS42: 16.318 | AW42: -
A43: BASE | B43: AF | C43: TRA_Bus_Cng_Urb | D43: - | E43: UP | F43: ANNUAL | G43: 2010 | H43: - | I43: - | J43: - | K43: - | Q43: 59.1877 | T43: 51.9418 | AE43: 23.687 | AM43: 29.0079 | AR43: 23.687 | AS43: 26.0693 | AW43: -
A44: BASE | B44: AF | C44: TRA_Bus_Dis_Coa | D44: - | E44: UP | F44: ANNUAL | G44: 2010 | H44: - | I44: - | J44: - | K44: - | L44: 90.5633 | M44: 137.92 | N44: 82.638 | O44: 61.8505 | P44: 27.1992 | Q44: 55.6788 | R44: 43.6949 | S44: 50.4533 | T44: 80.0755 | U44: 37.3013 | V44: 45.6949 | W44: 90.5633 | X44: 79.5897 | Y44: 59.8584 | Z44: 44.4871 | AA44: 82.638 | AB44: 61.7817 | AC44: 54.3276 | AD44: 46.339 | AE44: 42.7829 | AF44: 82.638 | AG44: 15.8658 | AH44: 192.143 | AI44: 89.929 | AJ44: 90.5633 | AK44: 21.8232 | AL44: 30.1527 | AM44: 65.2606 | AN44: 63.8276 | AO44: 33.9756 | AP44: 37.7216 | AQ44: 28.9507 | AR44: 82.638 | AS44: 110.72 | AT44: 115.751 | AU44: 67.5264 | AV44: 65.0539 | AW44: -
A45: BASE | B45: AF | C45: TRA_Bus_Dis_Urb | D45: - | E45: UP | F45: ANNUAL | G45: 2010 | H45: - | I45: - | J45: - | K45: - | L45: 69.3442 | M45: 103.075 | N45: 78.5665 | O45: 68.8636 | P45: 23.7368 | Q45: 56.0046 | R45: 36.5657 | S45: 40.3638 | T45: 35.7228 | U45: 99.7829 | W45: 69.3442 | X45: 31.1548 | Y45: 60.4186 | Z45: 44.3888 | AA45: 78.5665 | AB45: 48.9152 | AC45: 53.3863 | AD45: 46.339 | AE45: 43.8057 | AF45: 78.5665 | AG45: 38.9153 | AH45: 192.048 | AI45: 99.7019 | AJ45: 69.3442 | AK45: 22.3663 | AL45: 10.2369 | AM45: 65.4276 | AN45: 63.8277 | AO45: 33.1842 | AP45: 31.9915 | AQ45: 26.406 | AR45: 78.5665 | AS45: 104.868 | AT45: 19.1513 | AU45: 67.831 | AV45: 55.87 | AW45: -
A46: BASE | B46: AF | C46: TRA_Bus_Gas_Coa | D46: - | E46: UP | F46: ANNUAL | G46: 2010 | H46: - | I46: - | J46: - | K46: - | S46: 41.3745 | U46: 10.2624 | AD46: 45.0813 | AV46: 59.9374 | AW46: -
A47: BASE | B47: AF | C47: TRA_Bus_Gas_Urb | D47: - | E47: UP | F47: ANNUAL | G47: 2010 | H47: - | I47: - | J47: - | K47: - | S47: 28.6594 | U47: 36.4125 | AD47: 45.0813 | AK47: 8.90959 | AM47: 41.345 | AO47: 14.5231 | AP47: 28.5836 | AV47: 47.7124 | AW47: -
A48: BASE | B48: AF | C48: TRA_Bus_Lpg_Coa | D48: - | E48: UP | F48: ANNUAL | G48: 2010 | H48: - | I48: - | J48: - | K48: - | AV48: 148.262 | AW48: -
A49: BASE | B49: AF | C49: TRA_Bus_Lpg_Urb | D49: - | E49: UP | F49: ANNUAL | G49: 2010 | H49: - | I49: - | J49: - | K49: - | AI49: 46.7433 | AM49: 47.9188 | AO49: 24.8777 | AP49: 33.0586 | AV49: 119.137 | AW49: -
A50: BASE | B50: AF | C50: TRA_Car_Cng_Exe | D50: - | E50: UP | F50: ANNUAL | G50: 2010 | H50: - | I50: - | J50: - | K50: - | Q50: 16.1625 | T50: 30.5987 | AE50: 12.0975 | AM50: 6.6436 | AR50: 12.0975 | AS50: 5.20098 | AW50: -
A51: BASE | B51: AF | C51: TRA_Car_Cng_Lom | D51: - | E51: UP | F51: ANNUAL | G51: 2010 | H51: - | I51: - | J51: - | K51: - | Q51: 16.1625 | T51: 29.8109 | AE51: 12.3414 | AM51: 7.15538 | AR51: 12.3414 | AS51: 5.28181 | AW51: -
A52: BASE | B52: AF | C52: TRA_Car_Cng_Sma | D52: - | E52: UP | F52: ANNUAL | G52: 2010 | H52: - | I52: - | J52: - | K52: - | Q52: 16.1625 | T52: 29.7919 | AE52: 15.1212 | AM52: 6.6436 | AR52: 15.1212 | AS52: 5.29046 | AW52: -
A53: BASE | B53: AF | C53: TRA_Car_Cng_Upm | D53: - | E53: UP | F53: ANNUAL | G53: 2010 | H53: - | I53: - | J53: - | K53: - | Q53: 16.1625 | T53: 30.2524 | AE53: 12.7515 | AM53: 8.06019 | AR53: 12.7515 | AS53: 5.48829 | AW53: -
A54: BASE | B54: AF | C54: TRA_Car_Dis_Exe | D54: - | E54: UP | F54: ANNUAL | G54: 2010 | H54: - | I54: - | J54: - | K54: - | L54: 23.0298 | M54: 28.6446 | N54: 20.5348 | O54: 22.2029 | P54: 11.1628 | Q54: 19.0919 | R54: 17.9343 | S54: 20.2401 | T54: 24.6415 | U54: 32.2135 | V54: 22.4352 | W54: 23.0298 | X54: 19.0031 | Y54: 23.7821 | Z54: 18.8005 | AA54: 20.5348 | AB54: 25.579 | AC54: 22.8608 | AD54: 16.4218 | AE54: 16.1706 | AF54: 20.5348 | AG54: 7.62566 | AH54: 67.863 | AI54: 24.4701 | AJ54: 23.0298 | AK54: 30.495 | AL54: 3.33004 | AM54: 33.4627 | AN54: 23.3271 | AO54: 13.8141 | AP54: 19.5186 | AQ54: 10.7438 | AR54: 20.5348 | AS54: 39.2364 | AT54: 24.8525 | AU54: 11.8839 | AV54: 19.1104 | AW54: -
A55: BASE | B55: AF | C55: TRA_Car_Dis_Lom | D55: - | E55: UP | F55: ANNUAL | G55: 2010 | H55: - | I55: - | J55: - | K55: - | L55: 19.6826 | M55: 26.3411 | N55: 18.9033 | O55: 23.7359 | P55: 12.5225 | Q55: 17.0763 | R55: 13.6636 | S55: 18.4134 | T55: 24.1191 | U55: 30.9059 | V55: 19.7665 | W55: 19.6826 | X55: 17.2917 | Y55: 23.4268 | Z55: 17.7626 | AA55: 18.9033 | AB55: 23.8671 | AC55: 22.0542 | AD55: 18.0538 | AE55: 15.0969 | AF55: 18.9033 | AG55: 5.96731 | AH55: 69.0646 | AI55: 20.3945 | AJ55: 19.6826 | AK55: 27.66 | AL55: 3.51014 | AM55: 33.1289 | AN55: 23.5978 | AO55: 14.1127 | AP55: 19.5186 | AQ55: 9.16727 | AR55: 18.9033 | AS55: 35.0221 | AT55: 24.9801 | AU55: 11.8965 | AV55: 17.5383 | AW55: -
A56: BASE | B56: AF | C56: TRA_Car_Dis_Sma | D56: - | E56: UP | F56: ANNUAL | G56: 2010 | H56: - | I56: - | J56: - | K56: - | L56: 13.2971 | M56: 26.5225 | N56: 18.9033 | O56: 21.687 | P56: 12.5122 | Q56: 17.0648 | R56: 12.8825 | S56: 18.4134 | T56: 24.033 | U56: 29.33 | V56: 21.1119 | W56: 13.2971 | X56: 17.0657 | Y56: 24.8722 | Z56: 17.9041 | AA56: 18.9033 | AB56: 23.8671 | AC56: 22.2259 | AD56: 17.6751 | AE56: 16.9659 | AF56: 18.9033 | AG56: 5.96731 | AH56: 68.7874 | AI56: 23.0539 | AJ56: 13.2971 | AK56: 25.8461 | AL56: 3.64308 | AM56: 32.5422 | AN56: 23.7897 | AO56: 13.3304 | AP56: 19.5186 | AQ56: 9.16727 | AR56: 18.9033 | AS56: 34.8127 | AT56: 23.4068 | AU56: 11.8965 | AV56: 14.9747 | AW56: -
A57: BASE | B57: AF | C57: TRA_Car_Dis_Upm | D57: - | E57: UP | F57: ANNUAL | G57: 2010 | H57: - | I57: - | J57: - | K57: - | L57: 20.2506 | M57: 26.9338 | N57: 19.4395 | O57: 22.4619 | P57: 6.63208 | Q57: 18.041 | R57: 13.6481 | S57: 18.4134 | T57: 24.6652 | U57: 29.5565 | V57: 20.3336 | W57: 20.2506 | X57: 17.0887 | Y57: 22.4362 | Z57: 18.0468 | AA57: 19.4395 | AB57: 23.8671 | AC57: 22.0164 | AD57: 19.2647 | AE57: 15.4991 | AF57: 19.4395 | AG57: 5.96731 | AH57: 73.225 | AI57: 25.4212 | AJ57: 20.2506 | AK57: 27.66 | AL57: 3.51631 | AM57: 32.6373 | AN57: 23.148 | AO57: 13.9253 | AP57: 19.5186 | AQ57: 9.16727 | AR57: 19.4395 | AS57: 36.3048 | AT57: 25.4459 | AU57: 11.8965 | AV57: 18.3772 | AW57: -
A58: BASE | B58: AF | C58: TRA_Car_Fle_Fue_Exe | D58: - | E58: UP | F58: ANNUAL | G58: 2010 | H58: - | I58: - | J58: - | K58: - | Q58: 11.1287 | AS58: 16.7492 | AW58: -
A59: BASE | B59: AF | C59: TRA_Car_Fle_Fue_Lom | D59: - | E59: UP | F59: ANNUAL | G59: 2010 | H59: - | I59: - | J59: - | K59: - | Q59: 11.1287 | AS59: 16.3708 | AW59: -
A60: BASE | B60: AF | C60: TRA_Car_Fle_Fue_Sma | D60: - | E60: UP | F60: ANNUAL | G60: 2010 | H60: - | I60: - | J60: - | K60: - | Q60: 11.1287 | AS60: 15.3071 | AW60: -
A61: BASE | B61: AF | C61: TRA_Car_Fle_Fue_Upm | D61: - | E61: UP | F61: ANNUAL | G61: 2010 | H61: - | I61: - | J61: - | K61: - | Q61: 11.1287 | AS61: 16.8051 | AW61: -
A62: BASE | B62: AF | C62: TRA_Car_Gas_Exe | D62: - | E62: UP | F62: ANNUAL | G62: 2010 | H62: - | I62: - | J62: - | K62: - | L62: 9.72068 | M62: 15.466 | N62: 11.6698 | O62: 8.27213 | P62: 5.77296 | Q62: 14.979 | R62: 15.1014 | S62: 9.38722 | T62: 12.5715 | U62: 19.9298 | V62: 16.2033 | W62: 9.72068 | X62: 14.0922 | Y62: 10.5501 | Z62: 12.7613 | AA62: 11.6698 | AB62: 10.6456 | AC62: 19.9739 | AD62: 12.8648 | AE62: 11.2913 | AF62: 11.6698 | AG62: 5.15723 | AH62: 44.098 | AI62: 15.6521 | AJ62: 9.72068 | AK62: 10.1213 | AL62: 8.03724 | AM62: 10.5364 | AN62: 9.96214 | AO62: 5.93042 | AP62: 10.6304 | AQ62: 6.4411 | AR62: 11.6698 | AS62: 13.4714 | AT62: 15.4709 | AU62: 12.9636 | AV62: 15.4458 | AW62: -
A63: BASE | B63: AF | C63: TRA_Car_Gas_Lom | D63: - | E63: UP | F63: ANNUAL | G63: 2010 | H63: - | I63: - | J63: - | K63: - | L63: 9.14544 | M63: 14.9224 | N63: 11.8812 | O63: 9.6917 | P63: 5.41283 | Q63: 13.435 | R63: 13.7628 | S63: 9.18415 | T63: 10.8877 | U63: 15.3682 | V63: 14.897 | W63: 9.14544 | X63: 7.66325 | Y63: 10.5156 | Z63: 11.8747 | AA63: 11.8812 | AB63: 10.7989 | AC63: 17.9702 | AD63: 13.3959 | AE63: 9.67336 | AF63: 11.8812 | AG63: 3.91071 | AH63: 44.2845 | AI63: 13.4288 | AJ63: 9.14544 | AK63: 9.73764 | AL63: 8.5178 | AM63: 10.7516 | AN63: 10.1554 | AO63: 6.17843 | AP63: 10.5128 | AQ63: 6.61469 | AR63: 11.8812 | AS63: 12.6475 | AT63: 17.7443 | AU63: 8.58158 | AV63: 14.1093 | AW63: -
A64: BASE | B64: AF | C64: TRA_Car_Gas_Sma | D64: - | E64: UP | F64: ANNUAL | G64: 2010 | H64: - | I64: - | J64: - | K64: - | L64: 6.59924 | M64: 13.423 | N64: 11.511 | O64: 10.4814 | P64: 5.80105 | Q64: 11.0767 | R64: 12.0843 | S64: 8.66763 | T64: 9.01407 | U64: 13.9666 | V64: 13.2774 | W64: 6.59924 | X64: 6.5509 | Y64: 10.7516 | Z64: 9.95798 | AA64: 11.511 | AB64: 9.91958 | AC64: 17.7197 | AD64: 12.9208 | AE64: 7.01788 | AF64: 11.511 | AG64: 3.8383 | AH64: 44.0161 | AI64: 13.5735 | AJ64: 6.59924 | AK64: 9.06257 | AL64: 7.93292 | AM64: 10.5163 | AN64: 9.97229 | AO64: 6.03932 | AP64: 10.0597 | AQ64: 5.08272 | AR64: 11.511 | AS64: 10.9417 | AT64: 11.9842 | AU64: 8.58158 | AV64: 12.3371 | AW64: -
A65: BASE | B65: AF | C65: TRA_Car_Gas_Upm | D65: - | E65: UP | F65: ANNUAL | G65: 2010 | H65: - | I65: - | J65: - | K65: - | L65: 9.46134 | M65: 14.8161 | N65: 11.4002 | O65: 9.19097 | P65: 5.48036 | Q65: 13.1766 | R65: 13.3172 | S65: 9.2828 | T65: 11.1164 | U65: 15.3376 | V65: 15.5503 | W65: 9.46134 | X65: 7.2602 | Y65: 10.4868 | Z65: 12.3832 | AA65: 11.4002 | AB65: 10.61 | AC65: 18.9535 | AD65: 13.5497 | AE65: 9.0844 | AF65: 11.4002 | AG65: 3.88042 | AH65: 44.1743 | AI65: 13.0284 | AJ65: 9.46134 | AK65: 9.89403 | AL65: 8.17489 | AM65: 10.8213 | AN65: 9.88592 | AO65: 6.0591 | AP65: 10.5083 | AQ65: 6.56949 | AR65: 11.4002 | AS65: 13.0051 | AT65: 15.9089 | AU65: 8.29359 | AV65: 15.1126 | AW65: -
A66: BASE | B66: AF | C66: TRA_Car_Lpg_Exe | D66: - | E66: UP | F66: ANNUAL | G66: 2010 | H66: - | I66: - | J66: - | K66: - | L66: 127.303 | N66: 24.0282 | O66: 24.1987 | P66: 55.4985 | T66: 21.7157 | U66: 23.8374 | W66: 127.303 | Z66: 8.96853 | AA66: 24.0282 | AB66: 100.037 | AC66: 106.209 | AE66: 7.90068 | AF66: 24.0282 | AI66: 23.2053 | AJ66: 127.303 | AM66: 19.4213 | AO66: 10.7132 | AP66: 12.2946 | AQ66: 1.36071 | AR66: 24.0282 | AU66: 9.17169 | AV66: 38.7574 | AW66: -
A67: BASE | B67: AF | C67: TRA_Car_Lpg_Lom | D67: - | E67: UP | F67: ANNUAL | G67: 2010 | H67: - | I67: - | J67: - | K67: - | L67: 108.955 | N67: 24.0282 | O67: 24.1818 | P67: 55.5014 | T67: 21.5523 | U67: 22.719 | W67: 108.955 | Z67: 9.47858 | AA67: 24.0282 | AB67: 100.037 | AC67: 48.545 | AE67: 8.77923 | AF67: 24.0282 | AI67: 23.2053 | AJ67: 108.955 | AM67: 19.4167 | AO67: 10.7132 | AP67: 12.1586 | AQ67: 1.36071 | AR67: 24.0282 | AU67: 9.17169 | AV67: 35.5053 | AW67: -
A68: BASE | B68: AF | C68: TRA_Car_Lpg_Sma | D68: - | E68: UP | F68: ANNUAL | G68: 2010 | H68: - | I68: - | J68: - | K68: - | L68: 83.7134 | N68: 24.0282 | O68: 24.0998 | P68: 55.508 | T68: 21.4624 | U68: 21.6834 | W68: 83.7134 | Z68: 9.67218 | AA68: 24.0282 | AB68: 100.037 | AC68: 38.8603 | AE68: 11.298 | AF68: 24.0282 | AI68: 23.2053 | AJ68: 83.7134 | AM68: 19.4356 | AO68: 10.7132 | AP68: 11.6346 | AQ68: 1.36071 | AR68: 24.0282 | AU68: 9.17169 | AV68: 29.8541 | AW68: -
A69: BASE | B69: AF | C69: TRA_Car_Lpg_Upm | D69: - | E69: UP | F69: ANNUAL | G69: 2010 | H69: - | I69: - | J69: - | K69: - | L69: 118.135 | N69: 24.0282 | O69: 24.2529 | P69: 65.5213 | T69: 21.5358 | U69: 22.4231 | W69: 118.135 | Z69: 9.78714 | AA69: 24.0282 | AB69: 100.037 | AC69: 34.8007 | AE69: 8.2216 | AF69: 24.0282 | AI69: 23.2053 | AJ69: 118.135 | AM69: 19.4133 | AO69: 10.7132 | AP69: 12.1535 | AQ69: 1.36071 | AR69: 24.0282 | AU69: 9.17169 | AV69: 36.0533 | AW69: -
A70: BASE | B70: AF | C70: TRA_Car_Oth_Exe | D70: - | E70: UP | F70: ANNUAL | G70: 2010 | H70: - | I70: - | J70: - | K70: - | S70: 12.6342 | U70: 8.84033 | AD70: 12.6557 | AM70: 13.2002 | AO70: 9.11433 | AP70: 14.3268 | AS70: 13.1931 | AV70: 11.5725 | AW70: -
A71: BASE | B71: AF | C71: TRA_Car_Oth_Lom | D71: - | E71: UP | F71: ANNUAL | G71: 2010 | H71: - | I71: - | J71: - | K71: - | S71: 12.6325 | U71: 8.43699 | AD71: 12.6557 | AM71: 13.202 | AO71: 9.11433 | AP71: 14.3976 | AS71: 13.4402 | AV71: 10.4354 | AW71: -
A72: BASE | B72: AF | C72: TRA_Car_Oth_Sma | D72: - | E72: UP | F72: ANNUAL | G72: 2010 | H72: - | I72: - | J72: - | K72: - | S72: 11.6523 | U72: 9.15474 | AD72: 12.6557 | AM72: 13.2021 | AO72: 9.11433 | AP72: 14.3976 | AS72: 13.3906 | AV72: 9.14866 | AW72: -
A73: BASE | B73: AF | C73: TRA_Car_Oth_Upm | D73: - | E73: UP | F73: ANNUAL | G73: 2010 | H73: - | I73: - | J73: - | K73: - | S73: 12.6017 | U73: 8.55235 | AD73: 12.6557 | AM73: 13.2015 | AO73: 9.11433 | AP73: 14.7604 | AS73: 14.0517 | AV73: 11.1743 | AW73: -
A74: BASE | B74: AF | C74: TRA_Hdt_Dis | D74: - | E74: UP | F74: ANNUAL | G74: 2010 | H74: - | I74: - | J74: - | K74: - | L74: 30.821991 | M74: 106.0432 | N74: 42.566525 | O74: 68.136526 | P74: 15.27153 | Q74: 76.375921 | R74: 20.348356 | S74: 37.320741 | T74: 62.920188 | U74: 71.129504 | V74: 39.310312 | W74: 30.821991 | X74: 78.334837 | Y74: 38.477678 | Z74: 59.866649 | AA74: 42.566525 | AB74: 47.321164 | AC74: 57.429952 | AD74: 20.275159 | AE74: 35.667309 | AF74: 42.566525 | AG74: 31.204107 | AH74: 237.66775 | AI74: 71.914907 | AJ74: 30.821991 | AK74: 57.07294 | AL74: 27.354662 | AM74: 73.940932 | AN74: 25.319061 | AO74: 42.665394 | AP74: 31.938506 | AQ74: 22.696156 | AR74: 42.566525 | AS74: 44.569397 | AT74: 77.516105 | AU74: 56.275936 | AV74: 61.783618 | AW74: -
A75: BASE | B75: AF | C75: TRA_Hdt_Gas | D75: - | E75: UP | F75: ANNUAL | G75: 2010 | H75: - | I75: - | J75: - | K75: - | L75: 20.527078 | N75: 42.184469 | P75: 6.6019088 | R75: 25.261 | S75: 11.199552 | U75: 17.657511 | V75: 5.6697278 | W75: 20.527078 | X75: 91.851086 | Y75: 17.076116 | Z75: 32.664252 | AA75: 42.184469 | AB75: 10.530596 | AC75: 38.282575 | AD75: 21.274866 | AE75: 5.8481465 | AF75: 42.184469 | AG75: 16.048016 | AH75: 156.34584 | AI75: 32.795361 | AJ75: 20.527078 | AK75: 24.874082 | AM75: 55.842912 | AN75: 13.520155 | AO75: 18.525489 | AQ75: 5.3014201 | AR75: 42.184469 | AS75: 7.7675132 | AT75: 32.140699 | AV75: 48.156912 | AW75: -
A76: BASE | B76: AF | C76: TRA_Lcv_Cng | D76: - | E76: UP | F76: ANNUAL | G76: 2010 | H76: - | I76: - | J76: - | K76: - | Q76: 13.709679 | T76: 26.398945 | AM76: 10.654116 | AW76: -
A77: BASE | B77: AF | C77: TRA_Lcv_Dis | D77: - | E77: UP | F77: ANNUAL | G77: 2010 | H77: - | I77: - | J77: - | K77: - | L77: 21.486585 | M77: 35.6141 | N77: 33.003087 | O77: 22.067711 | P77: 10.033842 | Q77: 13.880517 | R77: 16.622691 | S77: 18.591444 | T77: 22.085671 | U77: 28.069934 | V77: 22.75427 | W77: 21.486585 | X77: 5.2471854 | Y77: 16.097323 | Z77: 19.134383 | AA77: 33.003087 | AB77: 24.279793 | AC77: 50.308455 | AD77: 17.050882 | AE77: 22.293931 | AF77: 33.003087 | AG77: 21.037094 | AH77: 148.15591 | AI77: 40.243872 | AJ77: 21.486585 | AK77: 29.506745 | AL77: 5.0315146 | AM77: 23.376997 | AN77: 22.145325 | AO77: 10.092945 | AP77: 17.254889 | AQ77: 13.435501 | AR77: 33.003087 | AS77: 28.965917 | AT77: 40.540523 | AU77: 18.32094 | AV77: 21.35638 | AW77: -
A78: BASE | B78: AF | C78: TRA_Lcv_Gas | D78: - | E78: UP | F78: ANNUAL | G78: 2010 | H78: - | I78: - | J78: - | K78: - | L78: 15.109813 | M78: 21.288196 | N78: 23.753693 | O78: 5.9949092 | P78: 10.373801 | Q78: 9.7831354 | R78: 14.054176 | S78: 11.171347 | T78: 14.464961 | U78: 17.279089 | V78: 15.830524 | W78: 15.109813 | X78: 0.84080152 | Y78: 7.2490837 | Z78: 26.37422 | AA78: 23.753693 | AB78: 12.88652 | AC78: 39.423868 | AD78: 11.584974 | AE78: 11.550833 | AF78: 23.753693 | AG78: 5.4670076 | AH78: 98.418932 | AI78: 27.754772 | AJ78: 15.109813 | AK78: 13.023325 | AL78: 11.533115 | AM78: 12.885458 | AN78: 10.130714 | AO78: 4.3840429 | AP78: 11.81185 | AQ78: 7.4305456 | AR78: 23.753693 | AS78: 10.540587 | AT78: 40.920709 | AU78: 13.346382 | AV78: 16.953356 | AW78: -
A79: BASE | B79: AF | C79: TRA_Lcv_Lpg | D79: - | E79: UP | F79: ANNUAL | G79: 2010 | H79: - | I79: - | J79: - | K79: - | T79: 18.696218 | U79: 14.386591 | AI79: 23.244304 | AM79: 16.066108 | AO79: 8.2811861 | AP79: 13.661109 | AV79: 38.062563 | AW79: -
A80: BASE | B80: AF | C80: TRA_Mop_Gas | D80: - | E80: UP | F80: ANNUAL | G80: 2010 | H80: - | I80: - | J80: - | K80: - | L80: 3.059505 | M80: 1.5659906 | N80: 6.7674854 | O80: 0.53522086 | P80: 1.1910728 | Q80: 1.3524993 | R80: 5.6488064 | S80: 2.1503348 | T80: 2.7418781 | U80: 1.7531512 | W80: 3.059505 | X80: 2.7667344 | Y80: 1.3416394 | Z80: 2.8842266 | AA80: 6.7674854 | AB80: 2.3390041 | AC80: 13.301357 | AE80: 4.7235231 | AF80: 6.7674854 | AG80: 1.643682 | AH80: 4.8530789 | AI80: 2.2186425 | AJ80: 3.059505 | AL80: 3.9445137 | AM80: 1.4421044 | AN80: 2.2901494 | AO80: 1.0083867 | AP80: 2.8941498 | AQ80: 1.0748718 | AR80: 6.7674854 | AS80: 1.2266647 | AT80: 3.1772115 | AU80: 1.7340623 | AV80: 3.5816312 | AW80: -
A81: BASE | B81: AF | C81: TRA_Mot_Gas | D81: - | E81: UP | F81: ANNUAL | G81: 2010 | H81: - | I81: - | J81: - | K81: - | L81: 7.8760563 | M81: 3.2445654 | N81: 7.6462312 | O81: 4.4298611 | P81: 3.148417 | Q81: 3.0052331 | R81: 5.3900112 | S81: 4.0744283 | T81: 3.0055854 | U81: 3.7974361 | V81: 4.7671192 | W81: 7.8760563 | X81: 5.9261677 | Y81: 2.8686142 | Z81: 7.7853275 | AA81: 7.6462312 | AB81: 4.6885261 | AC81: 18.374717 | AD81: 2.1569679 | AE81: 5.3003965 | AF81: 7.6462312 | AG81: 2.9819982 | AH81: 15.94053 | AI81: 3.1093269 | AJ81: 7.8760563 | AK81: 2.4954062 | AL81: 4.0454532 | AM81: 2.6064476 | AN81: 4.6545641 | AO81: 2.1108679 | AP81: 5.0012979 | AQ81: 2.3494097 | AR81: 7.6462312 | AS81: 2.797869 | AT81: 3.9710831 | AU81: 3.1108676 | AV81: 6.1446708 | AW81: -
A82: BASE | B82: CAP2ACT | C82: TRA_Bus_Cng_Coa | D82: - | E82: - | F82: - | G82: - | H82: - | I82: - | J82: - | K82: - | L82: 0.001 | M82: 0.001 | N82: 0.001 | O82: 0.001 | P82: 0.001 | Q82: 0.001 | R82: 0.001 | S82: 0.001 | T82: 0.001 | U82: 0.001 | V82: 0.001 | W82: 0.001 | X82: 0.001 | Y82: 0.001 | Z82: 0.001 | AA82: 0.001 | AB82: 0.001 | AC82: 0.001 | AD82: 0.001 | AE82: 0.001 | AF82: 0.001 | AG82: 0.001 | AH82: 0.001 | AI82: 0.001 | AJ82: 0.001 | AK82: 0.001 | AL82: 0.001 | AM82: 0.001 | AN82: 0.001 | AO82: 0.001 | AP82: 0.001 | AQ82: 0.001 | AR82: 0.001 | AS82: 0.001 | AT82: 0.001 | AU82: 0.001 | AV82: 0.001 | AW82: -
A83: BASE | B83: CAP2ACT | C83: TRA_Bus_Cng_Urb | D83: - | E83: - | F83: - | G83: - | H83: - | I83: - | J83: - | K83: - | L83: 0.001 | M83: 0.001 | N83: 0.001 | O83: 0.001 | P83: 0.001 | Q83: 0.001 | R83: 0.001 | S83: 0.001 | T83: 0.001 | U83: 0.001 | V83: 0.001 | W83: 0.001 | X83: 0.001 | Y83: 0.001 | Z83: 0.001 | AA83: 0.001 | AB83: 0.001 | AC83: 0.001 | AD83: 0.001 | AE83: 0.001 | AF83: 0.001 | AG83: 0.001 | AH83: 0.001 | AI83: 0.001 | AJ83: 0.001 | AK83: 0.001 | AL83: 0.001 | AM83: 0.001 | AN83: 0.001 | AO83: 0.001 | AP83: 0.001 | AQ83: 0.001 | AR83: 0.001 | AS83: 0.001 | AT83: 0.001 | AU83: 0.001 | AV83: 0.001 | AW83: -
A84: BASE | B84: CAP2ACT | C84: TRA_Bus_Dis_Coa | D84: - | E84: - | F84: - | G84: - | H84: - | I84: - | J84: - | K84: - | L84: 0.001 | M84: 0.001 | N84: 0.001 | O84: 0.001 | P84: 0.001 | Q84: 0.001 | R84: 0.001 | S84: 0.001 | T84: 0.001 | U84: 0.001 | V84: 0.001 | W84: 0.001 | X84: 0.001 | Y84: 0.001 | Z84: 0.001 | AA84: 0.001 | AB84: 0.001 | AC84: 0.001 | AD84: 0.001 | AE84: 0.001 | AF84: 0.001 | AG84: 0.001 | AH84: 0.001 | AI84: 0.001 | AJ84: 0.001 | AK84: 0.001 | AL84: 0.001 | AM84: 0.001 | AN84: 0.001 | AO84: 0.001 | AP84: 0.001 | AQ84: 0.001 | AR84: 0.001 | AS84: 0.001 | AT84: 0.001 | AU84: 0.001 | AV84: 0.001 | AW84: -
A85: BASE | B85: CAP2ACT | C85: TRA_Bus_Dis_Urb | D85: - | E85: - | F85: - | G85: - | H85: - | I85: - | J85: - | K85: - | L85: 0.001 | M85: 0.001 | N85: 0.001 | O85: 0.001 | P85: 0.001 | Q85: 0.001 | R85: 0.001 | S85: 0.001 | T85: 0.001 | U85: 0.001 | V85: 0.001 | W85: 0.001 | X85: 0.001 | Y85: 0.001 | Z85: 0.001 | AA85: 0.001 | AB85: 0.001 | AC85: 0.001 | AD85: 0.001 | AE85: 0.001 | AF85: 0.001 | AG85: 0.001 | AH85: 0.001 | AI85: 0.001 | AJ85: 0.001 | AK85: 0.001 | AL85: 0.001 | AM85: 0.001 | AN85: 0.001 | AO85: 0.001 | AP85: 0.001 | AQ85: 0.001 | AR85: 0.001 | AS85: 0.001 | AT85: 0.001 | AU85: 0.001 | AV85: 0.001 | AW85: -
A86: BASE | B86: CAP2ACT | C86: TRA_Bus_Gas_Coa | D86: - | E86: - | F86: - | G86: - | H86: - | I86: - | J86: - | K86: - | L86: 0.001 | M86: 0.001 | N86: 0.001 | O86: 0.001 | P86: 0.001 | Q86: 0.001 | R86: 0.001 | S86: 0.001 | T86: 0.001 | U86: 0.001 | V86: 0.001 | W86: 0.001 | X86: 0.001 | Y86: 0.001 | Z86: 0.001 | AA86: 0.001 | AB86: 0.001 | AC86: 0.001 | AD86: 0.001 | AE86: 0.001 | AF86: 0.001 | AG86: 0.001 | AH86: 0.001 | AI86: 0.001 | AJ86: 0.001 | AK86: 0.001 | AL86: 0.001 | AM86: 0.001 | AN86: 0.001 | AO86: 0.001 | AP86: 0.001 | AQ86: 0.001 | AR86: 0.001 | AS86: 0.001 | AT86: 0.001 | AU86: 0.001 | AV86: 0.001 | AW86: -
A87: BASE | B87: CAP2ACT | C87: TRA_Bus_Gas_Urb | D87: - | E87: - | F87: - | G87: - | H87: - | I87: - | J87: - | K87: - | L87: 0.001 | M87: 0.001 | N87: 0.001 | O87: 0.001 | P87: 0.001 | Q87: 0.001 | R87: 0.001 | S87: 0.001 | T87: 0.001 | U87: 0.001 | V87: 0.001 | W87: 0.001 | X87: 0.001 | Y87: 0.001 | Z87: 0.001 | AA87: 0.001 | AB87: 0.001 | AC87: 0.001 | AD87: 0.001 | AE87: 0.001 | AF87: 0.001 | AG87: 0.001 | AH87: 0.001 | AI87: 0.001 | AJ87: 0.001 | AK87: 0.001 | AL87: 0.001 | AM87: 0.001 | AN87: 0.001 | AO87: 0.001 | AP87: 0.001 | AQ87: 0.001 | AR87: 0.001 | AS87: 0.001 | AT87: 0.001 | AU87: 0.001 | AV87: 0.001 | AW87: -
A88: BASE | B88: CAP2ACT | C88: TRA_Bus_Lpg_Coa | D88: - | E88: - | F88: - | G88: - | H88: - | I88: - | J88: - | K88: - | L88: 0.001 | M88: 0.001 | N88: 0.001 | O88: 0.001 | P88: 0.001 | Q88: 0.001 | R88: 0.001 | S88: 0.001 | T88: 0.001 | U88: 0.001 | V88: 0.001 | W88: 0.001 | X88: 0.001 | Y88: 0.001 | Z88: 0.001 | AA88: 0.001 | AB88: 0.001 | AC88: 0.001 | AD88: 0.001 | AE88: 0.001 | AF88: 0.001 | AG88: 0.001 | AH88: 0.001 | AI88: 0.001 | AJ88: 0.001 | AK88: 0.001 | AL88: 0.001 | AM88: 0.001 | AN88: 0.001 | AO88: 0.001 | AP88: 0.001 | AQ88: 0.001 | AR88: 0.001 | AS88: 0.001 | AT88: 0.001 | AU88: 0.001 | AV88: 0.001 | AW88: -
A89: BASE | B89: CAP2ACT | C89: TRA_Bus_Lpg_Urb | D89: - | E89: - | F89: - | G89: - | H89: - | I89: - | J89: - | K89: - | L89: 0.001 | M89: 0.001 | N89: 0.001 | O89: 0.001 | P89: 0.001 | Q89: 0.001 | R89: 0.001 | S89: 0.001 | T89: 0.001 | U89: 0.001 | V89: 0.001 | W89: 0.001 | X89: 0.001 | Y89: 0.001 | Z89: 0.001 | AA89: 0.001 | AB89: 0.001 | AC89: 0.001 | AD89: 0.001 | AE89: 0.001 | AF89: 0.001 | AG89: 0.001 | AH89: 0.001 | AI89: 0.001 | AJ89: 0.001 | AK89: 0.001 | AL89: 0.001 | AM89: 0.001 | AN89: 0.001 | AO89: 0.001 | AP89: 0.001 | AQ89: 0.001 | AR89: 0.001 | AS89: 0.001 | AT89: 0.001 | AU89: 0.001 | AV89: 0.001 | AW89: -
A90: BASE | B90: CAP2ACT | C90: TRA_Car_Cng_Exe | D90: - | E90: - | F90: - | G90: - | H90: - | I90: - | J90: - | K90: - | L90: 0.001 | M90: 0.001 | N90: 0.001 | O90: 0.001 | P90: 0.001 | Q90: 0.001 | R90: 0.001 | S90: 0.001 | T90: 0.001 | U90: 0.001 | V90: 0.001 | W90: 0.001 | X90: 0.001 | Y90: 0.001 | Z90: 0.001 | AA90: 0.001 | AB90: 0.001 | AC90: 0.001 | AD90: 0.001 | AE90: 0.001 | AF90: 0.001 | AG90: 0.001 | AH90: 0.001 | AI90: 0.001 | AJ90: 0.001 | AK90: 0.001 | AL90: 0.001 | AM90: 0.001 | AN90: 0.001 | AO90: 0.001 | AP90: 0.001 | AQ90: 0.001 | AR90: 0.001 | AS90: 0.001 | AT90: 0.001 | AU90: 0.001 | AV90: 0.001 | AW90: -
A91: BASE | B91: CAP2ACT | C91: TRA_Car_Cng_Lom | D91: - | E91: - | F91: - | G91: - | H91: - | I91: - | J91: - | K91: - | L91: 0.001 | M91: 0.001 | N91: 0.001 | O91: 0.001 | P91: 0.001 | Q91: 0.001 | R91: 0.001 | S91: 0.001 | T91: 0.001 | U91: 0.001 | V91: 0.001 | W91: 0.001 | X91: 0.001 | Y91: 0.001 | Z91: 0.001 | AA91: 0.001 | AB91: 0.001 | AC91: 0.001 | AD91: 0.001 | AE91: 0.001 | AF91: 0.001 | AG91: 0.001 | AH91: 0.001 | AI91: 0.001 | AJ91: 0.001 | AK91: 0.001 | AL91: 0.001 | AM91: 0.001 | AN91: 0.001 | AO91: 0.001 | AP91: 0.001 | AQ91: 0.001 | AR91: 0.001 | AS91: 0.001 | AT91: 0.001 | AU91: 0.001 | AV91: 0.001 | AW91: -
A92: BASE | B92: CAP2ACT | C92: TRA_Car_Cng_Sma | D92: - | E92: - | F92: - | G92: - | H92: - | I92: - | J92: - | K92: - | L92: 0.001 | M92: 0.001 | N92: 0.001 | O92: 0.001 | P92: 0.001 | Q92: 0.001 | R92: 0.001 | S92: 0.001 | T92: 0.001 | U92: 0.001 | V92: 0.001 | W92: 0.001 | X92: 0.001 | Y92: 0.001 | Z92: 0.001 | AA92: 0.001 | AB92: 0.001 | AC92: 0.001 | AD92: 0.001 | AE92: 0.001 | AF92: 0.001 | AG92: 0.001 | AH92: 0.001 | AI92: 0.001 | AJ92: 0.001 | AK92: 0.001 | AL92: 0.001 | AM92: 0.001 | AN92: 0.001 | AO92: 0.001 | AP92: 0.001 | AQ92: 0.001 | AR92: 0.001 | AS92: 0.001 | AT92: 0.001 | AU92: 0.001 | AV92: 0.001 | AW92: -
... A167: BASE | B167: EFF | C167: TRA_Rai_Pas_Metro | D167: - | E167: - | F167: ANNUAL | G167: 2010 | H167: - | I167: - | J167: - | K167: - | L167: 5.7518614 | M167: 4.2115585 | N167: 5.427891 | O167: 4.5805535 | P167: 6.0404229 | Q167: 4.6960434 | R167: 5.7518614 | S167: 3.3880373 | T167: 4.6960434 | U167: 6.2633703 | V167: 3.2476803 | W167: 5.7518614 | X167: 3.5283296 | Y167: 5.4692413 | Z167: 6.111543 | AA167: 5.427891 | AB167: 6.2770827 | AC167: 4.304098 | AD167: 5.4692413 | AE167: 4.2475786 | AF167: 5.427891 | AG167: 5.3074937 | AH167: 5.3074937 | AI167: 4.8199606 | AJ167: 5.7518614 | AK167: 5.427891 | AL167: 5.7518614 | AM167: 6.6866527 | AN167: 5.4692413 | AO167: 6.8302388 | AP167: 7.1624821 | AQ167: 3.9426166 | AR167: 5.427891 | AS167: 4.9832416 | AT167: 5.3074937 | AU167: 5.9522581 | AV167: 6.1785081 | AW167: -

Sheet INS
C1: ~TFM_INS
C2: Attribute | D2: PSET_PN | E2: Other_Indexes | F2: AllRegions | G2: =RdTRABYVals!L$1 -> AL | H2: =RdTRABYVals!M$1 -> AT | I2: =RdTRABYVals!N$1 -> BA | J2: =RdTRABYVals!O$1 -> BE | K2: =RdTRABYVals!P$1 -> BG | L2: =RdTRABYVals!Q$1 -> CH | M2: =RdTRABYVals!R$1 -> CY | N2: =RdTRABYVals!S$1 -> CZ | ... AQ2: =RdTRABYVals!AV$1 -> UK
A3: TRA_Bus* | C3: ACTFLO | D3: =A3 -> TRA_Bus* | E3: DEMO | F3: =AVERAGE(G3:AQ3) -> 20.082371 | G3: =IFERROR(AVERAGEIFS(RdTRABYVals!L$2:L$999,RdTRABYVals!$B$2:$B$999,"="&$C3,RdTRABYVals!$C$2:$C$999,"="&INS!$A3),"") -> 27.25 | H3: =IFERROR(AVERAGEIFS(RdTRABYVals!M$2:M$999,RdTRABYVals!$B$2:$B$999,"="&$C3,RdTRABYVals!$C$2:$C$999,"="&INS!$A3),"") -> 18.844231 | I3: =IFERROR(AVERAGEIFS(RdTRABYVals!N$2:N$999,RdTRABYVals!$B$2:$B$999,"="&$C3,RdTRABYVals!$C$2:$C$999,"="&INS!$A3),"") -> 8.8645163 | J3: =IFERROR(AVERAGEIFS(RdTRABYVals!O$2:O$999,RdTRABYVals!$B$2:$B$999,"="&$C3,RdTRABYVals!$C$2:$C$999,"="&INS!$A3),"") -> 32.854839 | K3: =IFERROR(AVERAGEIFS(RdTRABYVals!P$2:P$999,RdTRABYVals!$B$2:$B$999,"="&$C3,RdTRABYVals!$C$2:$C$999,"="&INS!$A3),"") -> 19.464134 | L3: =IFERROR(AVERAGEIFS(RdTRABYVals!Q$2:Q$999,RdTRABYVals!$B$2:$B$999,"="&$C3,RdTRABYVals!$C$2:$C$999,"="&INS!$A3),"") -> 22.708029 | M3: =IFERROR(AVERAGEIFS(RdTRABYVals!R$2:R$999,RdTRABYVals!$B$2:$B$999,"="&$C3,RdTRABYVals!$C$2:$C$999,"="&INS!$A3),"") -> 9.6167755 | N3: =IFERROR(AVERAGEIFS(RdTRABYVals!S$2:S$999,RdTRABYVals!$B$2:$B$999,"="&$C3,RdTRABYVals!$C$2:$C$999,"="&INS!$A3),"") -> 24.425665 | ... AQ3: =IFERROR(AVERAGEIFS(RdTRABYVals!AV$2:AV$999,RdTRABYVals!$B$2:$B$999,"="&$C3,RdTRABYVals!$C$2:$C$999,"="&INS!$A3),"") -> 17
A4: TRA_Car* | C4: ACTFLO | D4: =A4 -> TRA_Car* | E4: DEMO | F4: =AVERAGE(G4:AQ4) -> 1.5782919 | G4: =IFERROR(AVERAGEIFS(RdTRABYVals!L$2:L$999,RdTRABYVals!$B$2:$B$999,"="&$C4,RdTRABYVals!$C$2:$C$999,"="&INS!$A4),"") -> 1.4975108 | H4: =IFERROR(AVERAGEIFS(RdTRABYVals!M$2:M$999,RdTRABYVals!$B$2:$B$999,"="&$C4,RdTRABYVals!$C$2:$C$999,"="&INS!$A4),"") -> 1.1799999 | I4: =IFERROR(AVERAGEIFS(RdTRABYVals!N$2:N$999,RdTRABYVals!$B$2:$B$999,"="&$C4,RdTRABYVals!$C$2:$C$999,"="&INS!$A4),"") -> 1.3824637 | J4: =IFERROR(AVERAGEIFS(RdTRABYVals!O$2:O$999,RdTRABYVals!$B$2:$B$999,"="&$C4,RdTRABYVals!$C$2:$C$999,"="&INS!$A4),"") -> 1.5102819 | K4: =IFERROR(AVERAGEIFS(RdTRABYVals!P$2:P$999,RdTRABYVals!$B$2:$B$999,"="&$C4,RdTRABYVals!$C$2:$C$999,"="&INS!$A4),"") -> 1.5599999 | L4: =IFERROR(AVERAGEIFS(RdTRABYVals!Q$2:Q$999,RdTRABYVals!$B$2:$B$999,"="&$C4,RdTRABYVals!$C$2:$C$999,"="&INS!$A4),"") -> 1.6065165 | M4: =IFERROR(AVERAGEIFS(RdTRABYVals!R$2:R$999,RdTRABYVals!$B$2:$B$999,"="&$C4,RdTRABYVals!$C$2:$C$999,"="&INS!$A4),"") -> 1.4644458 | N4: =IFERROR(AVERAGEIFS(RdTRABYVals!S$2:S$999,RdTRABYVals!$B$2:$B$999,"="&$C4,RdTRABYVals!$C$2:$C$999,"="&INS!$A4),"") -> 1.38 | ... AQ4: =IFERROR(AVERAGEIFS(RdTRABYVals!AV$2:AV$999,RdTRABYVals!$B$2:$B$999,"="&$C4,RdTRABYVals!$C$2:$C$999,"="&INS!$A4),"") -> 1.5599999
A5: TRA_Hdt* | C5: ACTFLO | D5: =A5 -> TRA_Hdt* | E5: DEMO | F5: =AVERAGE(G5:AQ5) -> 5.9181669 | G5: =IFERROR(AVERAGEIFS(RdTRABYVals!L$2:L$999,RdTRABYVals!$B$2:$B$999,"="&$C5,RdTRABYVals!$C$2:$C$999,"="&INS!$A5),"") -> 4.0002391 | H5: =IFERROR(AVERAGEIFS(RdTRABYVals!M$2:M$999,RdTRABYVals!$B$2:$B$999,"="&$C5,RdTRABYVals!$C$2:$C$999,"="&INS!$A5),"") -> 12.696687 | I5: =IFERROR(AVERAGEIFS(RdTRABYVals!N$2:N$999,RdTRABYVals!$B$2:$B$999,"="&$C5,RdTRABYVals!$C$2:$C$999,"="&INS!$A5),"") -> 6.4706438 | J5: =IFERROR(AVERAGEIFS(RdTRABYVals!O$2:O$999,RdTRABYVals!$B$2:$B$999,"="&$C5,RdTRABYVals!$C$2:$C$999,"="&INS!$A5),"") -> 3.6177164 | K5: =IFERROR(AVERAGEIFS(RdTRABYVals!P$2:P$999,RdTRABYVals!$B$2:$B$999,"="&$C5,RdTRABYVals!$C$2:$C$999,"="&INS!$A5),"") -> 8.6602057 | L5: =IFERROR(AVERAGEIFS(RdTRABYVals!Q$2:Q$999,RdTRABYVals!$B$2:$B$999,"="&$C5,RdTRABYVals!$C$2:$C$999,"="&INS!$A5),"") -> 5.0234684 | M5: =IFERROR(AVERAGEIFS(RdTRABYVals!R$2:R$999,RdTRABYVals!$B$2:$B$999,"="&$C5,RdTRABYVals!$C$2:$C$999,"="&INS!$A5),"") -> 2.5017761 | N5: =IFERROR(AVERAGEIFS(RdTRABYVals!S$2:S$999,RdTRABYVals!$B$2:$B$999,"="&$C5,RdTRABYVals!$C$2:$C$999,"="&INS!$A5),"") -> 5.7131483 | ... AQ5: =IFERROR(AVERAGEIFS(RdTRABYVals!AV$2:AV$999,RdTRABYVals!$B$2:$B$999,"="&$C5,RdTRABYVals!$C$2:$C$999,"="&INS!$A5),"") -> 3.5974753
A6: TRA_Lcv* | C6: ACTFLO | D6: =A6 -> TRA_Lcv* | E6: DEMO | F6: =AVERAGE(G6:AQ6) -> 0.5 | G6: =IFERROR(AVERAGEIFS(RdTRABYVals!L$2:L$999,RdTRABYVals!$B$2:$B$999,"="&$C6,RdTRABYVals!$C$2:$C$999,"="&INS!$A6),"") -> 0.5 | H6: =IFERROR(AVERAGEIFS(RdTRABYVals!M$2:M$999,RdTRABYVals!$B$2:$B$999,"="&$C6,RdTRABYVals!$C$2:$C$999,"="&INS!$A6),"") -> 0.5 | I6: =IFERROR(AVERAGEIFS(RdTRABYVals!N$2:N$999,RdTRABYVals!$B$2:$B$999,"="&$C6,RdTRABYVals!$C$2:$C$999,"="&INS!$A6),"") -> 0.5 | J6: =IFERROR(AVERAGEIFS(RdTRABYVals!O$2:O$999,RdTRABYVals!$B$2:$B$999,"="&$C6,RdTRABYVals!$C$2:$C$999,"="&INS!$A6),"") -> 0.5 | K6: =IFERROR(AVERAGEIFS(RdTRABYVals!P$2:P$999,RdTRABYVals!$B$2:$B$999,"="&$C6,RdTRABYVals!$C$2:$C$999,"="&INS!$A6),"") -> 0.5 | L6: =IFERROR(AVERAGEIFS(RdTRABYVals!Q$2:Q$999,RdTRABYVals!$B$2:$B$999,"="&$C6,RdTRABYVals!$C$2:$C$999,"="&INS!$A6),"") -> 0.5 | M6: =IFERROR(AVERAGEIFS(RdTRABYVals!R$2:R$999,RdTRABYVals!$B$2:$B$999,"="&$C6,RdTRABYVals!$C$2:$C$999,"="&INS!$A6),"") -> 0.5 | N6: =IFERROR(AVERAGEIFS(RdTRABYVals!S$2:S$999,RdTRABYVals!$B$2:$B$999,"="&$C6,RdTRABYVals!$C$2:$C$999,"="&INS!$A6),"") -> 0.5 | ... AQ6: =IFERROR(AVERAGEIFS(RdTRABYVals!AV$2:AV$999,RdTRABYVals!$B$2:$B$999,"="&$C6,RdTRABYVals!$C$2:$C$999,"="&INS!$A6),"") -> 0.5
A7: TRA_Mop* | C7: ACTFLO | D7: =A7 -> TRA_Mop* | E7: DEMO | F7: =AVERAGE(G7:AQ7) -> 1.1045681 | G7: =IFERROR(AVERAGEIFS(RdTRABYVals!L$2:L$999,RdTRABYVals!$B$2:$B$999,"="&$C7,RdTRABYVals!$C$2:$C$999,"="&INS!$A7),"") -> 1.1 | H7: =IFERROR(AVERAGEIFS(RdTRABYVals!M$2:M$999,RdTRABYVals!$B$2:$B$999,"="&$C7,RdTRABYVals!$C$2:$C$999,"="&INS!$A7),"") -> 1.1005542 | I7: =IFERROR(AVERAGEIFS(RdTRABYVals!N$2:N$999,RdTRABYVals!$B$2:$B$999,"="&$C7,RdTRABYVals!$C$2:$C$999,"="&INS!$A7),"") -> 1.1 | J7: =IFERROR(AVERAGEIFS(RdTRABYVals!O$2:O$999,RdTRABYVals!$B$2:$B$999,"="&$C7,RdTRABYVals!$C$2:$C$999,"="&INS!$A7),"") -> 1.056 | K7: =IFERROR(AVERAGEIFS(RdTRABYVals!P$2:P$999,RdTRABYVals!$B$2:$B$999,"="&$C7,RdTRABYVals!$C$2:$C$999,"="&INS!$A7),"") -> 1.1 | L7: =IFERROR(AVERAGEIFS(RdTRABYVals!Q$2:Q$999,RdTRABYVals!$B$2:$B$999,"="&$C7,RdTRABYVals!$C$2:$C$999,"="&INS!$A7),"") -> 1.0742905 | M7: =IFERROR(AVERAGEIFS(RdTRABYVals!R$2:R$999,RdTRABYVals!$B$2:$B$999,"="&$C7,RdTRABYVals!$C$2:$C$999,"="&INS!$A7),"") -> 1.1 | N7: =IFERROR(AVERAGEIFS(RdTRABYVals!S$2:S$999,RdTRABYVals!$B$2:$B$999,"="&$C7,RdTRABYVals!$C$2:$C$999,"="&INS!$A7),"") -> 1.1 | ... AQ7: =IFERROR(AVERAGEIFS(RdTRABYVals!AV$2:AV$999,RdTRABYVals!$B$2:$B$999,"="&$C7,RdTRABYVals!$C$2:$C$999,"="&INS!$A7),"") -> 1.1045655
A8: TRA_Mot* | C8: ACTFLO | D8: =A8 -> TRA_Mot* | E8: DEMO | F8: =AVERAGE(G8:AQ8) -> 1.1041977 | G8: =IFERROR(AVERAGEIFS(RdTRABYVals!L$2:L$999,RdTRABYVals!$B$2:$B$999,"="&$C8,RdTRABYVals!$C$2:$C$999,"="&INS!$A8),"") -> 1.1 | H8: =IFERROR(AVERAGEIFS(RdTRABYVals!M$2:M$999,RdTRABYVals!$B$2:$B$999,"="&$C8,RdTRABYVals!$C$2:$C$999,"="&INS!$A8),"") -> 1.1005542 | I8: =IFERROR(AVERAGEIFS(RdTRABYVals!N$2:N$999,RdTRABYVals!$B$2:$B$999,"="&$C8,RdTRABYVals!$C$2:$C$999,"="&INS!$A8),"") -> 1.1 | J8: =IFERROR(AVERAGEIFS(RdTRABYVals!O$2:O$999,RdTRABYVals!$B$2:$B$999,"="&$C8,RdTRABYVals!$C$2:$C$999,"="&INS!$A8),"") -> 1.056 | K8: =IFERROR(AVERAGEIFS(RdTRABYVals!P$2:P$999,RdTRABYVals!$B$2:$B$999,"="&$C8,RdTRABYVals!$C$2:$C$999,"="&INS!$A8),"") -> 1.1 | L8: =IFERROR(AVERAGEIFS(RdTRABYVals!Q$2:Q$999,RdTRABYVals!$B$2:$B$999,"="&$C8,RdTRABYVals!$C$2:$C$999,"="&INS!$A8),"") -> 1.0742905 | M8: =IFERROR(AVERAGEIFS(RdTRABYVals!R$2:R$999,RdTRABYVals!$B$2:$B$999,"="&$C8,RdTRABYVals!$C$2:$C$999,"="&INS!$A8),"") -> 1.1 | N8: =IFERROR(AVERAGEIFS(RdTRABYVals!S$2:S$999,RdTRABYVals!$B$2:$B$999,"="&$C8,RdTRABYVals!$C$2:$C$999,"="&INS!$A8),"") -> 1.1 | ... AQ8: =IFERROR(AVERAGEIFS(RdTRABYVals!AV$2:AV$999,RdTRABYVals!$B$2:$B$999,"="&$C8,RdTRABYVals!$C$2:$C$999,"="&INS!$A8),"") -> 1.1045655
C11: ~TFM_INS
C12: Attribute | D12: PSET_PN | E12: Other_Indexes | F12: AllRegions
C13: CAP2ACT | D13: =A3 -> TRA_Bus* | F13: 0.001
C14: CAP2ACT | D14: =A4 -> TRA_Car* | F14: 0.001
C15: CAP2ACT | D15: =A5 -> TRA_Hdt* | F15: 0.001
C16: CAP2ACT | D16: =A6 -> TRA_Lcv* | F16: 0.001
C17: CAP2ACT | D17: =A7 -> TRA_Mop* | F17: 0.001
C18: CAP2ACT | D18: =A8 -> TRA_Mot* | F18: 0.001
C21: ~TFM_INS
C22: Attribute | D22: PSET_PN | E22: Year | F22: AllRegions | G22: =RdTRABYVals!L$1 -> AL | H22: =RdTRABYVals!M$1 -> AT | I22: =RdTRABYVals!N$1 -> BA | J22: =RdTRABYVals!O$1 -> BE | K22: =RdTRABYVals!P$1 -> BG | L22: =RdTRABYVals!Q$1 -> CH | M22: =RdTRABYVals!R$1 -> CY | N22: =RdTRABYVals!S$1 -> CZ | ... AQ22: =RdTRABYVals!AV$1 -> UK
A23: TRA_Bus_Cng_Coa* | C23: AF | D23: =A23 -> TRA_Bus_Cng_Coa* | F23: =AVERAGE(G23:AQ23) -> 16.318 | G23: =IFERROR(AVERAGEIFS(RdTRABYVals!L$2:L$999,RdTRABYVals!$B$2:$B$999,"="&$C23,RdTRABYVals!$C$2:$C$999,"="&INS!$A23),"") | H23: =IFERROR(AVERAGEIFS(RdTRABYVals!M$2:M$999,RdTRABYVals!$B$2:$B$999,"="&$C23,RdTRABYVals!$C$2:$C$999,"="&INS!$A23),"") | I23: =IFERROR(AVERAGEIFS(RdTRABYVals!N$2:N$999,RdTRABYVals!$B$2:$B$999,"="&$C23,RdTRABYVals!$C$2:$C$999,"="&INS!$A23),"") | J23: =IFERROR(AVERAGEIFS(RdTRABYVals!O$2:O$999,RdTRABYVals!$B$2:$B$999,"="&$C23,RdTRABYVals!$C$2:$C$999,"="&INS!$A23),"") | K23: =IFERROR(AVERAGEIFS(RdTRABYVals!P$2:P$999,RdTRABYVals!$B$2:$B$999,"="&$C23,RdTRABYVals!$C$2:$C$999,"="&INS!$A23),"") | L23: =IFERROR(AVERAGEIFS(RdTRABYVals!Q$2:Q$999,RdTRABYVals!$B$2:$B$999,"="&$C23,RdTRABYVals!$C$2:$C$999,"="&INS!$A23),"") | M23: =IFERROR(AVERAGEIFS(RdTRABYVals!R$2:R$999,RdTRABYVals!$B$2:$B$999,"="&$C23,RdTRABYVals!$C$2:$C$999,"="&INS!$A23),"") | N23: =IFERROR(AVERAGEIFS(RdTRABYVals!S$2:S$999,RdTRABYVals!$B$2:$B$999,"="&$C23,RdTRABYVals!$C$2:$C$999,"="&INS!$A23),"") | ... AQ23: =IFERROR(AVERAGEIFS(RdTRABYVals!AV$2:AV$999,RdTRABYVals!$B$2:$B$999,"="&$C23,RdTRABYVals!$C$2:$C$999,"="&INS!$A23),"")
A24: TRA_Bus_Cng_Urb* | C24: AF | D24: =A24 -> TRA_Bus_Cng_Urb* | F24: =AVERAGE(G24:AQ24) -> 35.596783 | G24: =IFERROR(AVERAGEIFS(RdTRABYVals!L$2:L$999,RdTRABYVals!$B$2:$B$999,"="&$C24,RdTRABYVals!$C$2:$C$999,"="&INS!$A24),"") | H24: =IFERROR(AVERAGEIFS(RdTRABYVals!M$2:M$999,RdTRABYVals!$B$2:$B$999,"="&$C24,RdTRABYVals!$C$2:$C$999,"="&INS!$A24),"") | I24: =IFERROR(AVERAGEIFS(RdTRABYVals!N$2:N$999,RdTRABYVals!$B$2:$B$999,"="&$C24,RdTRABYVals!$C$2:$C$999,"="&INS!$A24),"") | J24: =IFERROR(AVERAGEIFS(RdTRABYVals!O$2:O$999,RdTRABYVals!$B$2:$B$999,"="&$C24,RdTRABYVals!$C$2:$C$999,"="&INS!$A24),"") | K24: =IFERROR(AVERAGEIFS(RdTRABYVals!P$2:P$999,RdTRABYVals!$B$2:$B$999,"="&$C24,RdTRABYVals!$C$2:$C$999,"="&INS!$A24),"") | L24: =IFERROR(AVERAGEIFS(RdTRABYVals!Q$2:Q$999,RdTRABYVals!$B$2:$B$999,"="&$C24,RdTRABYVals!$C$2:$C$999,"="&INS!$A24),"") -> 59.1877 | M24: =IFERROR(AVERAGEIFS(RdTRABYVals!R$2:R$999,RdTRABYVals!$B$2:$B$999,"="&$C24,RdTRABYVals!$C$2:$C$999,"="&INS!$A24),"") | N24: =IFERROR(AVERAGEIFS(RdTRABYVals!S$2:S$999,RdTRABYVals!$B$2:$B$999,"="&$C24,RdTRABYVals!$C$2:$C$999,"="&INS!$A24),"") | ... AQ24: =IFERROR(AVERAGEIFS(RdTRABYVals!AV$2:AV$999,RdTRABYVals!$B$2:$B$999,"="&$C24,RdTRABYVals!$C$2:$C$999,"="&INS!$A24),"")
A25: TRA_Bus_Dis_Coa* | C25: AF | D25: =A25 -> TRA_Bus_Dis_Coa* | F25: =AVERAGE(G25:AQ25) -> 66.756157 | G25: =IFERROR(AVERAGEIFS(RdTRABYVals!L$2:L$999,RdTRABYVals!$B$2:$B$999,"="&$C25,RdTRABYVals!$C$2:$C$999,"="&INS!$A25),"") -> 90.5633 | H25: =IFERROR(AVERAGEIFS(RdTRABYVals!M$2:M$999,RdTRABYVals!$B$2:$B$999,"="&$C25,RdTRABYVals!$C$2:$C$999,"="&INS!$A25),"") -> 137.92 | I25: =IFERROR(AVERAGEIFS(RdTRABYVals!N$2:N$999,RdTRABYVals!$B$2:$B$999,"="&$C25,RdTRABYVals!$C$2:$C$999,"="&INS!$A25),"") -> 82.638 | J25: =IFERROR(AVERAGEIFS(RdTRABYVals!O$2:O$999,RdTRABYVals!$B$2:$B$999,"="&$C25,RdTRABYVals!$C$2:$C$999,"="&INS!$A25),"") -> 61.8505 | K25: =IFERROR(AVERAGEIFS(RdTRABYVals!P$2:P$999,RdTRABYVals!$B$2:$B$999,"="&$C25,RdTRABYVals!$C$2:$C$999,"="&INS!$A25),"") -> 27.1992 | L25: =IFERROR(AVERAGEIFS(RdTRABYVals!Q$2:Q$999,RdTRABYVals!$B$2:$B$999,"="&$C25,RdTRABYVals!$C$2:$C$999,"="&INS!$A25),"") -> 55.6788 | M25: =IFERROR(AVERAGEIFS(RdTRABYVals!R$2:R$999,RdTRABYVals!$B$2:$B$999,"="&$C25,RdTRABYVals!$C$2:$C$999,"="&INS!$A25),"") -> 43.6949 | N25: =IFERROR(AVERAGEIFS(RdTRABYVals!S$2:S$999,RdTRABYVals!$B$2:$B$999,"="&$C25,RdTRABYVals!$C$2:$C$999,"="&INS!$A25),"") -> 50.4533 | ... AQ25: =IFERROR(AVERAGEIFS(RdTRABYVals!AV$2:AV$999,RdTRABYVals!$B$2:$B$999,"="&$C25,RdTRABYVals!$C$2:$C$999,"="&INS!$A25),"") -> 65.0539
A26: TRA_Bus_Dis_Urb* | C26: AF | D26: =A26 -> TRA_Bus_Dis_Urb* | F26: =AVERAGE(G26:AQ26) -> 59.629108 | G26: =IFERROR(AVERAGEIFS(RdTRABYVals!L$2:L$999,RdTRABYVals!$B$2:$B$999,"="&$C26,RdTRABYVals!$C$2:$C$999,"="&INS!$A26),"") -> 69.3442 | H26: =IFERROR(AVERAGEIFS(RdTRABYVals!M$2:M$999,RdTRABYVals!$B$2:$B$999,"="&$C26,RdTRABYVals!$C$2:$C$999,"="&INS!$A26),"") -> 103.075 | I26: =IFERROR(AVERAGEIFS(RdTRABYVals!N$2:N$999,RdTRABYVals!$B$2:$B$999,"="&$C26,RdTRABYVals!$C$2:$C$999,"="&INS!$A26),"") -> 78.5665 | J26: =IFERROR(AVERAGEIFS(RdTRABYVals!O$2:O$999,RdTRABYVals!$B$2:$B$999,"="&$C26,RdTRABYVals!$C$2:$C$999,"="&INS!$A26),"") -> 68.8636 | K26: =IFERROR(AVERAGEIFS(RdTRABYVals!P$2:P$999,RdTRABYVals!$B$2:$B$999,"="&$C26,RdTRABYVals!$C$2:$C$999,"="&INS!$A26),"") -> 23.7368 | L26: =IFERROR(AVERAGEIFS(RdTRABYVals!Q$2:Q$999,RdTRABYVals!$B$2:$B$999,"="&$C26,RdTRABYVals!$C$2:$C$999,"="&INS!$A26),"") -> 56.0046 | M26: =IFERROR(AVERAGEIFS(RdTRABYVals!R$2:R$999,RdTRABYVals!$B$2:$B$999,"="&$C26,RdTRABYVals!$C$2:$C$999,"="&INS!$A26),"") -> 36.5657 | N26: =IFERROR(AVERAGEIFS(RdTRABYVals!S$2:S$999,RdTRABYVals!$B$2:$B$999,"="&$C26,RdTRABYVals!$C$2:$C$999,"="&INS!$A26),"") -> 40.3638 | ... AQ26: =IFERROR(AVERAGEIFS(RdTRABYVals!AV$2:AV$999,RdTRABYVals!$B$2:$B$999,"="&$C26,RdTRABYVals!$C$2:$C$999,"="&INS!$A26),"") -> 55.87
A27: TRA_Bus_Gas_Coa* | C27: AF | D27: =A27 -> TRA_Bus_Gas_Coa* | F27: =AVERAGE(G27:AQ27) -> 39.1639 | G27: =IFERROR(AVERAGEIFS(RdTRABYVals!L$2:L$999,RdTRABYVals!$B$2:$B$999,"="&$C27,RdTRABYVals!$C$2:$C$999,"="&INS!$A27),"") | H27: =IFERROR(AVERAGEIFS(RdTRABYVals!M$2:M$999,RdTRABYVals!$B$2:$B$999,"="&$C27,RdTRABYVals!$C$2:$C$999,"="&INS!$A27),"") | I27: =IFERROR(AVERAGEIFS(RdTRABYVals!N$2:N$999,RdTRABYVals!$B$2:$B$999,"="&$C27,RdTRABYVals!$C$2:$C$999,"="&INS!$A27),"") | J27: =IFERROR(AVERAGEIFS(RdTRABYVals!O$2:O$999,RdTRABYVals!$B$2:$B$999,"="&$C27,RdTRABYVals!$C$2:$C$999,"="&INS!$A27),"") | K27: =IFERROR(AVERAGEIFS(RdTRABYVals!P$2:P$999,RdTRABYVals!$B$2:$B$999,"="&$C27,RdTRABYVals!$C$2:$C$999,"="&INS!$A27),"") | L27: =IFERROR(AVERAGEIFS(RdTRABYVals!Q$2:Q$999,RdTRABYVals!$B$2:$B$999,"="&$C27,RdTRABYVals!$C$2:$C$999,"="&INS!$A27),"") | M27: =IFERROR(AVERAGEIFS(RdTRABYVals!R$2:R$999,RdTRABYVals!$B$2:$B$999,"="&$C27,RdTRABYVals!$C$2:$C$999,"="&INS!$A27),"") | N27: =IFERROR(AVERAGEIFS(RdTRABYVals!S$2:S$999,RdTRABYVals!$B$2:$B$999,"="&$C27,RdTRABYVals!$C$2:$C$999,"="&INS!$A27),"") -> 41.3745 | ... AQ27: =IFERROR(AVERAGEIFS(RdTRABYVals!AV$2:AV$999,RdTRABYVals!$B$2:$B$999,"="&$C27,RdTRABYVals!$C$2:$C$999,"="&INS!$A27),"") -> 59.9374
A28: TRA_Bus_Gas_Urb* | C28: AF | D28: =A28 -> TRA_Bus_Gas_Urb* | F28: =AVERAGE(G28:AQ28) -> 31.403361 | G28: =IFERROR(AVERAGEIFS(RdTRABYVals!L$2:L$999,RdTRABYVals!$B$2:$B$999,"="&$C28,RdTRABYVals!$C$2:$C$999,"="&INS!$A28),"") | H28: =IFERROR(AVERAGEIFS(RdTRABYVals!M$2:M$999,RdTRABYVals!$B$2:$B$999,"="&$C28,RdTRABYVals!$C$2:$C$999,"="&INS!$A28),"") | I28: =IFERROR(AVERAGEIFS(RdTRABYVals!N$2:N$999,RdTRABYVals!$B$2:$B$999,"="&$C28,RdTRABYVals!$C$2:$C$999,"="&INS!$A28),"") | J28: =IFERROR(AVERAGEIFS(RdTRABYVals!O$2:O$999,RdTRABYVals!$B$2:$B$999,"="&$C28,RdTRABYVals!$C$2:$C$999,"="&INS!$A28),"") | K28: =IFERROR(AVERAGEIFS(RdTRABYVals!P$2:P$999,RdTRABYVals!$B$2:$B$999,"="&$C28,RdTRABYVals!$C$2:$C$999,"="&INS!$A28),"") | L28: =IFERROR(AVERAGEIFS(RdTRABYVals!Q$2:Q$999,RdTRABYVals!$B$2:$B$999,"="&$C28,RdTRABYVals!$C$2:$C$999,"="&INS!$A28),"") | M28: =IFERROR(AVERAGEIFS(RdTRABYVals!R$2:R$999,RdTRABYVals!$B$2:$B$999,"="&$C28,RdTRABYVals!$C$2:$C$999,"="&INS!$A28),"") | N28: =IFERROR(AVERAGEIFS(RdTRABYVals!S$2:S$999,RdTRABYVals!$B$2:$B$999,"="&$C28,RdTRABYVals!$C$2:$C$999,"="&INS!$A28),"") -> 28.6594 | ... AQ28: =IFERROR(AVERAGEIFS(RdTRABYVals!AV$2:AV$999,RdTRABYVals!$B$2:$B$999,"="&$C28,RdTRABYVals!$C$2:$C$999,"="&INS!$A28),"") -> 47.7124
A29: TRA_Bus_Lpg_Coa* | C29: AF | D29: =A29 -> TRA_Bus_Lpg_Coa* | F29: =AVERAGE(G29:AQ29) -> 148.262 | G29: =IFERROR(AVERAGEIFS(RdTRABYVals!L$2:L$999,RdTRABYVals!$B$2:$B$999,"="&$C29,RdTRABYVals!$C$2:$C$999,"="&INS!$A29),"") | H29: =IFERROR(AVERAGEIFS(RdTRABYVals!M$2:M$999,RdTRABYVals!$B$2:$B$999,"="&$C29,RdTRABYVals!$C$2:$C$999,"="&INS!$A29),"") | I29: =IFERROR(AVERAGEIFS(RdTRABYVals!N$2:N$999,RdTRABYVals!$B$2:$B$999,"="&$C29,RdTRABYVals!$C$2:$C$999,"="&INS!$A29),"") | J29: =IFERROR(AVERAGEIFS(RdTRABYVals!O$2:O$999,RdTRABYVals!$B$2:$B$999,"="&$C29,RdTRABYVals!$C$2:$C$999,"="&INS!$A29),"") | K29: =IFERROR(AVERAGEIFS(RdTRABYVals!P$2:P$999,RdTRABYVals!$B$2:$B$999,"="&$C29,RdTRABYVals!$C$2:$C$999,"="&INS!$A29),"") | L29: =IFERROR(AVERAGEIFS(RdTRABYVals!Q$2:Q$999,RdTRABYVals!$B$2:$B$999,"="&$C29,RdTRABYVals!$C$2:$C$999,"="&INS!$A29),"") | M29: =IFERROR(AVERAGEIFS(RdTRABYVals!R$2:R$999,RdTRABYVals!$B$2:$B$999,"="&$C29,RdTRABYVals!$C$2:$C$999,"="&INS!$A29),"") | N29: =IFERROR(AVERAGEIFS(RdTRABYVals!S$2:S$999,RdTRABYVals!$B$2:$B$999,"="&$C29,RdTRABYVals!$C$2:$C$999,"="&INS!$A29),"") | ... AQ29: =IFERROR(AVERAGEIFS(RdTRABYVals!AV$2:AV$999,RdTRABYVals!$B$2:$B$999,"="&$C29,RdTRABYVals!$C$2:$C$999,"="&INS!$A29),"") -> 148.262
A30: TRA_Bus_Lpg_Urb* | C30: AF | D30: =A30 -> TRA_Bus_Lpg_Urb* | F30: =AVERAGE(G30:AQ30) -> 54.34708 | G30: =IFERROR(AVERAGEIFS(RdTRABYVals!L$2:L$999,RdTRABYVals!$B$2:$B$999,"="&$C30,RdTRABYVals!$C$2:$C$999,"="&INS!$A30),"") | H30: =IFERROR(AVERAGEIFS(RdTRABYVals!M$2:M$999,RdTRABYVals!$B$2:$B$999,"="&$C30,RdTRABYVals!$C$2:$C$999,"="&INS!$A30),"") | I30: =IFERROR(AVERAGEIFS(RdTRABYVals!N$2:N$999,RdTRABYVals!$B$2:$B$999,"="&$C30,RdTRABYVals!$C$2:$C$999,"="&INS!$A30),"") | J30: =IFERROR(AVERAGEIFS(RdTRABYVals!O$2:O$999,RdTRABYVals!$B$2:$B$999,"="&$C30,RdTRABYVals!$C$2:$C$999,"="&INS!$A30),"") | K30: =IFERROR(AVERAGEIFS(RdTRABYVals!P$2:P$999,RdTRABYVals!$B$2:$B$999,"="&$C30,RdTRABYVals!$C$2:$C$999,"="&INS!$A30),"") | L30: =IFERROR(AVERAGEIFS(RdTRABYVals!Q$2:Q$999,RdTRABYVals!$B$2:$B$999,"="&$C30,RdTRABYVals!$C$2:$C$999,"="&INS!$A30),"") | M30: =IFERROR(AVERAGEIFS(RdTRABYVals!R$2:R$999,RdTRABYVals!$B$2:$B$999,"="&$C30,RdTRABYVals!$C$2:$C$999,"="&INS!$A30),"") | N30: =IFERROR(AVERAGEIFS(RdTRABYVals!S$2:S$999,RdTRABYVals!$B$2:$B$999,"="&$C30,RdTRABYVals!$C$2:$C$999,"="&INS!$A30),"") | ... AQ30: =IFERROR(AVERAGEIFS(RdTRABYVals!AV$2:AV$999,RdTRABYVals!$B$2:$B$999,"="&$C30,RdTRABYVals!$C$2:$C$999,"="&INS!$A30),"") -> 119.137
A31: TRA_Bus_Dis_Coa* | C31: AF | D31: TRA_Bus_GH2_Coa* | F31: =F25 -> 66.756157 | G31: =G25 -> 90.5633 | H31: =H25 -> 137.92 | I31: =I25 -> 82.638 | J31: =J25 -> 61.8505 | K31: =K25 -> 27.1992 | L31: =L25 -> 55.6788 | M31: =M25 -> 43.6949 | ... AQ31: =AQ25 -> 65.0539
A32: TRA_Bus_Dis_Coa* | C32: AF | D32: TRA_Bus_Eth_Coa* | F32: =F31 -> 66.756157 | G32: =G31 -> 90.5633 | H32: =H31 -> 137.92 | I32: =I31 -> 82.638 | J32: =J31 -> 61.8505 | K32: =K31 -> 27.1992 | L32: =L31 -> 55.6788 | M32: =M31 -> 43.6949 | ... AQ32: =AQ31 -> 65.0539
A33: TRA_Bus_Dis_Urb* | C33: AF | D33: TRA_Bus_GH2_Urb* | F33: =F26 -> 59.629108 | G33: =G26 -> 69.3442 | H33: =H26 -> 103.075 | I33: =I26 -> 78.5665 | J33: =J26 -> 68.8636 | K33: =K26 -> 23.7368 | L33: =L26 -> 56.0046 | M33: =M26 -> 36.5657 | ... AQ33: =AQ26 -> 55.87
A34: TRA_Bus_Dis_Urb* | C34: AF | D34: TRA_Bus_Eth_Urb* | F34: =F33 -> 59.629108 | G34: =G33 -> 69.3442 | H34: =H33 -> 103.075 | I34: =I33 -> 78.5665 | J34: =J33 -> 68.8636 | K34: =K33 -> 23.7368 | L34: =L33 -> 56.0046 | M34: =M33 -> 36.5657 | ... AQ34: =AQ33 -> 55.87
A35: TRA_Car_Cng_Exe* | C35: AF | D35: =A35 -> TRA_Car_Cng_Exe* | G35: =HLOOKUP(G$22,'Average km per veh'!$E$65:$AO$69,2,0) -> 17.187329 | H35: =HLOOKUP(H$22,'Average km per veh'!$E$65:$AO$69,2,0) -> 25.025053 | I35: =HLOOKUP(I$22,'Average km per veh'!$E$65:$AO$69,2,0) -> 19.086664 | J35: =HLOOKUP(J$22,'Average km per veh'!$E$65:$AO$69,2,0) -> 19.086561 | K35: =HLOOKUP(K$22,'Average km per veh'!$E$65:$AO$69,2,0) -> 12.279248 | L35: =HLOOKUP(L$22,'Average km per veh'!$E$65:$AO$69,2,0) -> 15.980351 | M35: =HLOOKUP(M$22,'Average km per veh'!$E$65:$AO$69,2,0) -> 16.797329 | N35: =HLOOKUP(N$22,'Average km per veh'!$E$65:$AO$69,2,0) -> 16.098147 | ... AQ35: =HLOOKUP(AQ$22,'Average km per veh'!$E$65:$AO$69,2,0) -> 17.313498
A36: TRA_Car_Cng_Lom* | C36: AF | D36: =A36 -> TRA_Car_Cng_Lom* | G36: =HLOOKUP(G$22,'Average km per veh'!$E$65:$AO$69,3,0) -> 11.231087 | H36: =HLOOKUP(H$22,'Average km per veh'!$E$65:$AO$69,3,0) -> 22.244049 | I36: =HLOOKUP(I$22,'Average km per veh'!$E$65:$AO$69,3,0) -> 16.42471 | J36: =HLOOKUP(J$22,'Average km per veh'!$E$65:$AO$69,3,0) -> 19.891649 | K36: =HLOOKUP(K$22,'Average km per veh'!$E$65:$AO$69,3,0) -> 10.901198 | L36: =HLOOKUP(L$22,'Average km per veh'!$E$65:$AO$69,3,0) -> 14.007954 | M36: =HLOOKUP(M$22,'Average km per veh'!$E$65:$AO$69,3,0) -> 13.758117 | N36: =HLOOKUP(N$22,'Average km per veh'!$E$65:$AO$69,3,0) -> 12.746347 | ... AQ36: =HLOOKUP(AQ$22,'Average km per veh'!$E$65:$AO$69,3,0) -> 15.161497
A37: TRA_Car_Cng_Sma* | C37: AF | D37: =A37 -> TRA_Car_Cng_Sma* | G37: =HLOOKUP(G$22,'Average km per veh'!$E$65:$AO$69,4,0) -> 7.1153893 | H37: =HLOOKUP(H$22,'Average km per veh'!$E$65:$AO$69,4,0) -> 19.046218 | I37: =HLOOKUP(I$22,'Average km per veh'!$E$65:$AO$69,4,0) -> 13.907252 | J37: =HLOOKUP(J$22,'Average km per veh'!$E$65:$AO$69,4,0) -> 15.699539 | K37: =HLOOKUP(K$22,'Average km per veh'!$E$65:$AO$69,4,0) -> 8.6603503 | L37: =HLOOKUP(L$22,'Average km per veh'!$E$65:$AO$69,4,0) -> 12.080379 | M37: =HLOOKUP(M$22,'Average km per veh'!$E$65:$AO$69,4,0) -> 12.11816 | N37: =HLOOKUP(N$22,'Average km per veh'!$E$65:$AO$69,4,0) -> 10.153642 | ... AQ37: =HLOOKUP(AQ$22,'Average km per veh'!$E$65:$AO$69,4,0) -> 12.891665
A38: TRA_Car_Cng_Upm* | C38: AF | D38: =A38 -> TRA_Car_Cng_Upm* | G38: =HLOOKUP(G$22,'Average km per veh'!$E$65:$AO$69,5,0) -> 11.979464 | H38: =HLOOKUP(H$22,'Average km per veh'!$E$65:$AO$69,5,0) -> 22.586001 | I38: =HLOOKUP(I$22,'Average km per veh'!$E$65:$AO$69,5,0) -> 16.601809 | J38: =HLOOKUP(J$22,'Average km per veh'!$E$65:$AO$69,5,0) -> 18.840384 | K38: =HLOOKUP(K$22,'Average km per veh'!$E$65:$AO$69,5,0) -> 8.9216805 | L38: =HLOOKUP(L$22,'Average km per veh'!$E$65:$AO$69,5,0) -> 13.941752 | M38: =HLOOKUP(M$22,'Average km per veh'!$E$65:$AO$69,5,0) -> 13.332813 | N38: =HLOOKUP(N$22,'Average km per veh'!$E$65:$AO$69,5,0) -> 12.806798 | ... AQ38: =HLOOKUP(AQ$22,'Average km per veh'!$E$65:$AO$69,5,0) -> 16.114876
A39: TRA_Car_Dis_Exe* | C39: AF | D39: =A39 -> TRA_Car_Dis_Exe* | G39: =G35-0.05 -> 17.137329 | H39: =H35-0.05 -> 24.975053 | I39: =I35-0.05 -> 19.036664 | J39: =J35-0.05 -> 19.036561 | K39: =K35-0.05 -> 12.229248 | L39: =L35-0.05 -> 15.930351 | M39: =M35-0.05 -> 16.747329 | N39: =N35-0.05 -> 16.048147 | ... AQ39: =AQ35-0.05 -> 17.263498
A40: TRA_Car_Dis_Lom* | C40: AF | D40: =A40 -> TRA_Car_Dis_Lom* | G40: =G36-0.05 -> 11.181087 | H40: =H36-0.05 -> 22.194049 | I40: =I36-0.05 -> 16.37471 | J40: =J36-0.05 -> 19.841649 | K40: =K36-0.05 -> 10.851198 | L40: =L36-0.05 -> 13.957954 | M40: =M36-0.05 -> 13.708117 | N40: =N36-0.05 -> 12.696347 | ... AQ40: =AQ36-0.05 -> 15.111497
A41: TRA_Car_Dis_Sma* | C41: AF | D41: =A41 -> TRA_Car_Dis_Sma* | G41: =G37-0.05 -> 7.0653893 | H41: =H37-0.05 -> 18.996218 | I41: =I37-0.05 -> 13.857252 | J41: =J37-0.05 -> 15.649539 | K41: =K37-0.05 -> 8.6103503 | L41: =L37-0.05 -> 12.030379 | M41: =M37-0.05 -> 12.06816 | N41: =N37-0.05 -> 10.103642 | ... AQ41: =AQ37-0.05 -> 12.841665
A42: TRA_Car_Dis_Upm* | C42: AF | D42: =A42 -> TRA_Car_Dis_Upm* | G42: =G38-0.05 -> 11.929464 | H42: =H38-0.05 -> 22.536001 | I42: =I38-0.05 -> 16.551809 | J42: =J38-0.05 -> 18.790384 | K42: =K38-0.05 -> 8.8716805 | L42: =L38-0.05 -> 13.891752 | M42: =M38-0.05 -> 13.282813 | N42: =N38-0.05 -> 12.756798 | ... AQ42: =AQ38-0.05 -> 16.064876
A43: TRA_Car_Fle_Fue_Exe* | C43: AF | D43: =A43 -> TRA_Car_Fle_Fue_Exe* | G43: =G39-0.05 -> 17.087329 | H43: =H39-0.05 -> 24.925053 | I43: =I39-0.05 -> 18.986664 | J43: =J39-0.05 -> 18.986561 | K43: =K39-0.05 -> 12.179248 | L43: =L39-0.05 -> 15.880351 | M43: =M39-0.05 -> 16.697329 | N43: =N39-0.05 -> 15.998147 | ... AQ43: =AQ39-0.05 -> 17.213498
A44: TRA_Car_Fle_Fue_Lom* | C44: AF | D44: =A44 -> TRA_Car_Fle_Fue_Lom* | G44: =G40-0.05 -> 11.131087 | H44: =H40-0.05 -> 22.144049 | I44: =I40-0.05 -> 16.32471 | J44: =J40-0.05 -> 19.791649 | K44: =K40-0.05 -> 10.801198 | L44: =L40-0.05 -> 13.907954 | M44: =M40-0.05 -> 13.658117 | N44: =N40-0.05 -> 12.646347 | ... AQ44: =AQ40-0.05 -> 15.061497
A45: TRA_Car_Fle_Fue_Sma* | C45: AF | D45: =A45 -> TRA_Car_Fle_Fue_Sma* | G45: =G41-0.05 -> 7.0153893 | H45: =H41-0.05 -> 18.946218 | I45: =I41-0.05 -> 13.807252 | J45: =J41-0.05 -> 15.599539 | K45: =K41-0.05 -> 8.5603503 | L45: =L41-0.05 -> 11.980379 | M45: =M41-0.05 -> 12.01816 | N45: =N41-0.05 -> 10.053642 | ... AQ45: =AQ41-0.05 -> 12.791665
A46: TRA_Car_Fle_Fue_Upm* | C46: AF | D46: =A46 -> TRA_Car_Fle_Fue_Upm* | G46: =G42-0.05 -> 11.879464 | H46: =H42-0.05 -> 22.486001 | I46: =I42-0.05 -> 16.501809 | J46: =J42-0.05 -> 18.740384 | K46: =K42-0.05 -> 8.8216805 | L46: =L42-0.05 -> 13.841752 | M46: =M42-0.05 -> 13.232813 | N46: =N42-0.05 -> 12.706798 | ... AQ46: =AQ42-0.05 -> 16.014876
A47: TRA_Car_Gas_Exe* | C47: AF | D47: =A47 -> TRA_Car_Gas_Exe* | G47: =G43-0.05 -> 17.037329 | H47: =H43-0.05 -> 24.875053 | I47: =I43-0.05 -> 18.936664 | J47: =J43-0.05 -> 18.936561 | K47: =K43-0.05 -> 12.129248 | L47: =L43-0.05 -> 15.830351 | M47: =M43-0.05 -> 16.647329 | N47: =N43-0.05 -> 15.948147 | ... AQ47: =AQ43-0.05 -> 17.163498
A48: TRA_Car_Gas_Lom* | C48: AF | D48: =A48 -> TRA_Car_Gas_Lom* | G48: =G44-0.05 -> 11.081087 | H48: =H44-0.05 -> 22.094049 | I48: =I44-0.05 -> 16.27471 | J48: =J44-0.05 -> 19.741649 | K48: =K44-0.05 -> 10.751198 | L48: =L44-0.05 -> 13.857954 | M48: =M44-0.05 -> 13.608117 | N48: =N44-0.05 -> 12.596347 | ... AQ48: =AQ44-0.05 -> 15.011497
A49: TRA_Car_Gas_Sma* | C49: AF | D49: =A49 -> TRA_Car_Gas_Sma* | G49: =G45-0.05 -> 6.9653893 | H49: =H45-0.05 -> 18.896218 | I49: =I45-0.05 -> 13.757252 | J49: =J45-0.05 -> 15.549539 | K49: =K45-0.05 -> 8.5103503 | L49: =L45-0.05 -> 11.930379 | M49: =M45-0.05 -> 11.96816 | N49: =N45-0.05 -> 10.003642 | ... AQ49: =AQ45-0.05 -> 12.741665
A50: TRA_Car_Gas_Upm* | C50: AF | D50: =A50 -> TRA_Car_Gas_Upm* | G50: =G46-0.05 -> 11.829464 | H50: =H46-0.05 -> 22.436001 | I50: =I46-0.05 -> 16.451809 | J50: =J46-0.05 -> 18.690384 | K50: =K46-0.05 -> 8.7716805 | L50: =L46-0.05 -> 13.791752 | M50: =M46-0.05 -> 13.182813 | N50: =N46-0.05 -> 12.656798 | ... AQ50: =AQ46-0.05 -> 15.964876
... A58: TRA_Car_Oth_Upm* | C58: AF | D58: =A58 -> TRA_Car_Oth_Upm* | G58: =G54-0.05 -> 11.729464 | H58: =H54-0.05 -> 22.336001 | I58: =I54-0.05 -> 16.351809 | J58: =J54-0.05 -> 18.590384 | K58: =K54-0.05 -> 8.6716805 | L58: =L54-0.05 -> 13.691752 | M58: =M54-0.05 -> 13.082813 | N58: =N54-0.05 -> 12.556798 | ... AQ58: =AQ54-0.05 -> 15.864876
A59: TRA_Hdt_Dis* | C59: AF | D59: =A59 -> TRA_Hdt_Dis* | F59: =AVERAGE(G59:AQ59) -> 52.942718 | G59: =IFERROR(AVERAGEIFS(RdTRABYVals!L$2:L$999,RdTRABYVals!$B$2:$B$999,"="&$C59,RdTRABYVals!$C$2:$C$999,"="&INS!$A59),"") -> 30.821991 | H59: =IFERROR(AVERAGEIFS(RdTRABYVals!M$2:M$999,RdTRABYVals!$B$2:$B$999,"="&$C59,RdTRABYVals!$C$2:$C$999,"="&INS!$A59),"") -> 106.0432 | I59: =IFERROR(AVERAGEIFS(RdTRABYVals!N$2:N$999,RdTRABYVals!$B$2:$B$999,"="&$C59,RdTRABYVals!$C$2:$C$999,"="&INS!$A59),"") -> 42.566525 | J59: =IFERROR(AVERAGEIFS(RdTRABYVals!O$2:O$999,RdTRABYVals!$B$2:$B$999,"="&$C59,RdTRABYVals!$C$2:$C$999,"="&INS!$A59),"") -> 68.136526 | K59: =IFERROR(AVERAGEIFS(RdTRABYVals!P$2:P$999,RdTRABYVals!$B$2:$B$999,"="&$C59,RdTRABYVals!$C$2:$C$999,"="&INS!$A59),"") -> 15.27153 | L59: =IFERROR(AVERAGEIFS(RdTRABYVals!Q$2:Q$999,RdTRABYVals!$B$2:$B$999,"="&$C59,RdTRABYVals!$C$2:$C$999,"="&INS!$A59),"") -> 76.375921 | M59: =IFERROR(AVERAGEIFS(RdTRABYVals!R$2:R$999,RdTRABYVals!$B$2:$B$999,"="&$C59,RdTRABYVals!$C$2:$C$999,"="&INS!$A59),"") -> 20.348356 | N59: =IFERROR(AVERAGEIFS(RdTRABYVals!S$2:S$999,RdTRABYVals!$B$2:$B$999,"="&$C59,RdTRABYVals!$C$2:$C$999,"="&INS!$A59),"") -> 37.320741 | ... AQ59: =IFERROR(AVERAGEIFS(RdTRABYVals!AV$2:AV$999,RdTRABYVals!$B$2:$B$999,"="&$C59,RdTRABYVals!$C$2:$C$999,"="&INS!$A59),"") -> 61.783618
A60: TRA_Hdt_Gas* | C60: AF | D60: =A60 -> TRA_Hdt_Gas* | F60: =AVERAGE(G60:AQ60) -> 30.851828 | G60: =IFERROR(AVERAGEIFS(RdTRABYVals!L$2:L$999,RdTRABYVals!$B$2:$B$999,"="&$C60,RdTRABYVals!$C$2:$C$999,"="&INS!$A60),"") -> 20.527078 | H60: =IFERROR(AVERAGEIFS(RdTRABYVals!M$2:M$999,RdTRABYVals!$B$2:$B$999,"="&$C60,RdTRABYVals!$C$2:$C$999,"="&INS!$A60),"") | I60: =IFERROR(AVERAGEIFS(RdTRABYVals!N$2:N$999,RdTRABYVals!$B$2:$B$999,"="&$C60,RdTRABYVals!$C$2:$C$999,"="&INS!$A60),"") -> 42.184469 | J60: =IFERROR(AVERAGEIFS(RdTRABYVals!O$2:O$999,RdTRABYVals!$B$2:$B$999,"="&$C60,RdTRABYVals!$C$2:$C$999,"="&INS!$A60),"") | K60: =IFERROR(AVERAGEIFS(RdTRABYVals!P$2:P$999,RdTRABYVals!$B$2:$B$999,"="&$C60,RdTRABYVals!$C$2:$C$999,"="&INS!$A60),"") -> 6.6019088 | L60: =IFERROR(AVERAGEIFS(RdTRABYVals!Q$2:Q$999,RdTRABYVals!$B$2:$B$999,"="&$C60,RdTRABYVals!$C$2:$C$999,"="&INS!$A60),"") | M60: =IFERROR(AVERAGEIFS(RdTRABYVals!R$2:R$999,RdTRABYVals!$B$2:$B$999,"="&$C60,RdTRABYVals!$C$2:$C$999,"="&INS!$A60),"") -> 25.261 | N60: =IFERROR(AVERAGEIFS(RdTRABYVals!S$2:S$999,RdTRABYVals!$B$2:$B$999,"="&$C60,RdTRABYVals!$C$2:$C$999,"="&INS!$A60),"") -> 11.199552 | ... AQ60: =IFERROR(AVERAGEIFS(RdTRABYVals!AV$2:AV$999,RdTRABYVals!$B$2:$B$999,"="&$C60,RdTRABYVals!$C$2:$C$999,"="&INS!$A60),"") -> 48.156912
A61: TRA_Hdt_Dis* | C61: AF | D61: TRA_Hdt_Cng* | F61: =F59 -> 52.942718 | G61: =G59 -> 30.821991 | H61: =H59 -> 106.0432 | I61: =I59 -> 42.566525 | J61: =J59 -> 68.136526 | K61: =K59 -> 15.27153 | L61: =L59 -> 76.375921 | M61: =M59 -> 20.348356 | ... AQ61: =AQ59 -> 61.783618
A62: TRA_Hdt_Dis* | C62: AF | D62: TRA_Hdt_GH2* | F62: =F61 -> 52.942718 | G62: =G61 -> 30.821991 | H62: =H61 -> 106.0432 | I62: =I61 -> 42.566525 | J62: =J61 -> 68.136526 | K62: =K61 -> 15.27153 | L62: =L61 -> 76.375921 | M62: =M61 -> 20.348356 | ... AQ62: =AQ61 -> 61.783618
A63: TRA_Lcv_Cng* | C63: AF | D63: =A63 -> TRA_Lcv_Cng* | F63: =AVERAGE(G63:AQ63) -> 16.920914 | G63: =IFERROR(AVERAGEIFS(RdTRABYVals!L$2:L$999,RdTRABYVals!$B$2:$B$999,"="&$C63,RdTRABYVals!$C$2:$C$999,"="&INS!$A63),"") | H63: =IFERROR(AVERAGEIFS(RdTRABYVals!M$2:M$999,RdTRABYVals!$B$2:$B$999,"="&$C63,RdTRABYVals!$C$2:$C$999,"="&INS!$A63),"") | I63: =IFERROR(AVERAGEIFS(RdTRABYVals!N$2:N$999,RdTRABYVals!$B$2:$B$999,"="&$C63,RdTRABYVals!$C$2:$C$999,"="&INS!$A63),"") | J63: =IFERROR(AVERAGEIFS(RdTRABYVals!O$2:O$999,RdTRABYVals!$B$2:$B$999,"="&$C63,RdTRABYVals!$C$2:$C$999,"="&INS!$A63),"") | K63: =IFERROR(AVERAGEIFS(RdTRABYVals!P$2:P$999,RdTRABYVals!$B$2:$B$999,"="&$C63,RdTRABYVals!$C$2:$C$999,"="&INS!$A63),"") | L63: =IFERROR(AVERAGEIFS(RdTRABYVals!Q$2:Q$999,RdTRABYVals!$B$2:$B$999,"="&$C63,RdTRABYVals!$C$2:$C$999,"="&INS!$A63),"") -> 13.709679 | M63: =IFERROR(AVERAGEIFS(RdTRABYVals!R$2:R$999,RdTRABYVals!$B$2:$B$999,"="&$C63,RdTRABYVals!$C$2:$C$999,"="&INS!$A63),"") | N63: =IFERROR(AVERAGEIFS(RdTRABYVals!S$2:S$999,RdTRABYVals!$B$2:$B$999,"="&$C63,RdTRABYVals!$C$2:$C$999,"="&INS!$A63),"") | ... AQ63: =IFERROR(AVERAGEIFS(RdTRABYVals!AV$2:AV$999,RdTRABYVals!$B$2:$B$999,"="&$C63,RdTRABYVals!$C$2:$C$999,"="&INS!$A63),"")
A64: TRA_Lcv_Dis* | C64: AF | D64: =A64 -> TRA_Lcv_Dis* | F64: =AVERAGE(G64:AQ64) -> 26.488346 | G64: =IFERROR(AVERAGEIFS(RdTRABYVals!L$2:L$999,RdTRABYVals!$B$2:$B$999,"="&$C64,RdTRABYVals!$C$2:$C$999,"="&INS!$A64),"") -> 21.486585 | H64: =IFERROR(AVERAGEIFS(RdTRABYVals!M$2:M$999,RdTRABYVals!$B$2:$B$999,"="&$C64,RdTRABYVals!$C$2:$C$999,"="&INS!$A64),"") -> 35.6141 | I64: =IFERROR(AVERAGEIFS(RdTRABYVals!N$2:N$999,RdTRABYVals!$B$2:$B$999,"="&$C64,RdTRABYVals!$C$2:$C$999,"="&INS!$A64),"") -> 33.003087 | J64: =IFERROR(AVERAGEIFS(RdTRABYVals!O$2:O$999,RdTRABYVals!$B$2:$B$999,"="&$C64,RdTRABYVals!$C$2:$C$999,"="&INS!$A64),"") -> 22.067711 | K64: =IFERROR(AVERAGEIFS(RdTRABYVals!P$2:P$999,RdTRABYVals!$B$2:$B$999,"="&$C64,RdTRABYVals!$C$2:$C$999,"="&INS!$A64),"") -> 10.033842 | L64: =IFERROR(AVERAGEIFS(RdTRABYVals!Q$2:Q$999,RdTRABYVals!$B$2:$B$999,"="&$C64,RdTRABYVals!$C$2:$C$999,"="&INS!$A64),"") -> 13.880517 | M64: =IFERROR(AVERAGEIFS(RdTRABYVals!R$2:R$999,RdTRABYVals!$B$2:$B$999,"="&$C64,RdTRABYVals!$C$2:$C$999,"="&INS!$A64),"") -> 16.622691 | N64: =IFERROR(AVERAGEIFS(RdTRABYVals!S$2:S$999,RdTRABYVals!$B$2:$B$999,"="&$C64,RdTRABYVals!$C$2:$C$999,"="&INS!$A64),"") -> 18.591444 | ... AQ64: =IFERROR(AVERAGEIFS(RdTRABYVals!AV$2:AV$999,RdTRABYVals!$B$2:$B$999,"="&$C64,RdTRABYVals!$C$2:$C$999,"="&INS!$A64),"") -> 21.35638
A65: TRA_Lcv_Gas* | C65: AF | D65: =A65 -> TRA_Lcv_Gas* | F65: =AVERAGE(G65:AQ65) -> 17.705282 | G65: =IFERROR(AVERAGEIFS(RdTRABYVals!L$2:L$999,RdTRABYVals!$B$2:$B$999,"="&$C65,RdTRABYVals!$C$2:$C$999,"="&INS!$A65),"") -> 15.109813 | H65: =IFERROR(AVERAGEIFS(RdTRABYVals!M$2:M$999,RdTRABYVals!$B$2:$B$999,"="&$C65,RdTRABYVals!$C$2:$C$999,"="&INS!$A65),"") -> 21.288196 | I65: =IFERROR(AVERAGEIFS(RdTRABYVals!N$2:N$999,RdTRABYVals!$B$2:$B$999,"="&$C65,RdTRABYVals!$C$2:$C$999,"="&INS!$A65),"") -> 23.753693 | J65: =IFERROR(AVERAGEIFS(RdTRABYVals!O$2:O$999,RdTRABYVals!$B$2:$B$999,"="&$C65,RdTRABYVals!$C$2:$C$999,"="&INS!$A65),"") -> 5.9949092 | K65: =IFERROR(AVERAGEIFS(RdTRABYVals!P$2:P$999,RdTRABYVals!$B$2:$B$999,"="&$C65,RdTRABYVals!$C$2:$C$999,"="&INS!$A65),"") -> 10.373801 | L65: =IFERROR(AVERAGEIFS(RdTRABYVals!Q$2:Q$999,RdTRABYVals!$B$2:$B$999,"="&$C65,RdTRABYVals!$C$2:$C$999,"="&INS!$A65),"") -> 9.7831354 | M65: =IFERROR(AVERAGEIFS(RdTRABYVals!R$2:R$999,RdTRABYVals!$B$2:$B$999,"="&$C65,RdTRABYVals!$C$2:$C$999,"="&INS!$A65),"") -> 14.054176 | N65: =IFERROR(AVERAGEIFS(RdTRABYVals!S$2:S$999,RdTRABYVals!$B$2:$B$999,"="&$C65,RdTRABYVals!$C$2:$C$999,"="&INS!$A65),"") -> 11.171347 | ... AQ65: =IFERROR(AVERAGEIFS(RdTRABYVals!AV$2:AV$999,RdTRABYVals!$B$2:$B$999,"="&$C65,RdTRABYVals!$C$2:$C$999,"="&INS!$A65),"") -> 16.953356
A66: TRA_Lcv_Lpg* | C66: AF | D66: =A66 -> TRA_Lcv_Lpg* | F66: =AVERAGE(G66:AQ66) -> 18.914011 | G66: =IFERROR(AVERAGEIFS(RdTRABYVals!L$2:L$999,RdTRABYVals!$B$2:$B$999,"="&$C66,RdTRABYVals!$C$2:$C$999,"="&INS!$A66),"") | H66: =IFERROR(AVERAGEIFS(RdTRABYVals!M$2:M$999,RdTRABYVals!$B$2:$B$999,"="&$C66,RdTRABYVals!$C$2:$C$999,"="&INS!$A66),"") | I66: =IFERROR(AVERAGEIFS(RdTRABYVals!N$2:N$999,RdTRABYVals!$B$2:$B$999,"="&$C66,RdTRABYVals!$C$2:$C$999,"="&INS!$A66),"") | J66: =IFERROR(AVERAGEIFS(RdTRABYVals!O$2:O$999,RdTRABYVals!$B$2:$B$999,"="&$C66,RdTRABYVals!$C$2:$C$999,"="&INS!$A66),"") | K66: =IFERROR(AVERAGEIFS(RdTRABYVals!P$2:P$999,RdTRABYVals!$B$2:$B$999,"="&$C66,RdTRABYVals!$C$2:$C$999,"="&INS!$A66),"") | L66: =IFERROR(AVERAGEIFS(RdTRABYVals!Q$2:Q$999,RdTRABYVals!$B$2:$B$999,"="&$C66,RdTRABYVals!$C$2:$C$999,"="&INS!$A66),"") | M66: =IFERROR(AVERAGEIFS(RdTRABYVals!R$2:R$999,RdTRABYVals!$B$2:$B$999,"="&$C66,RdTRABYVals!$C$2:$C$999,"="&INS!$A66),"") | N66: =IFERROR(AVERAGEIFS(RdTRABYVals!S$2:S$999,RdTRABYVals!$B$2:$B$999,"="&$C66,RdTRABYVals!$C$2:$C$999,"="&INS!$A66),"") | ... AQ66: =IFERROR(AVERAGEIFS(RdTRABYVals!AV$2:AV$999,RdTRABYVals!$B$2:$B$999,"="&$C66,RdTRABYVals!$C$2:$C$999,"="&INS!$A66),"") -> 38.062563
A67: TRA_Lcv_Dis* | C67: AF | D67: TRA_Lcv_GH2* | F67: =F64 -> 26.488346 | G67: =G64 -> 21.486585 | H67: =H64 -> 35.6141 | I67: =I64 -> 33.003087 | J67: =J64 -> 22.067711 | K67: =K64 -> 10.033842 | L67: =L64 -> 13.880517 | M67: =M64 -> 16.622691 | ... AQ67: =AQ64 -> 21.35638
A68: TRA_Lcv_Dis* | C68: AF | D68: TRA_Lcv_LH2* | F68: =F67 -> 26.488346 | G68: =G67 -> 21.486585 | H68: =H67 -> 35.6141 | I68: =I67 -> 33.003087 | J68: =J67 -> 22.067711 | K68: =K67 -> 10.033842 | L68: =L67 -> 13.880517 | M68: =M67 -> 16.622691 | ... AQ68: =AQ67 -> 21.35638
A69: TRA_Lcv_Dis* | C69: AF | D69: TRA_Lcv_Elc* | F69: =F68 -> 26.488346 | G69: =G68 -> 21.486585 | H69: =H68 -> 35.6141 | I69: =I68 -> 33.003087 | J69: =J68 -> 22.067711 | K69: =K68 -> 10.033842 | L69: =L68 -> 13.880517 | M69: =M68 -> 16.622691 | ... AQ69: =AQ68 -> 21.35638
A70: TRA_Mop_Gas* | C70: AF | D70: =A70 -> TRA_Mop_Gas* | F70: =AVERAGE(G70:AQ70) -> 3.2833248 | G70: =IFERROR(AVERAGEIFS(RdTRABYVals!L$2:L$999,RdTRABYVals!$B$2:$B$999,"="&$C70,RdTRABYVals!$C$2:$C$999,"="&INS!$A70),"") -> 3.059505 | H70: =IFERROR(AVERAGEIFS(RdTRABYVals!M$2:M$999,RdTRABYVals!$B$2:$B$999,"="&$C70,RdTRABYVals!$C$2:$C$999,"="&INS!$A70),"") -> 1.5659906 | I70: =IFERROR(AVERAGEIFS(RdTRABYVals!N$2:N$999,RdTRABYVals!$B$2:$B$999,"="&$C70,RdTRABYVals!$C$2:$C$999,"="&INS!$A70),"") -> 6.7674854 | J70: =IFERROR(AVERAGEIFS(RdTRABYVals!O$2:O$999,RdTRABYVals!$B$2:$B$999,"="&$C70,RdTRABYVals!$C$2:$C$999,"="&INS!$A70),"") -> 0.53522086 | K70: =IFERROR(AVERAGEIFS(RdTRABYVals!P$2:P$999,RdTRABYVals!$B$2:$B$999,"="&$C70,RdTRABYVals!$C$2:$C$999,"="&INS!$A70),"") -> 1.1910728 | L70: =IFERROR(AVERAGEIFS(RdTRABYVals!Q$2:Q$999,RdTRABYVals!$B$2:$B$999,"="&$C70,RdTRABYVals!$C$2:$C$999,"="&INS!$A70),"") -> 1.3524993 | M70: =IFERROR(AVERAGEIFS(RdTRABYVals!R$2:R$999,RdTRABYVals!$B$2:$B$999,"="&$C70,RdTRABYVals!$C$2:$C$999,"="&INS!$A70),"") -> 5.6488064 | N70: =IFERROR(AVERAGEIFS(RdTRABYVals!S$2:S$999,RdTRABYVals!$B$2:$B$999,"="&$C70,RdTRABYVals!$C$2:$C$999,"="&INS!$A70),"") -> 2.1503348 | ... AQ70: =IFERROR(AVERAGEIFS(RdTRABYVals!AV$2:AV$999,RdTRABYVals!$B$2:$B$999,"="&$C70,RdTRABYVals!$C$2:$C$999,"="&INS!$A70),"") -> 3.5816312
A71: TRA_Mot_Gas* | C71: AF | D71: =A71 -> TRA_Mot_Gas* | F71: =AVERAGE(G71:AQ71) -> 5.3377367 | G71: =IFERROR(AVERAGEIFS(RdTRABYVals!L$2:L$999,RdTRABYVals!$B$2:$B$999,"="&$C71,RdTRABYVals!$C$2:$C$999,"="&INS!$A71),"") -> 7.8760563 | H71: =IFERROR(AVERAGEIFS(RdTRABYVals!M$2:M$999,RdTRABYVals!$B$2:$B$999,"="&$C71,RdTRABYVals!$C$2:$C$999,"="&INS!$A71),"") -> 3.2445654 | I71: =IFERROR(AVERAGEIFS(RdTRABYVals!N$2:N$999,RdTRABYVals!$B$2:$B$999,"="&$C71,RdTRABYVals!$C$2:$C$999,"="&INS!$A71),"") -> 7.6462312 | J71: =IFERROR(AVERAGEIFS(RdTRABYVals!O$2:O$999,RdTRABYVals!$B$2:$B$999,"="&$C71,RdTRABYVals!$C$2:$C$999,"="&INS!$A71),"") -> 4.4298611 | K71: =IFERROR(AVERAGEIFS(RdTRABYVals!P$2:P$999,RdTRABYVals!$B$2:$B$999,"="&$C71,RdTRABYVals!$C$2:$C$999,"="&INS!$A71),"") -> 3.148417 | L71: =IFERROR(AVERAGEIFS(RdTRABYVals!Q$2:Q$999,RdTRABYVals!$B$2:$B$999,"="&$C71,RdTRABYVals!$C$2:$C$999,"="&INS!$A71),"") -> 3.0052331 | M71: =IFERROR(AVERAGEIFS(RdTRABYVals!R$2:R$999,RdTRABYVals!$B$2:$B$999,"="&$C71,RdTRABYVals!$C$2:$C$999,"="&INS!$A71),"") -> 5.3900112 | N71: =IFERROR(AVERAGEIFS(RdTRABYVals!S$2:S$999,RdTRABYVals!$B$2:$B$999,"="&$C71,RdTRABYVals!$C$2:$C$999,"="&INS!$A71),"") -> 4.0744283 | ... AQ71: =IFERROR(AVERAGEIFS(RdTRABYVals!AV$2:AV$999,RdTRABYVals!$B$2:$B$999,"="&$C71,RdTRABYVals!$C$2:$C$999,"="&INS!$A71),"") -> 6.1446708
A72: TRA_Mop_Gas* | C72: AF | D72: TRA_Mot_Elc* | F72: =F70 -> 3.2833248 | G72: =G70 -> 3.059505 | H72: =H70 -> 1.5659906 | I72: =I70 -> 6.7674854 | J72: =J70 -> 0.53522086 | K72: =K70 -> 1.1910728 | L72: =L70 -> 1.3524993 | M72: =M70 -> 5.6488064 | ... AQ72: =AQ70 -> 3.5816312
A73: TRA_Mot_Gas* | C73: AF | D73: TRA_Mop_Elc* | F73: =F71 -> 5.3377367 | G73: =G71 -> 7.8760563 | H73: =H71 -> 3.2445654 | I73: =I71 -> 7.6462312 | J73: =J71 -> 4.4298611 | K73: =K71 -> 3.148417 | L73: =L71 -> 3.0052331 | M73: =M71 -> 5.3900112 | ... AQ73: =AQ71 -> 6.1446708
A74: TRA_Car_Gas_Exe* | C74: AF | D74: TRA_Car_Elc_Exe* | G74: =G35+0.05 -> 17.237329 | H74: =H35+0.05 -> 25.075053 | I74: =I35+0.05 -> 19.136664 | J74: =J35+0.05 -> 19.136561 | K74: =K35+0.05 -> 12.329248 | L74: =L35+0.05 -> 16.030351 | M74: =M35+0.05 -> 16.847329 | N74: =N35+0.05 -> 16.148147 | ... AQ74: =AQ35+0.05 -> 17.363498
A75: TRA_Car_Gas_Lom* | C75: AF | D75: TRA_Car_Elc_LoM* | G75: =G36+0.05 -> 11.281087 | H75: =H36+0.05 -> 22.294049 | I75: =I36+0.05 -> 16.47471 | J75: =J36+0.05 -> 19.941649 | K75: =K36+0.05 -> 10.951198 | L75: =L36+0.05 -> 14.057954 | M75: =M36+0.05 -> 13.808117 | N75: =N36+0.05 -> 12.796347 | ... AQ75: =AQ36+0.05 -> 15.211497
A76: TRA_Car_Gas_Sma* | C76: AF | D76: TRA_Car_Elc_Sma* | G76: =G37+0.05 -> 7.1653893 | H76: =H37+0.05 -> 19.096218 | I76: =I37+0.05 -> 13.957252 | J76: =J37+0.05 -> 15.749539 | K76: =K37+0.05 -> 8.7103503 | L76: =L37+0.05 -> 12.130379 | M76: =M37+0.05 -> 12.16816 | N76: =N37+0.05 -> 10.203642 | ... AQ76: =AQ37+0.05 -> 12.941665
A77: TRA_Car_Gas_Upm* | C77: AF | D77: TRA_Car_Elc_UpM* | G77: =G38+0.05 -> 12.029464 | H77: =H38+0.05 -> 22.636001 | I77: =I38+0.05 -> 16.651809 | J77: =J38+0.05 -> 18.890384 | K77: =K38+0.05 -> 8.9716805 | L77: =L38+0.05 -> 13.991752 | M77: =M38+0.05 -> 13.382813 | N77: =N38+0.05 -> 12.856798 | ... AQ77: =AQ38+0.05 -> 16.164876
A78: TRA_Car_Gas_Exe* | C78: AF | D78: TRA_Car_GH2_Exe* | G78: =G74+0.05 -> 17.287329 | H78: =H74+0.05 -> 25.125053 | I78: =I74+0.05 -> 19.186664 | J78: =J74+0.05 -> 19.186561 | K78: =K74+0.05 -> 12.379248 | L78: =L74+0.05 -> 16.080351 | M78: =M74+0.05 -> 16.897329 | N78: =N74+0.05 -> 16.198147 | ... AQ78: =AQ74+0.05 -> 17.413498
A79: TRA_Car_Gas_Sma* | C79: AF | D79: TRA_Car_GH2_LoM* | G79: =G75+0.05 -> 11.331087 | H79: =H75+0.05 -> 22.344049 | I79: =I75+0.05 -> 16.52471 | J79: =J75+0.05 -> 19.991649 | K79: =K75+0.05 -> 11.001198 | L79: =L75+0.05 -> 14.107954 | M79: =M75+0.05 -> 13.858117 | N79: =N75+0.05 -> 12.846347 | ... AQ79: =AQ75+0.05 -> 15.261497
A80: TRA_Car_Gas_Exe* | C80: AF | D80: TRA_Car_GH2_Sma* | G80: =G76+0.05 -> 7.2153893 | H80: =H76+0.05 -> 19.146218 | I80: =I76+0.05 -> 14.007252 | J80: =J76+0.05 -> 15.799539 | K80: =K76+0.05 -> 8.7603503 | L80: =L76+0.05 -> 12.180379 | M80: =M76+0.05 -> 12.21816 | N80: =N76+0.05 -> 10.253642 | ... AQ80: =AQ76+0.05 -> 12.991665
A81: TRA_Car_Gas_Sma* | C81: AF | D81: TRA_Car_GH2_UpM* | G81: =G77+0.05 -> 12.079464 | H81: =H77+0.05 -> 22.686001 | I81: =I77+0.05 -> 16.701809 | J81: =J77+0.05 -> 18.940384 | K81: =K77+0.05 -> 9.0216805 | L81: =L77+0.05 -> 14.041752 | M81: =M77+0.05 -> 13.432813 | N81: =N77+0.05 -> 12.906798 | ... AQ81: =AQ77+0.05 -> 16.214876
A82: TRA_Car_Gas_Exe* | C82: AF | D82: TRA_Car_LH2_Exe* | G82: =G78+0.05 -> 17.337329 | H82: =H78+0.05 -> 25.175053 | I82: =I78+0.05 -> 19.236664 | J82: =J78+0.05 -> 19.236561 | K82: =K78+0.05 -> 12.429248 | L82: =L78+0.05 -> 16.130351 | M82: =M78+0.05 -> 16.947329 | N82: =N78+0.05 -> 16.248147 | ... AQ82: =AQ78+0.05 -> 17.463498
A83: TRA_Car_Gas_Lom* | C83: AF | D83: TRA_Car_LH2_LoM* | G83: =G79+0.05 -> 11.381087 | H83: =H79+0.05 -> 22.394049 | I83: =I79+0.05 -> 16.57471 | J83: =J79+0.05 -> 20.041649 | K83: =K79+0.05 -> 11.051198 | L83: =L79+0.05 -> 14.157954 | M83: =M79+0.05 -> 13.908117 | N83: =N79+0.05 -> 12.896347 | ... AQ83: =AQ79+0.05 -> 15.311497
A84: TRA_Car_Gas_Sma* | C84: AF | D84: TRA_Car_LH2_Sma* | G84: =G80+0.05 -> 7.2653893 | H84: =H80+0.05 -> 19.196218 | I84: =I80+0.05 -> 14.057252 | J84: =J80+0.05 -> 15.849539 | K84: =K80+0.05 -> 8.8103503 | L84: =L80+0.05 -> 12.230379 | M84: =M80+0.05 -> 12.26816 | N84: =N80+0.05 -> 10.303642 | ... AQ84: =AQ80+0.05 -> 13.041665
A85: TRA_Car_Gas_Upm* | C85: AF | D85: TRA_Car_LH2_UpM* | G85: =G81+0.05 -> 12.129464 | H85: =H81+0.05 -> 22.736001 | I85: =I81+0.05 -> 16.751809 | J85: =J81+0.05 -> 18.990384 | K85: =K81+0.05 -> 9.0716805 | L85: =L81+0.05 -> 14.091752 | M85: =M81+0.05 -> 13.482813 | N85: =N81+0.05 -> 12.956798 | ... AQ85: =AQ81+0.05 -> 16.264876
A86: TRA_Car_Gas_Exe* | C86: AF | D86: TRA_Car_PIH_Exe* | G86: =G82+0.05 -> 17.387329 | H86: =H82+0.05 -> 25.225053 | I86: =I82+0.05 -> 19.286664 | J86: =J82+0.05 -> 19.286561 | K86: =K82+0.05 -> 12.479248 | L86: =L82+0.05 -> 16.180351 | M86: =M82+0.05 -> 16.997329 | N86: =N82+0.05 -> 16.298147 | ... AQ86: =AQ82+0.05 -> 17.513498
A87: TRA_Car_Gas_Lom* | C87: AF | D87: TRA_Car_PIH_LoM* | G87: =G83+0.05 -> 11.431087 | H87: =H83+0.05 -> 22.444049 | I87: =I83+0.05 -> 16.62471 | J87: =J83+0.05 -> 20.091649 | K87: =K83+0.05 -> 11.101198 | L87: =L83+0.05 -> 14.207954 | M87: =M83+0.05 -> 13.958117 | N87: =N83+0.05 -> 12.946347 | ... AQ87: =AQ83+0.05 -> 15.361497
A88: TRA_Car_Gas_Sma* | C88: AF | D88: TRA_Car_PIH_Sma* | G88: =G84+0.05 -> 7.3153893 | H88: =H84+0.05 -> 19.246218 | I88: =I84+0.05 -> 14.107252 | J88: =J84+0.05 -> 15.899539 | K88: =K84+0.05 -> 8.8603503 | L88: =L84+0.05 -> 12.280379 | M88: =M84+0.05 -> 12.31816 | N88: =N84+0.05 -> 10.353642 | ... AQ88: =AQ84+0.05 -> 13.091665
A89: TRA_Car_Gas_Upm* | C89: AF | D89: TRA_Car_PIH_UpM* | G89: =G85+0.05 -> 12.179464 | H89: =H85+0.05 -> 22.786001 | I89: =I85+0.05 -> 16.801809 | J89: =J85+0.05 -> 19.040384 | K89: =K85+0.05 -> 9.1216805 | L89: =L85+0.05 -> 14.141752 | M89: =M85+0.05 -> 13.532813 | N89: =N85+0.05 -> 13.006798 | ... AQ89: =AQ85+0.05 -> 16.314876
C92: ~TFM_UPD
C93: Attribute | D93: PSET_PN | E93: Other_Indexes | F93: AllRegions | G93: =RdTRABYVals!L$1 -> AL | H93: =RdTRABYVals!M$1 -> AT | I93: =RdTRABYVals!N$1 -> BA | J93: =RdTRABYVals!O$1 -> BE | K93: =RdTRABYVals!P$1 -> BG | L93: =RdTRABYVals!Q$1 -> CH | M93: =RdTRABYVals!R$1 -> CY | N93: =RdTRABYVals!S$1 -> CZ | ... AQ93: =RdTRABYVals!AV$1 -> UK
A94: TRA_Bus_Cng_Coa* | C94: EFF | D94: =A94 -> TRA_Bus_Cng_Coa* | F94: =IF(AS94<>"","*"&AS94,"") -> *0.04 | G94: =IF(AT94<>"","*"&AT94,"") -> *0.04 | H94: =IF(AU94<>"","*"&AU94,"") -> *0.04 | I94: =IF(AV94<>"","*"&AV94,"") -> *0.04 | J94: =IF(AW94<>"","*"&AW94,"") -> *0.04 | K94: =IF(AX94<>"","*"&AX94,"") -> *0.04 | L94: =IF(AY94<>"","*"&AY94,"") -> *0.04 | M94: =IF(AZ94<>"","*"&AZ94,"") -> *0.04 | ... AQ94: =IF(CD94<>"","*"&CD94,"") -> *0.04 | AS94: =AVERAGE(AT94:CD94) -> 0.04 | AT94: =IFERROR(AVERAGEIFS(RdTRABYVals!L$2:L$999,RdTRABYVals!$B$2:$B$999,"="&$C94,RdTRABYVals!$C$2:$C$999,"="&INS!$A94),"") -> 0.04 | AU94: =IFERROR(AVERAGEIFS(RdTRABYVals!M$2:M$999,RdTRABYVals!$B$2:$B$999,"="&$C94,RdTRABYVals!$C$2:$C$999,"="&INS!$A94),"") -> 0.04 | AV94: =IFERROR(AVERAGEIFS(RdTRABYVals!N$2:N$999,RdTRABYVals!$B$2:$B$999,"="&$C94,RdTRABYVals!$C$2:$C$999,"="&INS!$A94),"") -> 0.04 | AW94: =IFERROR(AVERAGEIFS(RdTRABYVals!O$2:O$999,RdTRABYVals!$B$2:$B$999,"="&$C94,RdTRABYVals!$C$2:$C$999,"="&INS!$A94),"") -> 0.04 | AX94: =IFERROR(AVERAGEIFS(RdTRABYVals!P$2:P$999,RdTRABYVals!$B$2:$B$999,"="&$C94,RdTRABYVals!$C$2:$C$999,"="&INS!$A94),"") -> 0.04 | AY94: =IFERROR(AVERAGEIFS(RdTRABYVals!Q$2:Q$999,RdTRABYVals!$B$2:$B$999,"="&$C94,RdTRABYVals!$C$2:$C$999,"="&INS!$A94),"") -> 0.04 | AZ94: =IFERROR(AVERAGEIFS(RdTRABYVals!R$2:R$999,RdTRABYVals!$B$2:$B$999,"="&$C94,RdTRABYVals!$C$2:$C$999,"="&INS!$A94),"") -> 0.04 | BA94: =IFERROR(AVERAGEIFS(RdTRABYVals!S$2:S$999,RdTRABYVals!$B$2:$B$999,"="&$C94,RdTRABYVals!$C$2:$C$999,"="&INS!$A94),"") -> 0.04 | ... CD94: =IFERROR(AVERAGEIFS(RdTRABYVals!AV$2:AV$999,RdTRABYVals!$B$2:$B$999,"="&$C94,RdTRABYVals!$C$2:$C$999,"="&INS!$A94),"") -> 0.04
A95: TRA_Bus_Cng_Urb* | C95: EFF | D95: =A95 -> TRA_Bus_Cng_Urb* | F95: =IF(AS95<>"","*"&AS95,"") -> *0.04 | G95: =IF(AT95<>"","*"&AT95,"") -> *0.04 | H95: =IF(AU95<>"","*"&AU95,"") -> *0.04 | I95: =IF(AV95<>"","*"&AV95,"") -> *0.04 | J95: =IF(AW95<>"","*"&AW95,"") -> *0.04 | K95: =IF(AX95<>"","*"&AX95,"") -> *0.04 | L95: =IF(AY95<>"","*"&AY95,"") -> *0.04 | M95: =IF(AZ95<>"","*"&AZ95,"") -> *0.04 | ... AQ95: =IF(CD95<>"","*"&CD95,"") -> *0.04 | AS95: =AVERAGE(AT95:CD95) -> 0.04 | AT95: =IFERROR(AVERAGEIFS(RdTRABYVals!L$2:L$999,RdTRABYVals!$B$2:$B$999,"="&$C95,RdTRABYVals!$C$2:$C$999,"="&INS!$A95),"") -> 0.04 | AU95: =IFERROR(AVERAGEIFS(RdTRABYVals!M$2:M$999,RdTRABYVals!$B$2:$B$999,"="&$C95,RdTRABYVals!$C$2:$C$999,"="&INS!$A95),"") -> 0.04 | AV95: =IFERROR(AVERAGEIFS(RdTRABYVals!N$2:N$999,RdTRABYVals!$B$2:$B$999,"="&$C95,RdTRABYVals!$C$2:$C$999,"="&INS!$A95),"") -> 0.04 | AW95: =IFERROR(AVERAGEIFS(RdTRABYVals!O$2:O$999,RdTRABYVals!$B$2:$B$999,"="&$C95,RdTRABYVals!$C$2:$C$999,"="&INS!$A95),"") -> 0.04 | AX95: =IFERROR(AVERAGEIFS(RdTRABYVals!P$2:P$999,RdTRABYVals!$B$2:$B$999,"="&$C95,RdTRABYVals!$C$2:$C$999,"="&INS!$A95),"") -> 0.04 | AY95: =IFERROR(AVERAGEIFS(RdTRABYVals!Q$2:Q$999,RdTRABYVals!$B$2:$B$999,"="&$C95,RdTRABYVals!$C$2:$C$999,"="&INS!$A95),"") -> 0.04 | AZ95: =IFERROR(AVERAGEIFS(RdTRABYVals!R$2:R$999,RdTRABYVals!$B$2:$B$999,"="&$C95,RdTRABYVals!$C$2:$C$999,"="&INS!$A95),"") -> 0.04 | BA95: =IFERROR(AVERAGEIFS(RdTRABYVals!S$2:S$999,RdTRABYVals!$B$2:$B$999,"="&$C95,RdTRABYVals!$C$2:$C$999,"="&INS!$A95),"") -> 0.04 | ... CD95: =IFERROR(AVERAGEIFS(RdTRABYVals!AV$2:AV$999,RdTRABYVals!$B$2:$B$999,"="&$C95,RdTRABYVals!$C$2:$C$999,"="&INS!$A95),"") -> 0.04
A96: TRA_Bus_Dis_Coa* | C96: EFF | D96: =A96 -> TRA_Bus_Dis_Coa* | F96: =IF(AS96<>"","*"&AS96,"") -> *0.0956756756756757 | G96: =IF(AT96<>"","*"&AT96,"") -> *0.11 | H96: =IF(AU96<>"","*"&AU96,"") -> *0.09 | I96: =IF(AV96<>"","*"&AV96,"") -> *0.09 | J96: =IF(AW96<>"","*"&AW96,"") -> *0.08 | K96: =IF(AX96<>"","*"&AX96,"") -> *0.1 | L96: =IF(AY96<>"","*"&AY96,"") -> *0.08 | M96: =IF(AZ96<>"","*"&AZ96,"") -> *0.1 | ... AQ96: =IF(CD96<>"","*"&CD96,"") -> *0.06 | AS96: =AVERAGE(AT96:CD96) -> 0.095675676 | AT96: =IFERROR(AVERAGEIFS(RdTRABYVals!L$2:L$999,RdTRABYVals!$B$2:$B$999,"="&$C96,RdTRABYVals!$C$2:$C$999,"="&INS!$A96),"") -> 0.11 | AU96: =IFERROR(AVERAGEIFS(RdTRABYVals!M$2:M$999,RdTRABYVals!$B$2:$B$999,"="&$C96,RdTRABYVals!$C$2:$C$999,"="&INS!$A96),"") -> 0.09 | AV96: =IFERROR(AVERAGEIFS(RdTRABYVals!N$2:N$999,RdTRABYVals!$B$2:$B$999,"="&$C96,RdTRABYVals!$C$2:$C$999,"="&INS!$A96),"") -> 0.09 | AW96: =IFERROR(AVERAGEIFS(RdTRABYVals!O$2:O$999,RdTRABYVals!$B$2:$B$999,"="&$C96,RdTRABYVals!$C$2:$C$999,"="&INS!$A96),"") -> 0.08 | AX96: =IFERROR(AVERAGEIFS(RdTRABYVals!P$2:P$999,RdTRABYVals!$B$2:$B$999,"="&$C96,RdTRABYVals!$C$2:$C$999,"="&INS!$A96),"") -> 0.1 | AY96: =IFERROR(AVERAGEIFS(RdTRABYVals!Q$2:Q$999,RdTRABYVals!$B$2:$B$999,"="&$C96,RdTRABYVals!$C$2:$C$999,"="&INS!$A96),"") -> 0.08 | AZ96: =IFERROR(AVERAGEIFS(RdTRABYVals!R$2:R$999,RdTRABYVals!$B$2:$B$999,"="&$C96,RdTRABYVals!$C$2:$C$999,"="&INS!$A96),"") -> 0.1 | BA96: =IFERROR(AVERAGEIFS(RdTRABYVals!S$2:S$999,RdTRABYVals!$B$2:$B$999,"="&$C96,RdTRABYVals!$C$2:$C$999,"="&INS!$A96),"") -> 0.11 | ... CD96: =IFERROR(AVERAGEIFS(RdTRABYVals!AV$2:AV$999,RdTRABYVals!$B$2:$B$999,"="&$C96,RdTRABYVals!$C$2:$C$999,"="&INS!$A96),"") -> 0.06
A97: TRA_Bus_Dis_Urb* | C97: EFF | D97: =A97 -> TRA_Bus_Dis_Urb* | F97: =IF(AS97<>"","*"&AS97,"") -> *0.0847222222222222 | G97: =IF(AT97<>"","*"&AT97,"") -> *0.08 | H97: =IF(AU97<>"","*"&AU97,"") -> *0.1 | I97: =IF(AV97<>"","*"&AV97,"") -> *0.1 | J97: =IF(AW97<>"","*"&AW97,"") -> *0.09 | K97: =IF(AX97<>"","*"&AX97,"") -> *0.06 | L97: =IF(AY97<>"","*"&AY97,"") -> *0.09 | M97: =IF(AZ97<>"","*"&AZ97,"") -> *0.08 | ... AQ97: =IF(CD97<>"","*"&CD97,"") -> *0.08 | AS97: =AVERAGE(AT97:CD97) -> 0.084722222 | AT97: =IFERROR(AVERAGEIFS(RdTRABYVals!L$2:L$999,RdTRABYVals!$B$2:$B$999,"="&$C97,RdTRABYVals!$C$2:$C$999,"="&INS!$A97),"") -> 0.08 | AU97: =IFERROR(AVERAGEIFS(RdTRABYVals!M$2:M$999,RdTRABYVals!$B$2:$B$999,"="&$C97,RdTRABYVals!$C$2:$C$999,"="&INS!$A97),"") -> 0.1 | AV97: =IFERROR(AVERAGEIFS(RdTRABYVals!N$2:N$999,RdTRABYVals!$B$2:$B$999,"="&$C97,RdTRABYVals!$C$2:$C$999,"="&INS!$A97),"") -> 0.1 | AW97: =IFERROR(AVERAGEIFS(RdTRABYVals!O$2:O$999,RdTRABYVals!$B$2:$B$999,"="&$C97,RdTRABYVals!$C$2:$C$999,"="&INS!$A97),"") -> 0.09 | AX97: =IFERROR(AVERAGEIFS(RdTRABYVals!P$2:P$999,RdTRABYVals!$B$2:$B$999,"="&$C97,RdTRABYVals!$C$2:$C$999,"="&INS!$A97),"") -> 0.06 | AY97: =IFERROR(AVERAGEIFS(RdTRABYVals!Q$2:Q$999,RdTRABYVals!$B$2:$B$999,"="&$C97,RdTRABYVals!$C$2:$C$999,"="&INS!$A97),"") -> 0.09 | AZ97: =IFERROR(AVERAGEIFS(RdTRABYVals!R$2:R$999,RdTRABYVals!$B$2:$B$999,"="&$C97,RdTRABYVals!$C$2:$C$999,"="&INS!$A97),"") -> 0.08 | BA97: =IFERROR(AVERAGEIFS(RdTRABYVals!S$2:S$999,RdTRABYVals!$B$2:$B$999,"="&$C97,RdTRABYVals!$C$2:$C$999,"="&INS!$A97),"") -> 0.08 | ... CD97: =IFERROR(AVERAGEIFS(RdTRABYVals!AV$2:AV$999,RdTRABYVals!$B$2:$B$999,"="&$C97,RdTRABYVals!$C$2:$C$999,"="&INS!$A97),"") -> 0.08
A98: TRA_Bus_Gas_Coa* | C98: EFF | D98: =A98 -> TRA_Bus_Gas_Coa* | F98: =IF(AS98<>"","*"&AS98,"") -> *0.0875 | G98: =IF(AT98<>"","*"&AT98,"") -> *0.0875 | H98: =IF(AU98<>"","*"&AU98,"") -> *0.0875 | I98: =IF(AV98<>"","*"&AV98,"") -> *0.0875 | J98: =IF(AW98<>"","*"&AW98,"") -> *0.0875 | K98: =IF(AX98<>"","*"&AX98,"") -> *0.0875 | L98: =IF(AY98<>"","*"&AY98,"") -> *0.0875 | M98: =IF(AZ98<>"","*"&AZ98,"") -> *0.0875 | ... AQ98: =IF(CD98<>"","*"&CD98,"") -> *0.06 | AS98: =AVERAGE(AT98:CD98) -> 0.0875 | AT98: =IFERROR(AVERAGEIFS(RdTRABYVals!L$2:L$999,RdTRABYVals!$B$2:$B$999,"="&$C98,RdTRABYVals!$C$2:$C$999,"="&INS!$A98),"") -> 0.0875 | AU98: =IFERROR(AVERAGEIFS(RdTRABYVals!M$2:M$999,RdTRABYVals!$B$2:$B$999,"="&$C98,RdTRABYVals!$C$2:$C$999,"="&INS!$A98),"") -> 0.0875 | AV98: =IFERROR(AVERAGEIFS(RdTRABYVals!N$2:N$999,RdTRABYVals!$B$2:$B$999,"="&$C98,RdTRABYVals!$C$2:$C$999,"="&INS!$A98),"") -> 0.0875 | AW98: =IFERROR(AVERAGEIFS(RdTRABYVals!O$2:O$999,RdTRABYVals!$B$2:$B$999,"="&$C98,RdTRABYVals!$C$2:$C$999,"="&INS!$A98),"") -> 0.0875 | AX98: =IFERROR(AVERAGEIFS(RdTRABYVals!P$2:P$999,RdTRABYVals!$B$2:$B$999,"="&$C98,RdTRABYVals!$C$2:$C$999,"="&INS!$A98),"") -> 0.0875 | AY98: =IFERROR(AVERAGEIFS(RdTRABYVals!Q$2:Q$999,RdTRABYVals!$B$2:$B$999,"="&$C98,RdTRABYVals!$C$2:$C$999,"="&INS!$A98),"") -> 0.0875 | AZ98: =IFERROR(AVERAGEIFS(RdTRABYVals!R$2:R$999,RdTRABYVals!$B$2:$B$999,"="&$C98,RdTRABYVals!$C$2:$C$999,"="&INS!$A98),"") -> 0.0875 | BA98: =IFERROR(AVERAGEIFS(RdTRABYVals!S$2:S$999,RdTRABYVals!$B$2:$B$999,"="&$C98,RdTRABYVals!$C$2:$C$999,"="&INS!$A98),"") -> 0.1 | ... CD98: =IFERROR(AVERAGEIFS(RdTRABYVals!AV$2:AV$999,RdTRABYVals!$B$2:$B$999,"="&$C98,RdTRABYVals!$C$2:$C$999,"="&INS!$A98),"") -> 0.06
A99: TRA_Bus_Gas_Urb* | C99: EFF | D99: =A99 -> TRA_Bus_Gas_Urb* | F99: =IF(AS99<>"","*"&AS99,"") -> *0.08 | G99: =IF(AT99<>"","*"&AT99,"") -> *0.08 | H99: =IF(AU99<>"","*"&AU99,"") -> *0.08 | I99: =IF(AV99<>"","*"&AV99,"") -> *0.08 | J99: =IF(AW99<>"","*"&AW99,"") -> *0.08 | K99: =IF(AX99<>"","*"&AX99,"") -> *0.08 | L99: =IF(AY99<>"","*"&AY99,"") -> *0.08 | M99: =IF(AZ99<>"","*"&AZ99,"") -> *0.08 | ... AQ99: =IF(CD99<>"","*"&CD99,"") -> *0.07 | AS99: =AVERAGE(AT99:CD99) -> 0.08 | AT99: =IFERROR(AVERAGEIFS(RdTRABYVals!L$2:L$999,RdTRABYVals!$B$2:$B$999,"="&$C99,RdTRABYVals!$C$2:$C$999,"="&INS!$A99),"") -> 0.08 | AU99: =IFERROR(AVERAGEIFS(RdTRABYVals!M$2:M$999,RdTRABYVals!$B$2:$B$999,"="&$C99,RdTRABYVals!$C$2:$C$999,"="&INS!$A99),"") -> 0.08 | AV99: =IFERROR(AVERAGEIFS(RdTRABYVals!N$2:N$999,RdTRABYVals!$B$2:$B$999,"="&$C99,RdTRABYVals!$C$2:$C$999,"="&INS!$A99),"") -> 0.08 | AW99: =IFERROR(AVERAGEIFS(RdTRABYVals!O$2:O$999,RdTRABYVals!$B$2:$B$999,"="&$C99,RdTRABYVals!$C$2:$C$999,"="&INS!$A99),"") -> 0.08 | AX99: =IFERROR(AVERAGEIFS(RdTRABYVals!P$2:P$999,RdTRABYVals!$B$2:$B$999,"="&$C99,RdTRABYVals!$C$2:$C$999,"="&INS!$A99),"") -> 0.08 | AY99: =IFERROR(AVERAGEIFS(RdTRABYVals!Q$2:Q$999,RdTRABYVals!$B$2:$B$999,"="&$C99,RdTRABYVals!$C$2:$C$999,"="&INS!$A99),"") -> 0.08 | AZ99: =IFERROR(AVERAGEIFS(RdTRABYVals!R$2:R$999,RdTRABYVals!$B$2:$B$999,"="&$C99,RdTRABYVals!$C$2:$C$999,"="&INS!$A99),"") -> 0.08 | BA99: =IFERROR(AVERAGEIFS(RdTRABYVals!S$2:S$999,RdTRABYVals!$B$2:$B$999,"="&$C99,RdTRABYVals!$C$2:$C$999,"="&INS!$A99),"") -> 0.08 | ... CD99: =IFERROR(AVERAGEIFS(RdTRABYVals!AV$2:AV$999,RdTRABYVals!$B$2:$B$999,"="&$C99,RdTRABYVals!$C$2:$C$999,"="&INS!$A99),"") -> 0.07
A100: TRA_Bus_Lpg_Coa* | C100: EFF | D100: =A100 -> TRA_Bus_Lpg_Coa* | F100: =IF(AS100<>"","*"&AS100,"") -> *0.05 | G100: =IF(AT100<>"","*"&AT100,"") -> *0.05 | H100: =IF(AU100<>"","*"&AU100,"") -> *0.05 | I100: =IF(AV100<>"","*"&AV100,"") -> *0.05 | J100: =IF(AW100<>"","*"&AW100,"") -> *0.05 | K100: =IF(AX100<>"","*"&AX100,"") -> *0.05 | L100: =IF(AY100<>"","*"&AY100,"") -> *0.05 | M100: =IF(AZ100<>"","*"&AZ100,"") -> *0.05 | ... AQ100: =IF(CD100<>"","*"&CD100,"") -> *0.05 | AS100: =AVERAGE(AT100:CD100) -> 0.05 | AT100: =IFERROR(AVERAGEIFS(RdTRABYVals!L$2:L$999,RdTRABYVals!$B$2:$B$999,"="&$C100,RdTRABYVals!$C$2:$C$999,"="&INS!$A100),"") -> 0.05 | AU100: =IFERROR(AVERAGEIFS(RdTRABYVals!M$2:M$999,RdTRABYVals!$B$2:$B$999,"="&$C100,RdTRABYVals!$C$2:$C$999,"="&INS!$A100),"") -> 0.05 | AV100: =IFERROR(AVERAGEIFS(RdTRABYVals!N$2:N$999,RdTRABYVals!$B$2:$B$999,"="&$C100,RdTRABYVals!$C$2:$C$999,"="&INS!$A100),"") -> 0.05 | AW100: =IFERROR(AVERAGEIFS(RdTRABYVals!O$2:O$999,RdTRABYVals!$B$2:$B$999,"="&$C100,RdTRABYVals!$C$2:$C$999,"="&INS!$A100),"") -> 0.05 | AX100: =IFERROR(AVERAGEIFS(RdTRABYVals!P$2:P$999,RdTRABYVals!$B$2:$B$999,"="&$C100,RdTRABYVals!$C$2:$C$999,"="&INS!$A100),"") -> 0.05 | AY100: =IFERROR(AVERAGEIFS(RdTRABYVals!Q$2:Q$999,RdTRABYVals!$B$2:$B$999,"="&$C100,RdTRABYVals!$C$2:$C$999,"="&INS!$A100),"") -> 0.05 | AZ100: =IFERROR(AVERAGEIFS(RdTRABYVals!R$2:R$999,RdTRABYVals!$B$2:$B$999,"="&$C100,RdTRABYVals!$C$2:$C$999,"="&INS!$A100),"") -> 0.05 | BA100: =IFERROR(AVERAGEIFS(RdTRABYVals!S$2:S$999,RdTRABYVals!$B$2:$B$999,"="&$C100,RdTRABYVals!$C$2:$C$999,"="&INS!$A100),"") -> 0.05 | ... CD100: =IFERROR(AVERAGEIFS(RdTRABYVals!AV$2:AV$999,RdTRABYVals!$B$2:$B$999,"="&$C100,RdTRABYVals!$C$2:$C$999,"="&INS!$A100),"") -> 0.05
A101: TRA_Bus_Lpg_Urb* | C101: EFF | D101: =A101 -> TRA_Bus_Lpg_Urb* | F101: =IF(AS101<>"","*"&AS101,"") -> *0.076 | G101: =IF(AT101<>"","*"&AT101,"") -> *0.076 | H101: =IF(AU101<>"","*"&AU101,"") -> *0.076 | I101: =IF(AV101<>"","*"&AV101,"") -> *0.076 | J101: =IF(AW101<>"","*"&AW101,"") -> *0.076 | K101: =IF(AX101<>"","*"&AX101,"") -> *0.076 | L101: =IF(AY101<>"","*"&AY101,"") -> *0.076 | M101: =IF(AZ101<>"","*"&AZ101,"") -> *0.076 | ... AQ101: =IF(CD101<>"","*"&CD101,"") -> *0.07 | AS101: =AVERAGE(AT101:CD101) -> 0.076 | AT101: =IFERROR(AVERAGEIFS(RdTRABYVals!L$2:L$999,RdTRABYVals!$B$2:$B$999,"="&$C101,RdTRABYVals!$C$2:$C$999,"="&INS!$A101),"") -> 0.076 | AU101: =IFERROR(AVERAGEIFS(RdTRABYVals!M$2:M$999,RdTRABYVals!$B$2:$B$999,"="&$C101,RdTRABYVals!$C$2:$C$999,"="&INS!$A101),"") -> 0.076 | AV101: =IFERROR(AVERAGEIFS(RdTRABYVals!N$2:N$999,RdTRABYVals!$B$2:$B$999,"="&$C101,RdTRABYVals!$C$2:$C$999,"="&INS!$A101),"") -> 0.076 | AW101: =IFERROR(AVERAGEIFS(RdTRABYVals!O$2:O$999,RdTRABYVals!$B$2:$B$999,"="&$C101,RdTRABYVals!$C$2:$C$999,"="&INS!$A101),"") -> 0.076 | AX101: =IFERROR(AVERAGEIFS(RdTRABYVals!P$2:P$999,RdTRABYVals!$B$2:$B$999,"="&$C101,RdTRABYVals!$C$2:$C$999,"="&INS!$A101),"") -> 0.076 | AY101: =IFERROR(AVERAGEIFS(RdTRABYVals!Q$2:Q$999,RdTRABYVals!$B$2:$B$999,"="&$C101,RdTRABYVals!$C$2:$C$999,"="&INS!$A101),"") -> 0.076 | AZ101: =IFERROR(AVERAGEIFS(RdTRABYVals!R$2:R$999,RdTRABYVals!$B$2:$B$999,"="&$C101,RdTRABYVals!$C$2:$C$999,"="&INS!$A101),"") -> 0.076 | BA101: =IFERROR(AVERAGEIFS(RdTRABYVals!S$2:S$999,RdTRABYVals!$B$2:$B$999,"="&$C101,RdTRABYVals!$C$2:$C$999,"="&INS!$A101),"") -> 0.076 | ... CD101: =IFERROR(AVERAGEIFS(RdTRABYVals!AV$2:AV$999,RdTRABYVals!$B$2:$B$999,"="&$C101,RdTRABYVals!$C$2:$C$999,"="&INS!$A101),"") -> 0.07
A102: TRA_Bus_Dis_Coa* | C102: EFF | D102: TRA_Bus_GH2_Coa* | F102: =IF(AS102<>"","*"&AS102,"") -> *0.0956756756756757 | G102: =IF(AT102<>"","*"&AT102,"") -> *0.11 | H102: =IF(AU102<>"","*"&AU102,"") -> *0.09 | I102: =IF(AV102<>"","*"&AV102,"") -> *0.09 | J102: =IF(AW102<>"","*"&AW102,"") -> *0.08 | K102: =IF(AX102<>"","*"&AX102,"") -> *0.1 | L102: =IF(AY102<>"","*"&AY102,"") -> *0.08 | M102: =IF(AZ102<>"","*"&AZ102,"") -> *0.1 | ... AQ102: =IF(CD102<>"","*"&CD102,"") -> *0.06 | AS102: =AVERAGE(AT102:CD102) -> 0.095675676 | AT102: =IFERROR(AVERAGEIFS(RdTRABYVals!L$2:L$999,RdTRABYVals!$B$2:$B$999,"="&$C102,RdTRABYVals!$C$2:$C$999,"="&INS!$A102),"") -> 0.11 | AU102: =IFERROR(AVERAGEIFS(RdTRABYVals!M$2:M$999,RdTRABYVals!$B$2:$B$999,"="&$C102,RdTRABYVals!$C$2:$C$999,"="&INS!$A102),"") -> 0.09 | AV102: =IFERROR(AVERAGEIFS(RdTRABYVals!N$2:N$999,RdTRABYVals!$B$2:$B$999,"="&$C102,RdTRABYVals!$C$2:$C$999,"="&INS!$A102),"") -> 0.09 | AW102: =IFERROR(AVERAGEIFS(RdTRABYVals!O$2:O$999,RdTRABYVals!$B$2:$B$999,"="&$C102,RdTRABYVals!$C$2:$C$999,"="&INS!$A102),"") -> 0.08 | AX102: =IFERROR(AVERAGEIFS(RdTRABYVals!P$2:P$999,RdTRABYVals!$B$2:$B$999,"="&$C102,RdTRABYVals!$C$2:$C$999,"="&INS!$A102),"") -> 0.1 | AY102: =IFERROR(AVERAGEIFS(RdTRABYVals!Q$2:Q$999,RdTRABYVals!$B$2:$B$999,"="&$C102,RdTRABYVals!$C$2:$C$999,"="&INS!$A102),"") -> 0.08 | AZ102: =IFERROR(AVERAGEIFS(RdTRABYVals!R$2:R$999,RdTRABYVals!$B$2:$B$999,"="&$C102,RdTRABYVals!$C$2:$C$999,"="&INS!$A102),"") -> 0.1 | BA102: =IFERROR(AVERAGEIFS(RdTRABYVals!S$2:S$999,RdTRABYVals!$B$2:$B$999,"="&$C102,RdTRABYVals!$C$2:$C$999,"="&INS!$A102),"") -> 0.11 | ... CD102: =IFERROR(AVERAGEIFS(RdTRABYVals!AV$2:AV$999,RdTRABYVals!$B$2:$B$999,"="&$C102,RdTRABYVals!$C$2:$C$999,"="&INS!$A102),"") -> 0.06
A103: TRA_Bus_Gas_Coa* | C103: EFF | D103: TRA_Bus_Eth_Coa* | F103: =IF(AS103<>"","*"&AS103,"") -> *0.0875 | G103: =IF(AT103<>"","*"&AT103,"") -> *0.0875 | H103: =IF(AU103<>"","*"&AU103,"") -> *0.0875 | I103: =IF(AV103<>"","*"&AV103,"") -> *0.0875 | J103: =IF(AW103<>"","*"&AW103,"") -> *0.0875 | K103: =IF(AX103<>"","*"&AX103,"") -> *0.0875 | L103: =IF(AY103<>"","*"&AY103,"") -> *0.0875 | M103: =IF(AZ103<>"","*"&AZ103,"") -> *0.0875 | ... AQ103: =IF(CD103<>"","*"&CD103,"") -> *0.06 | AS103: =AVERAGE(AT103:CD103) -> 0.0875 | AT103: =IFERROR(AVERAGEIFS(RdTRABYVals!L$2:L$999,RdTRABYVals!$B$2:$B$999,"="&$C103,RdTRABYVals!$C$2:$C$999,"="&INS!$A103),"") -> 0.0875 | AU103: =IFERROR(AVERAGEIFS(RdTRABYVals!M$2:M$999,RdTRABYVals!$B$2:$B$999,"="&$C103,RdTRABYVals!$C$2:$C$999,"="&INS!$A103),"") -> 0.0875 | AV103: =IFERROR(AVERAGEIFS(RdTRABYVals!N$2:N$999,RdTRABYVals!$B$2:$B$999,"="&$C103,RdTRABYVals!$C$2:$C$999,"="&INS!$A103),"") -> 0.0875 | AW103: =IFERROR(AVERAGEIFS(RdTRABYVals!O$2:O$999,RdTRABYVals!$B$2:$B$999,"="&$C103,RdTRABYVals!$C$2:$C$999,"="&INS!$A103),"") -> 0.0875 | AX103: =IFERROR(AVERAGEIFS(RdTRABYVals!P$2:P$999,RdTRABYVals!$B$2:$B$999,"="&$C103,RdTRABYVals!$C$2:$C$999,"="&INS!$A103),"") -> 0.0875 | AY103: =IFERROR(AVERAGEIFS(RdTRABYVals!Q$2:Q$999,RdTRABYVals!$B$2:$B$999,"="&$C103,RdTRABYVals!$C$2:$C$999,"="&INS!$A103),"") -> 0.0875 | AZ103: =IFERROR(AVERAGEIFS(RdTRABYVals!R$2:R$999,RdTRABYVals!$B$2:$B$999,"="&$C103,RdTRABYVals!$C$2:$C$999,"="&INS!$A103),"") -> 0.0875 | BA103: =IFERROR(AVERAGEIFS(RdTRABYVals!S$2:S$999,RdTRABYVals!$B$2:$B$999,"="&$C103,RdTRABYVals!$C$2:$C$999,"="&INS!$A103),"") -> 0.1 | ... CD103: =IFERROR(AVERAGEIFS(RdTRABYVals!AV$2:AV$999,RdTRABYVals!$B$2:$B$999,"="&$C103,RdTRABYVals!$C$2:$C$999,"="&INS!$A103),"") -> 0.06
A104: TRA_Bus_Dis_Urb* | C104: EFF | D104: TRA_Bus_GH2_Urb* | F104: =IF(AS104<>"","*"&AS104,"") -> *0.0847222222222222 | G104: =IF(AT104<>"","*"&AT104,"") -> *0.08 | H104: =IF(AU104<>"","*"&AU104,"") -> *0.1 | I104: =IF(AV104<>"","*"&AV104,"") -> *0.1 | J104: =IF(AW104<>"","*"&AW104,"") -> *0.09 | K104: =IF(AX104<>"","*"&AX104,"") -> *0.06 | L104: =IF(AY104<>"","*"&AY104,"") -> *0.09 | M104: =IF(AZ104<>"","*"&AZ104,"") -> *0.08 | ... AQ104: =IF(CD104<>"","*"&CD104,"") -> *0.08 | AS104: =AVERAGE(AT104:CD104) -> 0.084722222 | AT104: =IFERROR(AVERAGEIFS(RdTRABYVals!L$2:L$999,RdTRABYVals!$B$2:$B$999,"="&$C104,RdTRABYVals!$C$2:$C$999,"="&INS!$A104),"") -> 0.08 | AU104: =IFERROR(AVERAGEIFS(RdTRABYVals!M$2:M$999,RdTRABYVals!$B$2:$B$999,"="&$C104,RdTRABYVals!$C$2:$C$999,"="&INS!$A104),"") -> 0.1 | AV104: =IFERROR(AVERAGEIFS(RdTRABYVals!N$2:N$999,RdTRABYVals!$B$2:$B$999,"="&$C104,RdTRABYVals!$C$2:$C$999,"="&INS!$A104),"") -> 0.1 | AW104: =IFERROR(AVERAGEIFS(RdTRABYVals!O$2:O$999,RdTRABYVals!$B$2:$B$999,"="&$C104,RdTRABYVals!$C$2:$C$999,"="&INS!$A104),"") -> 0.09 | AX104: =IFERROR(AVERAGEIFS(RdTRABYVals!P$2:P$999,RdTRABYVals!$B$2:$B$999,"="&$C104,RdTRABYVals!$C$2:$C$999,"="&INS!$A104),"") -> 0.06 | AY104: =IFERROR(AVERAGEIFS(RdTRABYVals!Q$2:Q$999,RdTRABYVals!$B$2:$B$999,"="&$C104,RdTRABYVals!$C$2:$C$999,"="&INS!$A104),"") -> 0.09 | AZ104: =IFERROR(AVERAGEIFS(RdTRABYVals!R$2:R$999,RdTRABYVals!$B$2:$B$999,"="&$C104,RdTRABYVals!$C$2:$C$999,"="&INS!$A104),"") -> 0.08 | BA104: =IFERROR(AVERAGEIFS(RdTRABYVals!S$2:S$999,RdTRABYVals!$B$2:$B$999,"="&$C104,RdTRABYVals!$C$2:$C$999,"="&INS!$A104),"") -> 0.08 | ... CD104: =IFERROR(AVERAGEIFS(RdTRABYVals!AV$2:AV$999,RdTRABYVals!$B$2:$B$999,"="&$C104,RdTRABYVals!$C$2:$C$999,"="&INS!$A104),"") -> 0.08
A105: TRA_Bus_Gas_Urb* | C105: EFF | D105: TRA_Bus_Eth_Urb* | F105: =IF(AS105<>"","*"&AS105,"") -> *0.08 | G105: =IF(AT105<>"","*"&AT105,"") -> *0.08 | H105: =IF(AU105<>"","*"&AU105,"") -> *0.08 | I105: =IF(AV105<>"","*"&AV105,"") -> *0.08 | J105: =IF(AW105<>"","*"&AW105,"") -> *0.08 | K105: =IF(AX105<>"","*"&AX105,"") -> *0.08 | L105: =IF(AY105<>"","*"&AY105,"") -> *0.08 | M105: =IF(AZ105<>"","*"&AZ105,"") -> *0.08 | ... AQ105: =IF(CD105<>"","*"&CD105,"") -> *0.07 | AS105: =AVERAGE(AT105:CD105) -> 0.08 | AT105: =IFERROR(AVERAGEIFS(RdTRABYVals!L$2:L$999,RdTRABYVals!$B$2:$B$999,"="&$C105,RdTRABYVals!$C$2:$C$999,"="&INS!$A105),"") -> 0.08 | AU105: =IFERROR(AVERAGEIFS(RdTRABYVals!M$2:M$999,RdTRABYVals!$B$2:$B$999,"="&$C105,RdTRABYVals!$C$2:$C$999,"="&INS!$A105),"") -> 0.08 | AV105: =IFERROR(AVERAGEIFS(RdTRABYVals!N$2:N$999,RdTRABYVals!$B$2:$B$999,"="&$C105,RdTRABYVals!$C$2:$C$999,"="&INS!$A105),"") -> 0.08 | AW105: =IFERROR(AVERAGEIFS(RdTRABYVals!O$2:O$999,RdTRABYVals!$B$2:$B$999,"="&$C105,RdTRABYVals!$C$2:$C$999,"="&INS!$A105),"") -> 0.08 | AX105: =IFERROR(AVERAGEIFS(RdTRABYVals!P$2:P$999,RdTRABYVals!$B$2:$B$999,"="&$C105,RdTRABYVals!$C$2:$C$999,"="&INS!$A105),"") -> 0.08 | AY105: =IFERROR(AVERAGEIFS(RdTRABYVals!Q$2:Q$999,RdTRABYVals!$B$2:$B$999,"="&$C105,RdTRABYVals!$C$2:$C$999,"="&INS!$A105),"") -> 0.08 | AZ105: =IFERROR(AVERAGEIFS(RdTRABYVals!R$2:R$999,RdTRABYVals!$B$2:$B$999,"="&$C105,RdTRABYVals!$C$2:$C$999,"="&INS!$A105),"") -> 0.08 | BA105: =IFERROR(AVERAGEIFS(RdTRABYVals!S$2:S$999,RdTRABYVals!$B$2:$B$999,"="&$C105,RdTRABYVals!$C$2:$C$999,"="&INS!$A105),"") -> 0.08 | ... CD105: =IFERROR(AVERAGEIFS(RdTRABYVals!AV$2:AV$999,RdTRABYVals!$B$2:$B$999,"="&$C105,RdTRABYVals!$C$2:$C$999,"="&INS!$A105),"") -> 0.07
A106: TRA_Car_Cng_Exe* | C106: EFF | D106: =A106 -> TRA_Car_Cng_Exe* | F106: =IF(AS106<>"","*"&AS106,"") -> *0.35 | G106: =IF(AT106<>"","*"&AT106,"") -> *0.35 | H106: =IF(AU106<>"","*"&AU106,"") -> *0.35 | I106: =IF(AV106<>"","*"&AV106,"") -> *0.35 | J106: =IF(AW106<>"","*"&AW106,"") -> *0.35 | K106: =IF(AX106<>"","*"&AX106,"") -> *0.35 | L106: =IF(AY106<>"","*"&AY106,"") -> *0.35 | M106: =IF(AZ106<>"","*"&AZ106,"") -> *0.35 | ... AQ106: =IF(CD106<>"","*"&CD106,"") -> *0.35 | AS106: =AVERAGE(AT106:CD106) -> 0.35 | AT106: =IFERROR(AVERAGEIFS(RdTRABYVals!L$2:L$999,RdTRABYVals!$B$2:$B$999,"="&$C106,RdTRABYVals!$C$2:$C$999,"="&INS!$A106),"") -> 0.35 | AU106: =IFERROR(AVERAGEIFS(RdTRABYVals!M$2:M$999,RdTRABYVals!$B$2:$B$999,"="&$C106,RdTRABYVals!$C$2:$C$999,"="&INS!$A106),"") -> 0.35 | AV106: =IFERROR(AVERAGEIFS(RdTRABYVals!N$2:N$999,RdTRABYVals!$B$2:$B$999,"="&$C106,RdTRABYVals!$C$2:$C$999,"="&INS!$A106),"") -> 0.35 | AW106: =IFERROR(AVERAGEIFS(RdTRABYVals!O$2:O$999,RdTRABYVals!$B$2:$B$999,"="&$C106,RdTRABYVals!$C$2:$C$999,"="&INS!$A106),"") -> 0.35 | AX106: =IFERROR(AVERAGEIFS(RdTRABYVals!P$2:P$999,RdTRABYVals!$B$2:$B$999,"="&$C106,RdTRABYVals!$C$2:$C$999,"="&INS!$A106),"") -> 0.35 | AY106: =IFERROR(AVERAGEIFS(RdTRABYVals!Q$2:Q$999,RdTRABYVals!$B$2:$B$999,"="&$C106,RdTRABYVals!$C$2:$C$999,"="&INS!$A106),"") -> 0.35 | AZ106: =IFERROR(AVERAGEIFS(RdTRABYVals!R$2:R$999,RdTRABYVals!$B$2:$B$999,"="&$C106,RdTRABYVals!$C$2:$C$999,"="&INS!$A106),"") -> 0.35 | BA106: =IFERROR(AVERAGEIFS(RdTRABYVals!S$2:S$999,RdTRABYVals!$B$2:$B$999,"="&$C106,RdTRABYVals!$C$2:$C$999,"="&INS!$A106),"") -> 0.35 | ... CD106: =IFERROR(AVERAGEIFS(RdTRABYVals!AV$2:AV$999,RdTRABYVals!$B$2:$B$999,"="&$C106,RdTRABYVals!$C$2:$C$999,"="&INS!$A106),"") -> 0.35
A107: TRA_Car_Cng_Lom* | C107: EFF | D107: =A107 -> TRA_Car_Cng_Lom* | F107: =IF(AS107<>"","*"&AS107,"") -> *0.35 | G107: =IF(AT107<>"","*"&AT107,"") -> *0.35 | H107: =IF(AU107<>"","*"&AU107,"") -> *0.35 | I107: =IF(AV107<>"","*"&AV107,"") -> *0.35 | J107: =IF(AW107<>"","*"&AW107,"") -> *0.35 | K107: =IF(AX107<>"","*"&AX107,"") -> *0.35 | L107: =IF(AY107<>"","*"&AY107,"") -> *0.35 | M107: =IF(AZ107<>"","*"&AZ107,"") -> *0.35 | ... AQ107: =IF(CD107<>"","*"&CD107,"") -> *0.35 | AS107: =AVERAGE(AT107:CD107) -> 0.35 | AT107: =IFERROR(AVERAGEIFS(RdTRABYVals!L$2:L$999,RdTRABYVals!$B$2:$B$999,"="&$C107,RdTRABYVals!$C$2:$C$999,"="&INS!$A107),"") -> 0.35 | AU107: =IFERROR(AVERAGEIFS(RdTRABYVals!M$2:M$999,RdTRABYVals!$B$2:$B$999,"="&$C107,RdTRABYVals!$C$2:$C$999,"="&INS!$A107),"") -> 0.35 | AV107: =IFERROR(AVERAGEIFS(RdTRABYVals!N$2:N$999,RdTRABYVals!$B$2:$B$999,"="&$C107,RdTRABYVals!$C$2:$C$999,"="&INS!$A107),"") -> 0.35 | AW107: =IFERROR(AVERAGEIFS(RdTRABYVals!O$2:O$999,RdTRABYVals!$B$2:$B$999,"="&$C107,RdTRABYVals!$C$2:$C$999,"="&INS!$A107),"") -> 0.35 | AX107: =IFERROR(AVERAGEIFS(RdTRABYVals!P$2:P$999,RdTRABYVals!$B$2:$B$999,"="&$C107,RdTRABYVals!$C$2:$C$999,"="&INS!$A107),"") -> 0.35 | AY107: =IFERROR(AVERAGEIFS(RdTRABYVals!Q$2:Q$999,RdTRABYVals!$B$2:$B$999,"="&$C107,RdTRABYVals!$C$2:$C$999,"="&INS!$A107),"") -> 0.35 | AZ107: =IFERROR(AVERAGEIFS(RdTRABYVals!R$2:R$999,RdTRABYVals!$B$2:$B$999,"="&$C107,RdTRABYVals!$C$2:$C$999,"="&INS!$A107),"") -> 0.35 | BA107: =IFERROR(AVERAGEIFS(RdTRABYVals!S$2:S$999,RdTRABYVals!$B$2:$B$999,"="&$C107,RdTRABYVals!$C$2:$C$999,"="&INS!$A107),"") -> 0.35 | ... CD107: =IFERROR(AVERAGEIFS(RdTRABYVals!AV$2:AV$999,RdTRABYVals!$B$2:$B$999,"="&$C107,RdTRABYVals!$C$2:$C$999,"="&INS!$A107),"") -> 0.35
A108: TRA_Car_Cng_Sma* | C108: EFF | D108: =A108 -> TRA_Car_Cng_Sma* | F108: =IF(AS108<>"","*"&AS108,"") -> *0.35 | G108: =IF(AT108<>"","*"&AT108,"") -> *0.35 | H108: =IF(AU108<>"","*"&AU108,"") -> *0.35 | I108: =IF(AV108<>"","*"&AV108,"") -> *0.35 | J108: =IF(AW108<>"","*"&AW108,"") -> *0.35 | K108: =IF(AX108<>"","*"&AX108,"") -> *0.35 | L108: =IF(AY108<>"","*"&AY108,"") -> *0.35 | M108: =IF(AZ108<>"","*"&AZ108,"") -> *0.35 | ... AQ108: =IF(CD108<>"","*"&CD108,"") -> *0.35 | AS108: =AVERAGE(AT108:CD108) -> 0.35 | AT108: =IFERROR(AVERAGEIFS(RdTRABYVals!L$2:L$999,RdTRABYVals!$B$2:$B$999,"="&$C108,RdTRABYVals!$C$2:$C$999,"="&INS!$A108),"") -> 0.35 | AU108: =IFERROR(AVERAGEIFS(RdTRABYVals!M$2:M$999,RdTRABYVals!$B$2:$B$999,"="&$C108,RdTRABYVals!$C$2:$C$999,"="&INS!$A108),"") -> 0.35 | AV108: =IFERROR(AVERAGEIFS(RdTRABYVals!N$2:N$999,RdTRABYVals!$B$2:$B$999,"="&$C108,RdTRABYVals!$C$2:$C$999,"="&INS!$A108),"") -> 0.35 | AW108: =IFERROR(AVERAGEIFS(RdTRABYVals!O$2:O$999,RdTRABYVals!$B$2:$B$999,"="&$C108,RdTRABYVals!$C$2:$C$999,"="&INS!$A108),"") -> 0.35 | AX108: =IFERROR(AVERAGEIFS(RdTRABYVals!P$2:P$999,RdTRABYVals!$B$2:$B$999,"="&$C108,RdTRABYVals!$C$2:$C$999,"="&INS!$A108),"") -> 0.35 | AY108: =IFERROR(AVERAGEIFS(RdTRABYVals!Q$2:Q$999,RdTRABYVals!$B$2:$B$999,"="&$C108,RdTRABYVals!$C$2:$C$999,"="&INS!$A108),"") -> 0.35 | AZ108: =IFERROR(AVERAGEIFS(RdTRABYVals!R$2:R$999,RdTRABYVals!$B$2:$B$999,"="&$C108,RdTRABYVals!$C$2:$C$999,"="&INS!$A108),"") -> 0.35 | BA108: =IFERROR(AVERAGEIFS(RdTRABYVals!S$2:S$999,RdTRABYVals!$B$2:$B$999,"="&$C108,RdTRABYVals!$C$2:$C$999,"="&INS!$A108),"") -> 0.35 | ... CD108: =IFERROR(AVERAGEIFS(RdTRABYVals!AV$2:AV$999,RdTRABYVals!$B$2:$B$999,"="&$C108,RdTRABYVals!$C$2:$C$999,"="&INS!$A108),"") -> 0.35
A109: TRA_Car_Cng_Upm* | C109: EFF | D109: =A109 -> TRA_Car_Cng_Upm* | F109: =IF(AS109<>"","*"&AS109,"") -> *0.35 | G109: =IF(AT109<>"","*"&AT109,"") -> *0.35 | H109: =IF(AU109<>"","*"&AU109,"") -> *0.35 | I109: =IF(AV109<>"","*"&AV109,"") -> *0.35 | J109: =IF(AW109<>"","*"&AW109,"") -> *0.35 | K109: =IF(AX109<>"","*"&AX109,"") -> *0.35 | L109: =IF(AY109<>"","*"&AY109,"") -> *0.35 | M109: =IF(AZ109<>"","*"&AZ109,"") -> *0.35 | ... AQ109: =IF(CD109<>"","*"&CD109,"") -> *0.35 | AS109: =AVERAGE(AT109:CD109) -> 0.35 | AT109: =IFERROR(AVERAGEIFS(RdTRABYVals!L$2:L$999,RdTRABYVals!$B$2:$B$999,"="&$C109,RdTRABYVals!$C$2:$C$999,"="&INS!$A109),"") -> 0.35 | AU109: =IFERROR(AVERAGEIFS(RdTRABYVals!M$2:M$999,RdTRABYVals!$B$2:$B$999,"="&$C109,RdTRABYVals!$C$2:$C$999,"="&INS!$A109),"") -> 0.35 | AV109: =IFERROR(AVERAGEIFS(RdTRABYVals!N$2:N$999,RdTRABYVals!$B$2:$B$999,"="&$C109,RdTRABYVals!$C$2:$C$999,"="&INS!$A109),"") -> 0.35 | AW109: =IFERROR(AVERAGEIFS(RdTRABYVals!O$2:O$999,RdTRABYVals!$B$2:$B$999,"="&$C109,RdTRABYVals!$C$2:$C$999,"="&INS!$A109),"") -> 0.35 | AX109: =IFERROR(AVERAGEIFS(RdTRABYVals!P$2:P$999,RdTRABYVals!$B$2:$B$999,"="&$C109,RdTRABYVals!$C$2:$C$999,"="&INS!$A109),"") -> 0.35 | AY109: =IFERROR(AVERAGEIFS(RdTRABYVals!Q$2:Q$999,RdTRABYVals!$B$2:$B$999,"="&$C109,RdTRABYVals!$C$2:$C$999,"="&INS!$A109),"") -> 0.35 | AZ109: =IFERROR(AVERAGEIFS(RdTRABYVals!R$2:R$999,RdTRABYVals!$B$2:$B$999,"="&$C109,RdTRABYVals!$C$2:$C$999,"="&INS!$A109),"") -> 0.35 | BA109: =IFERROR(AVERAGEIFS(RdTRABYVals!S$2:S$999,RdTRABYVals!$B$2:$B$999,"="&$C109,RdTRABYVals!$C$2:$C$999,"="&INS!$A109),"") -> 0.35 | ... CD109: =IFERROR(AVERAGEIFS(RdTRABYVals!AV$2:AV$999,RdTRABYVals!$B$2:$B$999,"="&$C109,RdTRABYVals!$C$2:$C$999,"="&INS!$A109),"") -> 0.35
A110: TRA_Car_Dis_Exe* | C110: EFF | D110: =A110 -> TRA_Car_Dis_Exe* | F110: =IF(AS110<>"","*"&AS110,"") -> *0.322162162162162 | G110: =IF(AT110<>"","*"&AT110,"") -> *0.3 | H110: =IF(AU110<>"","*"&AU110,"") -> *0.32 | I110: =IF(AV110<>"","*"&AV110,"") -> *0.32 | J110: =IF(AW110<>"","*"&AW110,"") -> *0.3 | K110: =IF(AX110<>"","*"&AX110,"") -> *0.29 | L110: =IF(AY110<>"","*"&AY110,"") -> *0.3 | M110: =IF(AZ110<>"","*"&AZ110,"") -> *0.31 | ... AQ110: =IF(CD110<>"","*"&CD110,"") -> *0.33 | AS110: =AVERAGE(AT110:CD110) -> 0.32216216 | AT110: =IFERROR(AVERAGEIFS(RdTRABYVals!L$2:L$999,RdTRABYVals!$B$2:$B$999,"="&$C110,RdTRABYVals!$C$2:$C$999,"="&INS!$A110),"") -> 0.3 | AU110: =IFERROR(AVERAGEIFS(RdTRABYVals!M$2:M$999,RdTRABYVals!$B$2:$B$999,"="&$C110,RdTRABYVals!$C$2:$C$999,"="&INS!$A110),"") -> 0.32 | AV110: =IFERROR(AVERAGEIFS(RdTRABYVals!N$2:N$999,RdTRABYVals!$B$2:$B$999,"="&$C110,RdTRABYVals!$C$2:$C$999,"="&INS!$A110),"") -> 0.32 | AW110: =IFERROR(AVERAGEIFS(RdTRABYVals!O$2:O$999,RdTRABYVals!$B$2:$B$999,"="&$C110,RdTRABYVals!$C$2:$C$999,"="&INS!$A110),"") -> 0.3 | AX110: =IFERROR(AVERAGEIFS(RdTRABYVals!P$2:P$999,RdTRABYVals!$B$2:$B$999,"="&$C110,RdTRABYVals!$C$2:$C$999,"="&INS!$A110),"") -> 0.29 | AY110: =IFERROR(AVERAGEIFS(RdTRABYVals!Q$2:Q$999,RdTRABYVals!$B$2:$B$999,"="&$C110,RdTRABYVals!$C$2:$C$999,"="&INS!$A110),"") -> 0.3 | AZ110: =IFERROR(AVERAGEIFS(RdTRABYVals!R$2:R$999,RdTRABYVals!$B$2:$B$999,"="&$C110,RdTRABYVals!$C$2:$C$999,"="&INS!$A110),"") -> 0.31 | BA110: =IFERROR(AVERAGEIFS(RdTRABYVals!S$2:S$999,RdTRABYVals!$B$2:$B$999,"="&$C110,RdTRABYVals!$C$2:$C$999,"="&INS!$A110),"") -> 0.32 | ... CD110: =IFERROR(AVERAGEIFS(RdTRABYVals!AV$2:AV$999,RdTRABYVals!$B$2:$B$999,"="&$C110,RdTRABYVals!$C$2:$C$999,"="&INS!$A110),"") -> 0.33
A111: TRA_Car_Dis_Lom* | C111: EFF | D111: =A111 -> TRA_Car_Dis_Lom* | F111: =IF(AS111<>"","*"&AS111,"") -> *0.527027027027027 | G111: =IF(AT111<>"","*"&AT111,"") -> *0.48 | H111: =IF(AU111<>"","*"&AU111,"") -> *0.52 | I111: =IF(AV111<>"","*"&AV111,"") -> *0.53 | J111: =IF(AW111<>"","*"&AW111,"") -> *0.52 | K111: =IF(AX111<>"","*"&AX111,"") -> *0.51 | L111: =IF(AY111<>"","*"&AY111,"") -> *0.51 | M111: =IF(AZ111<>"","*"&AZ111,"") -> *0.49 | ... AQ111: =IF(CD111<>"","*"&CD111,"") -> *0.59 | AS111: =AVERAGE(AT111:CD111) -> 0.52702703 | AT111: =IFERROR(AVERAGEIFS(RdTRABYVals!L$2:L$999,RdTRABYVals!$B$2:$B$999,"="&$C111,RdTRABYVals!$C$2:$C$999,"="&INS!$A111),"") -> 0.48 | AU111: =IFERROR(AVERAGEIFS(RdTRABYVals!M$2:M$999,RdTRABYVals!$B$2:$B$999,"="&$C111,RdTRABYVals!$C$2:$C$999,"="&INS!$A111),"") -> 0.52 | AV111: =IFERROR(AVERAGEIFS(RdTRABYVals!N$2:N$999,RdTRABYVals!$B$2:$B$999,"="&$C111,RdTRABYVals!$C$2:$C$999,"="&INS!$A111),"") -> 0.53 | AW111: =IFERROR(AVERAGEIFS(RdTRABYVals!O$2:O$999,RdTRABYVals!$B$2:$B$999,"="&$C111,RdTRABYVals!$C$2:$C$999,"="&INS!$A111),"") -> 0.52 | AX111: =IFERROR(AVERAGEIFS(RdTRABYVals!P$2:P$999,RdTRABYVals!$B$2:$B$999,"="&$C111,RdTRABYVals!$C$2:$C$999,"="&INS!$A111),"") -> 0.51 | AY111: =IFERROR(AVERAGEIFS(RdTRABYVals!Q$2:Q$999,RdTRABYVals!$B$2:$B$999,"="&$C111,RdTRABYVals!$C$2:$C$999,"="&INS!$A111),"") -> 0.51 | AZ111: =IFERROR(AVERAGEIFS(RdTRABYVals!R$2:R$999,RdTRABYVals!$B$2:$B$999,"="&$C111,RdTRABYVals!$C$2:$C$999,"="&INS!$A111),"") -> 0.49 | BA111: =IFERROR(AVERAGEIFS(RdTRABYVals!S$2:S$999,RdTRABYVals!$B$2:$B$999,"="&$C111,RdTRABYVals!$C$2:$C$999,"="&INS!$A111),"") -> 0.53 | ... CD111: =IFERROR(AVERAGEIFS(RdTRABYVals!AV$2:AV$999,RdTRABYVals!$B$2:$B$999,"="&$C111,RdTRABYVals!$C$2:$C$999,"="&INS!$A111),"") -> 0.59
A112: TRA_Car_Dis_Sma* | C112: EFF | D112: =A112 -> TRA_Car_Dis_Sma* | F112: =IF(AS112<>"","*"&AS112,"") -> *0.646486486486487 | G112: =IF(AT112<>"","*"&AT112,"") -> *0.57 | H112: =IF(AU112<>"","*"&AU112,"") -> *0.64 | I112: =IF(AV112<>"","*"&AV112,"") -> *0.66 | J112: =IF(AW112<>"","*"&AW112,"") -> *0.63 | K112: =IF(AX112<>"","*"&AX112,"") -> *0.58 | L112: =IF(AY112<>"","*"&AY112,"") -> *0.64 | M112: =IF(AZ112<>"","*"&AZ112,"") -> *0.56 | ... AQ112: =IF(CD112<>"","*"&CD112,"") -> *0.74 | AS112: =AVERAGE(AT112:CD112) -> 0.64648649 | AT112: =IFERROR(AVERAGEIFS(RdTRABYVals!L$2:L$999,RdTRABYVals!$B$2:$B$999,"="&$C112,RdTRABYVals!$C$2:$C$999,"="&INS!$A112),"") -> 0.57 | AU112: =IFERROR(AVERAGEIFS(RdTRABYVals!M$2:M$999,RdTRABYVals!$B$2:$B$999,"="&$C112,RdTRABYVals!$C$2:$C$999,"="&INS!$A112),"") -> 0.64 | AV112: =IFERROR(AVERAGEIFS(RdTRABYVals!N$2:N$999,RdTRABYVals!$B$2:$B$999,"="&$C112,RdTRABYVals!$C$2:$C$999,"="&INS!$A112),"") -> 0.66 | AW112: =IFERROR(AVERAGEIFS(RdTRABYVals!O$2:O$999,RdTRABYVals!$B$2:$B$999,"="&$C112,RdTRABYVals!$C$2:$C$999,"="&INS!$A112),"") -> 0.63 | AX112: =IFERROR(AVERAGEIFS(RdTRABYVals!P$2:P$999,RdTRABYVals!$B$2:$B$999,"="&$C112,RdTRABYVals!$C$2:$C$999,"="&INS!$A112),"") -> 0.58 | AY112: =IFERROR(AVERAGEIFS(RdTRABYVals!Q$2:Q$999,RdTRABYVals!$B$2:$B$999,"="&$C112,RdTRABYVals!$C$2:$C$999,"="&INS!$A112),"") -> 0.64 | AZ112: =IFERROR(AVERAGEIFS(RdTRABYVals!R$2:R$999,RdTRABYVals!$B$2:$B$999,"="&$C112,RdTRABYVals!$C$2:$C$999,"="&INS!$A112),"") -> 0.56 | BA112: =IFERROR(AVERAGEIFS(RdTRABYVals!S$2:S$999,RdTRABYVals!$B$2:$B$999,"="&$C112,RdTRABYVals!$C$2:$C$999,"="&INS!$A112),"") -> 0.65 | ... CD112: =IFERROR(AVERAGEIFS(RdTRABYVals!AV$2:AV$999,RdTRABYVals!$B$2:$B$999,"="&$C112,RdTRABYVals!$C$2:$C$999,"="&INS!$A112),"") -> 0.74
A113: TRA_Car_Dis_Upm* | C113: EFF | D113: =A113 -> TRA_Car_Dis_Upm* | F113: =IF(AS113<>"","*"&AS113,"") -> *0.412162162162162 | G113: =IF(AT113<>"","*"&AT113,"") -> *0.38 | H113: =IF(AU113<>"","*"&AU113,"") -> *0.4 | I113: =IF(AV113<>"","*"&AV113,"") -> *0.41 | J113: =IF(AW113<>"","*"&AW113,"") -> *0.4 | K113: =IF(AX113<>"","*"&AX113,"") -> *0.39 | L113: =IF(AY113<>"","*"&AY113,"") -> *0.39 | M113: =IF(AZ113<>"","*"&AZ113,"") -> *0.4 | ... AQ113: =IF(CD113<>"","*"&CD113,"") -> *0.45 | AS113: =AVERAGE(AT113:CD113) -> 0.41216216 | AT113: =IFERROR(AVERAGEIFS(RdTRABYVals!L$2:L$999,RdTRABYVals!$B$2:$B$999,"="&$C113,RdTRABYVals!$C$2:$C$999,"="&INS!$A113),"") -> 0.38 | AU113: =IFERROR(AVERAGEIFS(RdTRABYVals!M$2:M$999,RdTRABYVals!$B$2:$B$999,"="&$C113,RdTRABYVals!$C$2:$C$999,"="&INS!$A113),"") -> 0.4 | AV113: =IFERROR(AVERAGEIFS(RdTRABYVals!N$2:N$999,RdTRABYVals!$B$2:$B$999,"="&$C113,RdTRABYVals!$C$2:$C$999,"="&INS!$A113),"") -> 0.41 | AW113: =IFERROR(AVERAGEIFS(RdTRABYVals!O$2:O$999,RdTRABYVals!$B$2:$B$999,"="&$C113,RdTRABYVals!$C$2:$C$999,"="&INS!$A113),"") -> 0.4 | AX113: =IFERROR(AVERAGEIFS(RdTRABYVals!P$2:P$999,RdTRABYVals!$B$2:$B$999,"="&$C113,RdTRABYVals!$C$2:$C$999,"="&INS!$A113),"") -> 0.39 | AY113: =IFERROR(AVERAGEIFS(RdTRABYVals!Q$2:Q$999,RdTRABYVals!$B$2:$B$999,"="&$C113,RdTRABYVals!$C$2:$C$999,"="&INS!$A113),"") -> 0.39 | AZ113: =IFERROR(AVERAGEIFS(RdTRABYVals!R$2:R$999,RdTRABYVals!$B$2:$B$999,"="&$C113,RdTRABYVals!$C$2:$C$999,"="&INS!$A113),"") -> 0.4 | BA113: =IFERROR(AVERAGEIFS(RdTRABYVals!S$2:S$999,RdTRABYVals!$B$2:$B$999,"="&$C113,RdTRABYVals!$C$2:$C$999,"="&INS!$A113),"") -> 0.41 | ... CD113: =IFERROR(AVERAGEIFS(RdTRABYVals!AV$2:AV$999,RdTRABYVals!$B$2:$B$999,"="&$C113,RdTRABYVals!$C$2:$C$999,"="&INS!$A113),"") -> 0.45
...

Sheet Average km per veh
B2: TechName | C2: Comm-IN | D2: Comm-OUT | E2: AL | F2: AT | G2: BA | H2: BE | I2: BG | J2: CH | K2: CY | L2: CZ | M2: DE | N2: DK | O2: EE | P2: EL | Q2: ES | R2: FI | S2: FR | T2: HR | U2: HU | V2: IE | W2: IS | X2: IT | Y2: KS | Z2: LT | AA2: LU | AB2: LV | AC2: ME | AD2: MK | AE2: MT | AF2: NL | AG2: NO | AH2: PL | AI2: PT | AJ2: RO | AK2: RS | AL2: SE | AM2: SI | AN2: SK | AO2: UK
A3: STOCK | B3: TRA_Car_Cng_Exe | C3: TRAGAS | D3: TCar | E3: 0 | F3: 0 | G3: 0 | H3: 0 | I3: 0 | J3: 0.9 | K3: 0 | L3: 0 | M3: 9.2 | N3: 0 | O3: 0 | P3: 0 | Q3: 0 | R3: 0 | S3: 0 | T3: 0 | U3: 0 | V3: 0 | W3: 0 | X3: 97.21 | Y3: 0 | Z3: 0 | AA3: 0 | AB3: 0 | AC3: 0 | AD3: 0 | AE3: 0 | AF3: 0.12 | AG3: 0 | AH3: 0 | AI3: 0 | AJ3: 0 | AK3: 1.0558825 | AL3: 2.42 | AM3: 0 | AN3: 0 | AO3: 0.18
B4: TRA_Car_Cng_Lom | C4: TRAGAS | D4: TCar | E4: 0 | F4: 0 | G4: 0 | H4: 0 | I4: 0 | J4: 2.34 | K4: 0 | L4: 0 | M4: 23.9 | N4: 0 | O4: 0 | P4: 0 | Q4: 0 | R4: 0 | S4: 0 | T4: 0 | U4: 0 | V4: 0 | W4: 0 | X4: 252.71 | Y4: 0 | Z4: 0 | AA4: 0 | AB4: 0 | AC4: 0 | AD4: 0 | AE4: 0 | AF4: 0.32 | AG4: 0 | AH4: 0 | AI4: 0 | AJ4: 0 | AK4: 2.7449036 | AL4: 8.9 | AM4: 0 | AN4: 0 | AO4: 0.48
B5: TRA_Car_Cng_Sma | C5: TRAGAS | D5: TCar | E5: 0 | F5: 0 | G5: 0 | H5: 0 | I5: 0 | J5: 2.29 | K5: 0 | L5: 0 | M5: 23.34 | N5: 0 | O5: 0 | P5: 0 | Q5: 0 | R5: 0 | S5: 0 | T5: 0 | U5: 0 | V5: 0 | W5: 0 | X5: 246.79 | Y5: 0 | Z5: 0 | AA5: 0 | AB5: 0 | AC5: 0 | AD5: 0 | AE5: 0 | AF5: 0.32 | AG5: 0 | AH5: 0 | AI5: 0 | AJ5: 0 | AK5: 2.6806013 | AL5: 8.94 | AM5: 0 | AN5: 0 | AO5: 0.47
B6: TRA_Car_Cng_Upm | C6: TRAGAS | D6: TCar | E6: 0 | F6: 0 | G6: 0 | H6: 0 | I6: 0 | J6: 1.05 | K6: 0 | L6: 0 | M6: 10.72 | N6: 0 | O6: 0 | P6: 0 | Q6: 0 | R6: 0 | S6: 0 | T6: 0 | U6: 0 | V6: 0 | W6: 0 | X6: 113.31 | Y6: 0 | Z6: 0 | AA6: 0 | AB6: 0 | AC6: 0 | AD6: 0 | AE6: 0 | AF6: 0.15 | AG6: 0 | AH6: 0 | AI6: 0 | AJ6: 0 | AK6: 1.2307587 | AL6: 4.74 | AM6: 0 | AN6: 0 | AO6: 0.21
B7: TRA_Car_Dis_Exe | C7: TRADST | D7: TCar | E7: 9.5478683 | F7: 509.07 | G7: 56.75314 | H7: 509.08 | I7: 212.83 | J7: 259.88 | K7: 34.71 | L7: 218.49 | M7: 3483.21 | N7: 93.82 | O7: 51.42 | P7: 41.98 | Q7: 2108.62 | R7: 228.8 | S7: 2771.18 | T7: 75.96 | U7: 124.01 | V7: 115.16 | W7: 16.91 | X7: 2443.14 | Y7: 15.390675 | Z7: 177.92 | AA7: 57.92 | AB7: 70.72 | AC7: 2.6764694 | AD7: 16.14 | AE7: 7.97 | AF7: 361.29 | AG7: 211.5 | AH7: 694.3 | AI7: 425.2 | AJ7: 298.81 | AK7: 70.522924 | AL7: 270.85 | AM7: 69.86 | AN7: 82.8 | AO7: 2069.75
B8: TRA_Car_Dis_Lom | C8: TRADST | D8: TCar | E8: 10.216538 | F8: 872.35 | G8: 131.07166 | H8: 1128.43 | I8: 303.18 | J8: 198.78 | K8: 8.88 | L8: 407.23 | M8: 3109.2 | N8: 189.54 | O8: 26.14 | P8: 44.92 | Q8: 4274.06 | R8: 134.11 | S8: 6576.88 | T8: 175.43 | U8: 204.45 | V8: 173.67 | W8: 8.6 | X8: 4903.81 | Y8: 35.54484 | Z8: 161.85 | AA8: 64.53 | AB8: 39.8 | AC8: 2.8639115 | AD8: 23 | AE8: 24.59 | AF8: 386.22 | AG8: 197.84 | AH8: 1310 | AI8: 681.17 | AJ8: 489.17 | AK8: 162.87305 | AL8: 151.06 | AM8: 126.18 | AN8: 144.02 | AO8: 2530.87
B9: TRA_Car_Dis_Sma | C9: TRADST | D9: TCar | E9: 8.1422984 | F9: 851.92 | G9: 128.00089 | H9: 1102.01 | I9: 296.08 | J9: 194.12 | K9: 8.67 | L9: 397.69 | M9: 3036.41 | N9: 185.11 | O9: 25.53 | P9: 35.8 | Q9: 3269.74 | R9: 130.97 | S9: 6422.89 | T9: 171.32 | U9: 199.67 | V9: 79.54 | W9: 8.39 | X9: 4788.99 | Y9: 34.71209 | Z9: 158.06 | AA9: 63.08 | AB9: 38.87 | AC9: 2.2824584 | AD9: 22.46 | AE9: 24.02 | AF9: 377.18 | AG9: 170.98 | AH9: 1279.33 | AI9: 665.22 | AJ9: 477.71 | AK9: 159.05723 | AL9: 151.77 | AM9: 123.23 | AN9: 140.65 | AO9: 2471.61
B10: TRA_Car_Dis_Upm | C10: TRADST | D10: TCar | E10: 4.8012268 | F10: 391.14 | G10: 58.770431 | H10: 505.96 | I10: 135.94 | J10: 89.13 | K10: 3.98 | L10: 182.59 | M10: 1394.08 | N10: 84.99 | O10: 11.72 | P10: 21.11 | Q10: 1814.42 | R10: 60.13 | S10: 2948.89 | T10: 78.66 | U10: 91.67 | V10: 127.95 | W10: 3.85 | X10: 2198.73 | Y10: 15.937736 | Z10: 72.57 | AA10: 30.38 | AB10: 17.85 | AC10: 1.3458854 | AD10: 10.31 | AE10: 11.03 | AF10: 173.31 | AG10: 110.94 | AH10: 587.37 | AI10: 305.42 | AJ10: 219.33 | AK10: 73.029663 | AL10: 66.63 | AM10: 56.58 | AN10: 64.58 | AO10: 1134.77
B11: TRA_Car_Fle_Fue_Exe | C11: TRAGSLSP95 | D11: TCar | E11: 0 | F11: 0 | G11: 0 | H11: 0 | I11: 0 | J11: 0.44 | K11: 0 | L11: 0 | M11: 0 | N11: 0 | O11: 0 | P11: 0 | Q11: 0 | R11: 0 | S11: 0 | T11: 0 | U11: 0 | V11: 0 | W11: 0 | X11: 0 | Y11: 0 | Z11: 0 | AA11: 0 | AB11: 0 | AC11: 0 | AD11: 0 | AE11: 0 | AF11: 0 | AG11: 0 | AH11: 0 | AI11: 0 | AJ11: 0 | AK11: 0 | AL11: 19.82 | AM11: 0 | AN11: 0 | AO11: 0
B12: TRA_Car_Fle_Fue_Lom | C12: TRAGSLSP95 | D12: TCar | E12: 0 | F12: 0 | G12: 0 | H12: 0 | I12: 0 | J12: 1.14 | K12: 0 | L12: 0 | M12: 0 | N12: 0 | O12: 0 | P12: 0 | Q12: 0 | R12: 0 | S12: 0 | T12: 0 | U12: 0 | V12: 0 | W12: 0 | X12: 0 | Y12: 0 | Z12: 0 | AA12: 0 | AB12: 0 | AC12: 0 | AD12: 0 | AE12: 0 | AF12: 0 | AG12: 0 | AH12: 0 | AI12: 0 | AJ12: 0 | AK12: 0 | AL12: 72.78 | AM12: 0 | AN12: 0 | AO12: 0
B13: TRA_Car_Fle_Fue_Sma | C13: TRAGSLSP95 | D13: TCar | E13: 0 | F13: 0 | G13: 0 | H13: 0 | I13: 0 | J13: 1.11 | K13: 0 | L13: 0 | M13: 0 | N13: 0 | O13: 0 | P13: 0 | Q13: 0 | R13: 0 | S13: 0 | T13: 0 | U13: 0 | V13: 0 | W13: 0 | X13: 0 | Y13: 0 | Z13: 0 | AA13: 0 | AB13: 0 | AC13: 0 | AD13: 0 | AE13: 0 | AF13: 0 | AG13: 0 | AH13: 0 | AI13: 0 | AJ13: 0 | AK13: 0 | AL13: 73.12 | AM13: 0 | AN13: 0 | AO13: 0
B14: TRA_Car_Fle_Fue_Upm | C14: TRAGSLSP95 | D14: TCar | E14: 0 | F14: 0 | G14: 0 | H14: 0 | I14: 0 | J14: 0.51 | K14: 0 | L14: 0 | M14: 0 | N14: 0 | O14: 0 | P14: 0 | Q14: 0 | R14: 0 | S14: 0 | T14: 0 | U14: 0 | V14: 0 | W14: 0 | X14: 0 | Y14: 0 | Z14: 0 | AA14: 0 | AB14: 0 | AC14: 0 | AD14: 0 | AE14: 0 | AF14: 0 | AG14: 0 | AH14: 0 | AI14: 0 | AJ14: 0 | AK14: 0 | AL14: 38.77 | AM14: 0 | AN14: 0 | AO14: 0
B15: TRA_Car_Gas_Exe | C15: TRAGSLSP95 | D15: TCar | E15: 7.4709744 | F15: 192.76 | G15: 11.081004 | H15: 149.02 | I15: 52.89 | J15: 805.57 | K15: 23.27 | L15: 134.5 | M15: 3124.93 | N15: 110.06 | O15: 56.61 | P15: 233.41 | Q15: 1144.8 | R15: 313.37 | S15: 509.92 | T15: 27.39 | U15: 66.04 | V15: 102.17 | W15: 30.63 | X15: 470.76 | Y15: 3.0143481 | Z15: 158.56 | AA15: 27.25 | AB15: 64.51 | AC15: 3.6577774 | AD15: 7.74 | AE15: 3.28 | AF15: 969.7 | AG15: 483.99 | AH15: 400.48 | AI15: 47.07 | AJ15: 88.69 | AK15: 20.057508 | AL15: 1515.46 | AM15: 23.4 | AN15: 48.16 | AO15: 2029.67
... B26: TRA_Car_Oth_Upm | C26: TRAGSLSP95 | D26: TCar | E26: 0 | F26: 0 | G26: 0 | H26: 0 | I26: 0 | J26: 0 | K26: 0 | L26: 0.8 | M26: 0 | N26: 0.06 | O26: 0 | P26: 0 | Q26: 0 | R26: 0 | S26: 0 | T26: 0 | U26: 0 | V26: 0 | W26: 0.14 | X26: 0 | Y26: 0 | Z26: 0 | AA26: 0 | AB26: 0 | AC26: 0 | AD26: 0 | AE26: 0 | AF26: 8.94 | AG26: 0 | AH26: 59.68 | AI26: 1.28 | AJ26: 0 | AK26: 0 | AL26: 3.68 | AM26: 0 | AN26: 0 | AO26: 0.32
B28: Exe | E28: =E3+E7+E11+E15+E19+E23 -> 17.018843 | F28: =F3+F7+F11+F15+F19+F23 -> 701.83 | G28: =G3+G7+G11+G15+G19+G23 -> 67.834143 | H28: =H3+H7+H11+H15+H19+H23 -> 663.01 | I28: =I3+I7+I11+I15+I19+I23 -> 279.18 | J28: =J3+J7+J11+J15+J19+J23 -> 1066.79 | K28: =K3+K7+K11+K15+K19+K23 -> 57.98 | L28: =L3+L7+L11+L15+L19+L23 -> 353.67 | ... AO28: =AO3+AO7+AO11+AO15+AO19+AO23 -> 4103.43
B29: Lom | E29: =E4+E8+E12+E16+E20+E24 -> 51.616254 | F29: =F4+F8+F12+F16+F20+F24 -> 1360.5 | G29: =G4+G8+G12+G16+G20+G24 -> 202.57427 | H29: =H4+H8+H12+H16+H20+H24 -> 1571.85 | I29: =I4+I8+I12+I16+I20+I24 -> 711.98 | J29: =J4+J8+J12+J16+J20+J24 -> 1269.86 | K29: =K4+K8+K12+K16+K20+K24 -> 188.12 | L29: =L4+L8+L12+L16+L20+L24 -> 1056.81 | ... AO29: =AO4+AO8+AO12+AO16+AO20+AO24 -> 8427.02
B30: Sma | E30: =E5+E9+E13+E17+E21+E25 -> 105.6593 | F30: =F5+F9+F13+F17+F21+F25 -> 1984.58 | G30: =G5+G9+G13+G17+G21+G25 -> 394.87548 | H30: =H5+H9+H13+H17+H21+H25 -> 2399.01 | I30: =I5+I9+I13+I17+I21+I25 -> 1288.96 | J30: =J5+J9+J13+J17+J21+J25 -> 1169.81 | K30: =K5+K9+K13+K17+K21+K25 -> 204.38 | L30: =L5+L9+L13+L17+L21+L25 -> 2611.68 | ... AO30: =AO5+AO9+AO13+AO17+AO21+AO25 -> 12026.44
B31: Ump | E31: =E6+E10+E14+E18+E22+E26 -> 20.571541 | F31: =F6+F10+F14+F18+F22+F26 -> 610.01 | G31: =G6+G10+G14+G18+G22+G26 -> 90.832116 | H31: =H6+H10+H14+H18+H22+H26 -> 704.78 | I31: =I6+I10+I14+I18+I22+I26 -> 319.24 | J31: =J6+J10+J14+J18+J22+J26 -> 569.37 | K31: =K6+K10+K14+K18+K22+K26 -> 84.35 | L31: =L6+L10+L14+L18+L22+L26 -> 473.84 | ... AO31: =AO6+AO10+AO14+AO18+AO22+AO26 -> 3778.44
A33: Km per veh | B33: AF
B34: TRA_Car_Cng_Exe | E34: 0 | F34: 0 | G34: 0 | H34: 0 | I34: 0 | J34: 16.1625 | K34: 0 | L34: 0 | M34: 30.5987 | N34: 0 | O34: 0 | P34: 0 | Q34: 0 | R34: 0 | S34: 0 | T34: 0 | U34: 0 | V34: 0 | W34: 0 | X34: 12.0975 | Y34: 0 | Z34: 0 | AA34: 0 | AB34: 0 | AC34: 0 | AD34: 0 | AE34: 0 | AF34: 6.6436 | AG34: 0 | AH34: 0 | AI34: 0 | AJ34: 0 | AK34: 12.0975 | AL34: 5.20098 | AM34: 0 | AN34: 0 | AO34: 0
B35: TRA_Car_Cng_Lom | E35: 0 | F35: 0 | G35: 0 | H35: 0 | I35: 0 | J35: 16.1625 | K35: 0 | L35: 0 | M35: 29.8109 | N35: 0 | O35: 0 | P35: 0 | Q35: 0 | R35: 0 | S35: 0 | T35: 0 | U35: 0 | V35: 0 | W35: 0 | X35: 12.3414 | Y35: 0 | Z35: 0 | AA35: 0 | AB35: 0 | AC35: 0 | AD35: 0 | AE35: 0 | AF35: 7.15538 | AG35: 0 | AH35: 0 | AI35: 0 | AJ35: 0 | AK35: 12.3414 | AL35: 5.28181 | AM35: 0 | AN35: 0 | AO35: 0
B36: TRA_Car_Cng_Sma | E36: 0 | F36: 0 | G36: 0 | H36: 0 | I36: 0 | J36: 16.1625 | K36: 0 | L36: 0 | M36: 29.7919 | N36: 0 | O36: 0 | P36: 0 | Q36: 0 | R36: 0 | S36: 0 | T36: 0 | U36: 0 | V36: 0 | W36: 0 | X36: 15.1212 | Y36: 0 | Z36: 0 | AA36: 0 | AB36: 0 | AC36: 0 | AD36: 0 | AE36: 0 | AF36: 6.6436 | AG36: 0 | AH36: 0 | AI36: 0 | AJ36: 0 | AK36: 15.1212 | AL36: 5.29046 | AM36: 0 | AN36: 0 | AO36: 0
B37: TRA_Car_Cng_Upm | E37: 0 | F37: 0 | G37: 0 | H37: 0 | I37: 0 | J37: 16.1625 | K37: 0 | L37: 0 | M37: 30.2524 | N37: 0 | O37: 0 | P37: 0 | Q37: 0 | R37: 0 | S37: 0 | T37: 0 | U37: 0 | V37: 0 | W37: 0 | X37: 12.7515 | Y37: 0 | Z37: 0 | AA37: 0 | AB37: 0 | AC37: 0 | AD37: 0 | AE37: 0 | AF37: 8.06019 | AG37: 0 | AH37: 0 | AI37: 0 | AJ37: 0 | AK37: 12.7515 | AL37: 5.48829 | AM37: 0 | AN37: 0 | AO37: 0
B38: TRA_Car_Dis_Exe | E38: 23.0298 | F38: 28.6446 | G38: 20.5348 | H38: 22.2029 | I38: 11.1628 | J38: 19.0919 | K38: 17.9343 | L38: 20.2401 | M38: 24.6415 | N38: 32.2135 | O38: 22.4352 | P38: 23.0298 | Q38: 19.0031 | R38: 23.7821 | S38: 18.8005 | T38: 20.5348 | U38: 25.579 | V38: 22.8608 | W38: 16.4218 | X38: 16.1706 | Y38: 20.5348 | Z38: 7.62566 | AA38: 67.863 | AB38: 24.4701 | AC38: 23.0298 | AD38: 30.495 | AE38: 3.33004 | AF38: 33.4627 | AG38: 23.3271 | AH38: 13.8141 | AI38: 19.5186 | AJ38: 10.7438 | AK38: 20.5348 | AL38: 39.2364 | AM38: 24.8525 | AN38: 11.8839 | AO38: 19.1104
B39: TRA_Car_Dis_Lom | E39: 19.6826 | F39: 26.3411 | G39: 18.9033 | H39: 23.7359 | I39: 12.5225 | J39: 17.0763 | K39: 13.6636 | L39: 18.4134 | M39: 24.1191 | N39: 30.9059 | O39: 19.7665 | P39: 19.6826 | Q39: 17.2917 | R39: 23.4268 | S39: 17.7626 | T39: 18.9033 | U39: 23.8671 | V39: 22.0542 | W39: 18.0538 | X39: 15.0969 | Y39: 18.9033 | Z39: 5.96731 | AA39: 69.0646 | AB39: 20.3945 | AC39: 19.6826 | AD39: 27.66 | AE39: 3.51014 | AF39: 33.1289 | AG39: 23.5978 | AH39: 14.1127 | AI39: 19.5186 | AJ39: 9.16727 | AK39: 18.9033 | AL39: 35.0221 | AM39: 24.9801 | AN39: 11.8965 | AO39: 17.5383
B40: TRA_Car_Dis_Sma | E40: 13.2971 | F40: 26.5225 | G40: 18.9033 | H40: 21.687 | I40: 12.5122 | J40: 17.0648 | K40: 12.8825 | L40: 18.4134 | M40: 24.033 | N40: 29.33 | O40: 21.1119 | P40: 13.2971 | Q40: 17.0657 | R40: 24.8722 | S40: 17.9041 | T40: 18.9033 | U40: 23.8671 | V40: 22.2259 | W40: 17.6751 | X40: 16.9659 | Y40: 18.9033 | Z40: 5.96731 | AA40: 68.7874 | AB40: 23.0539 | AC40: 13.2971 | AD40: 25.8461 | AE40: 3.64308 | AF40: 32.5422 | AG40: 23.7897 | AH40: 13.3304 | AI40: 19.5186 | AJ40: 9.16727 | AK40: 18.9033 | AL40: 34.8127 | AM40: 23.4068 | AN40: 11.8965 | AO40: 14.9747
B41: TRA_Car_Dis_Upm | E41: 20.2506 | F41: 26.9338 | G41: 19.4395 | H41: 22.4619 | I41: 6.63208 | J41: 18.041 | K41: 13.6481 | L41: 18.4134 | M41: 24.6652 | N41: 29.5565 | O41: 20.3336 | P41: 20.2506 | Q41: 17.0887 | R41: 22.4362 | S41: 18.0468 | T41: 19.4395 | U41: 23.8671 | V41: 22.0164 | W41: 19.2647 | X41: 15.4991 | Y41: 19.4395 | Z41: 5.96731 | AA41: 73.225 | AB41: 25.4212 | AC41: 20.2506 | AD41: 27.66 | AE41: 3.51631 | AF41: 32.6373 | AG41: 23.148 | AH41: 13.9253 | AI41: 19.5186 | AJ41: 9.16727 | AK41: 19.4395 | AL41: 36.3048 | AM41: 25.4459 | AN41: 11.8965 | AO41: 18.3772
B42: TRA_Car_Fle_Fue_Exe | E42: 0 | F42: 0 | G42: 0 | H42: 0 | I42: 0 | J42: 11.1287 | K42: 0 | L42: 0 | M42: 0 | N42: 0 | O42: 0 | P42: 0 | Q42: 0 | R42: 0 | S42: 0 | T42: 0 | U42: 0 | V42: 0 | W42: 0 | X42: 0 | Y42: 0 | Z42: 0 | AA42: 0 | AB42: 0 | AC42: 0 | AD42: 0 | AE42: 0 | AF42: 0 | AG42: 0 | AH42: 0 | AI42: 0 | AJ42: 0 | AK42: 0 | AL42: 16.7492 | AM42: 0 | AN42: 0 | AO42: 0
B43: TRA_Car_Fle_Fue_Lom | E43: 0 | F43: 0 | G43: 0 | H43: 0 | I43: 0 | J43: 11.1287 | K43: 0 | L43: 0 | M43: 0 | N43: 0 | O43: 0 | P43: 0 | Q43: 0 | R43: 0 | S43: 0 | T43: 0 | U43: 0 | V43: 0 | W43: 0 | X43: 0 | Y43: 0 | Z43: 0 | AA43: 0 | AB43: 0 | AC43: 0 | AD43: 0 | AE43: 0 | AF43: 0 | AG43: 0 | AH43: 0 | AI43: 0 | AJ43: 0 | AK43: 0 | AL43: 16.3708 | AM43: 0 | AN43: 0 | AO43: 0
B44: TRA_Car_Fle_Fue_Sma | E44: 0 | F44: 0 | G44: 0 | H44: 0 | I44: 0 | J44: 11.1287 | K44: 0 | L44: 0 | M44: 0 | N44: 0 | O44: 0 | P44: 0 | Q44: 0 | R44: 0 | S44: 0 | T44: 0 | U44: 0 | V44: 0 | W44: 0 | X44: 0 | Y44: 0 | Z44: 0 | AA44: 0 | AB44: 0 | AC44: 0 | AD44: 0 | AE44: 0 | AF44: 0 | AG44: 0 | AH44: 0 | AI44: 0 | AJ44: 0 | AK44: 0 | AL44: 15.3071 | AM44: 0 | AN44: 0 | AO44: 0
B45: TRA_Car_Fle_Fue_Upm | E45: 0 | F45: 0 | G45: 0 | H45: 0 | I45: 0 | J45: 11.1287 | K45: 0 | L45: 0 | M45: 0 | N45: 0 | O45: 0 | P45: 0 | Q45: 0 | R45: 0 | S45: 0 | T45: 0 | U45: 0 | V45: 0 | W45: 0 | X45: 0 | Y45: 0 | Z45: 0 | AA45: 0 | AB45: 0 | AC45: 0 | AD45: 0 | AE45: 0 | AF45: 0 | AG45: 0 | AH45: 0 | AI45: 0 | AJ45: 0 | AK45: 0 | AL45: 16.8051 | AM45: 0 | AN45: 0 | AO45: 0
... B57: TRA_Car_Oth_Upm | E57: 0 | F57: 0 | G57: 0 | H57: 0 | I57: 0 | J57: 0 | K57: 0 | L57: 12.6017 | M57: 0 | N57: 8.55235 | O57: 0 | P57: 0 | Q57: 0 | R57: 0 | S57: 0 | T57: 0 | U57: 0 | V57: 0 | W57: 12.6557 | X57: 0 | Y57: 0 | Z57: 0 | AA57: 0 | AB57: 0 | AC57: 0 | AD57: 0 | AE57: 0 | AF57: 13.2015 | AG57: 0 | AH57: 9.11433 | AI57: 14.7604 | AJ57: 0 | AK57: 0 | AL57: 14.0517 | AM57: 0 | AN57: 0 | AO57: 11.1743
A59: Product | B59: Exe | E59: =E34*'Average km per veh'!E3+E38*'Average km per veh'!E7+E42*'Average km per veh'!E11+E46*'Average km per veh'!E15+E50*'Average km per veh'!E19+E54*'Average km per veh'!E23 -> 292.50845 | F59: =F34*'Average km per veh'!F3+F38*'Average km per veh'!F7+F42*'Average km per veh'!F11+F46*'Average km per veh'!F15+F50*'Average km per veh'!F19+F54*'Average km per veh'!F23 -> 17563.333 | G59: =G34*'Average km per veh'!G3+G38*'Average km per veh'!G7+G42*'Average km per veh'!G11+G46*'Average km per veh'!G15+G50*'Average km per veh'!G19+G54*'Average km per veh'!G23 -> 1294.7275 | H59: =H34*'Average km per veh'!H3+H38*'Average km per veh'!H7+H42*'Average km per veh'!H11+H46*'Average km per veh'!H15+H50*'Average km per veh'!H19+H54*'Average km per veh'!H23 -> 12654.581 | I59: =I34*'Average km per veh'!I3+I38*'Average km per veh'!I7+I42*'Average km per veh'!I11+I46*'Average km per veh'!I15+I50*'Average km per veh'!I19+I54*'Average km per veh'!I23 -> 3428.1204 | J59: =J34*'Average km per veh'!J3+J38*'Average km per veh'!J7+J42*'Average km per veh'!J11+J46*'Average km per veh'!J15+J50*'Average km per veh'!J19+J54*'Average km per veh'!J23 -> 17047.679 | K59: =K34*'Average km per veh'!K3+K38*'Average km per veh'!K7+K42*'Average km per veh'!K11+K46*'Average km per veh'!K15+K50*'Average km per veh'!K19+K54*'Average km per veh'!K23 -> 973.90913 | L59: =L34*'Average km per veh'!L3+L38*'Average km per veh'!L7+L42*'Average km per veh'!L11+L46*'Average km per veh'!L15+L50*'Average km per veh'!L19+L54*'Average km per veh'!L23 -> 5693.4318 | ... AO59: =AO34*'Average km per veh'!AO3+AO38*'Average km per veh'!AO7+AO42*'Average km per veh'!AO11+AO46*'Average km per veh'!AO15+AO50*'Average km per veh'!AO19+AO54*'Average km per veh'!AO23 -> 71044.728
B60: Lom | E60: =E35*'Average km per veh'!E4+E39*'Average km per veh'!E8+E43*'Average km per veh'!E12+E47*'Average km per veh'!E16+E51*'Average km per veh'!E20+E55*'Average km per veh'!E24 -> 579.70664 | F60: =F35*'Average km per veh'!F4+F39*'Average km per veh'!F8+F43*'Average km per veh'!F12+F47*'Average km per veh'!F16+F51*'Average km per veh'!F20+F55*'Average km per veh'!F24 -> 30263.028 | G60: =G35*'Average km per veh'!G4+G39*'Average km per veh'!G8+G43*'Average km per veh'!G12+G47*'Average km per veh'!G16+G51*'Average km per veh'!G20+G55*'Average km per veh'!G24 -> 3327.2238 | H60: =H35*'Average km per veh'!H4+H39*'Average km per veh'!H8+H43*'Average km per veh'!H12+H47*'Average km per veh'!H16+H51*'Average km per veh'!H20+H55*'Average km per veh'!H24 -> 31266.689 | I60: =I35*'Average km per veh'!I4+I39*'Average km per veh'!I8+I43*'Average km per veh'!I12+I47*'Average km per veh'!I16+I51*'Average km per veh'!I20+I55*'Average km per veh'!I24 -> 7761.4346 | J60: =J35*'Average km per veh'!J4+J39*'Average km per veh'!J8+J43*'Average km per veh'!J12+J47*'Average km per veh'!J16+J51*'Average km per veh'!J20+J55*'Average km per veh'!J24 -> 17788.14 | K60: =K35*'Average km per veh'!K4+K39*'Average km per veh'!K8+K43*'Average km per veh'!K12+K47*'Average km per veh'!K16+K51*'Average km per veh'!K20+K55*'Average km per veh'!K24 -> 2588.177 | L60: =L35*'Average km per veh'!L4+L39*'Average km per veh'!L8+L43*'Average km per veh'!L12+L47*'Average km per veh'!L16+L51*'Average km per veh'!L20+L55*'Average km per veh'!L24 -> 13470.467 | ... AO60: =AO35*'Average km per veh'!AO4+AO39*'Average km per veh'!AO8+AO43*'Average km per veh'!AO12+AO47*'Average km per veh'!AO16+AO51*'Average km per veh'!AO20+AO55*'Average km per veh'!AO24 -> 127766.24
B61: Sma | E61: =E36*'Average km per veh'!E5+E40*'Average km per veh'!E9+E44*'Average km per veh'!E13+E48*'Average km per veh'!E17+E52*'Average km per veh'!E21+E56*'Average km per veh'!E25 -> 751.80708 | F61: =F36*'Average km per veh'!F5+F40*'Average km per veh'!F9+F44*'Average km per veh'!F13+F48*'Average km per veh'!F17+F52*'Average km per veh'!F21+F56*'Average km per veh'!F25 -> 37798.743 | G61: =G36*'Average km per veh'!G5+G40*'Average km per veh'!G9+G44*'Average km per veh'!G13+G48*'Average km per veh'!G17+G52*'Average km per veh'!G21+G56*'Average km per veh'!G25 -> 5491.6327 | H61: =H36*'Average km per veh'!H5+H40*'Average km per veh'!H9+H44*'Average km per veh'!H13+H48*'Average km per veh'!H17+H52*'Average km per veh'!H21+H56*'Average km per veh'!H25 -> 37663.352 | I61: =I36*'Average km per veh'!I5+I40*'Average km per veh'!I9+I44*'Average km per veh'!I13+I48*'Average km per veh'!I17+I52*'Average km per veh'!I21+I56*'Average km per veh'!I25 -> 11162.845 | J61: =J36*'Average km per veh'!J5+J40*'Average km per veh'!J9+J44*'Average km per veh'!J13+J48*'Average km per veh'!J17+J52*'Average km per veh'!J21+J56*'Average km per veh'!J25 -> 14131.749 | K61: =K36*'Average km per veh'!K5+K40*'Average km per veh'!K9+K44*'Average km per veh'!K13+K48*'Average km per veh'!K17+K52*'Average km per veh'!K21+K56*'Average km per veh'!K25 -> 2476.7096 | L61: =L36*'Average km per veh'!L5+L40*'Average km per veh'!L9+L44*'Average km per veh'!L13+L48*'Average km per veh'!L17+L52*'Average km per veh'!L21+L56*'Average km per veh'!L25 -> 26518.065 | ... AO61: =AO36*'Average km per veh'!AO5+AO40*'Average km per veh'!AO9+AO44*'Average km per veh'!AO13+AO48*'Average km per veh'!AO17+AO52*'Average km per veh'!AO21+AO56*'Average km per veh'!AO25 -> 155040.83
B62: Ump | E62: =E37*'Average km per veh'!E6+E41*'Average km per veh'!E10+E45*'Average km per veh'!E14+E49*'Average km per veh'!E18+E53*'Average km per veh'!E22+E57*'Average km per veh'!E26 -> 246.43603 | F62: =F37*'Average km per veh'!F6+F41*'Average km per veh'!F10+F45*'Average km per veh'!F14+F49*'Average km per veh'!F18+F53*'Average km per veh'!F22+F57*'Average km per veh'!F26 -> 13777.686 | G62: =G37*'Average km per veh'!G6+G41*'Average km per veh'!G10+G45*'Average km per veh'!G14+G49*'Average km per veh'!G18+G53*'Average km per veh'!G22+G57*'Average km per veh'!G26 -> 1507.9774 | H62: =H37*'Average km per veh'!H6+H41*'Average km per veh'!H10+H45*'Average km per veh'!H14+H49*'Average km per veh'!H18+H53*'Average km per veh'!H22+H57*'Average km per veh'!H26 -> 13278.326 | I62: =I37*'Average km per veh'!I6+I41*'Average km per veh'!I10+I45*'Average km per veh'!I14+I49*'Average km per veh'!I18+I53*'Average km per veh'!I22+I57*'Average km per veh'!I26 -> 2848.1573 | J62: =J37*'Average km per veh'!J6+J41*'Average km per veh'!J10+J45*'Average km per veh'!J14+J49*'Average km per veh'!J18+J53*'Average km per veh'!J22+J57*'Average km per veh'!J26 -> 7938.0155 | K62: =K37*'Average km per veh'!K6+K41*'Average km per veh'!K10+K45*'Average km per veh'!K14+K49*'Average km per veh'!K18+K53*'Average km per veh'!K22+K57*'Average km per veh'!K26 -> 1124.6228 | L62: =L37*'Average km per veh'!L6+L41*'Average km per veh'!L10+L45*'Average km per veh'!L14+L49*'Average km per veh'!L18+L53*'Average km per veh'!L22+L57*'Average km per veh'!L26 -> 6068.3733 | ... AO62: =AO37*'Average km per veh'!AO6+AO41*'Average km per veh'!AO10+AO45*'Average km per veh'!AO14+AO49*'Average km per veh'!AO18+AO53*'Average km per veh'!AO22+AO57*'Average km per veh'!AO26 -> 60889.092
A64: Weighted average
E65: AL | F65: AT | G65: BA | H65: BE | I65: BG | J65: CH | K65: CY | L65: CZ | M65: DE | N65: DK | O65: EE | P65: EL | Q65: ES | R65: FI | S65: FR | T65: HR | U65: HU | V65: IE | W65: IS | X65: IT | Y65: KS | Z65: LT | AA65: LU | AB65: LV | AC65: ME | AD65: MK | AE65: MT | AF65: NL | AG65: NO | AH65: PL | AI65: PT | AJ65: RO | AK65: RS | AL65: SE | AM65: SI | AN65: SK | AO65: UK
B66: Exe | E66: =E59/E28 -> 17.187329 | F66: =F59/F28 -> 25.025053 | G66: =G59/G28 -> 19.086664 | H66: =H59/H28 -> 19.086561 | I66: =I59/I28 -> 12.279248 | J66: =J59/J28 -> 15.980351 | K66: =K59/K28 -> 16.797329 | L66: =L59/L28 -> 16.098147 | ... AO66: =AO59/AO28 -> 17.313498
B67: Lom | E67: =E60/E29 -> 11.231087 | F67: =F60/F29 -> 22.244049 | G67: =G60/G29 -> 16.42471 | H67: =H60/H29 -> 19.891649 | I67: =I60/I29 -> 10.901198 | J67: =J60/J29 -> 14.007954 | K67: =K60/K29 -> 13.758117 | L67: =L60/L29 -> 12.746347 | ... AO67: =AO60/AO29 -> 15.161497
B68: Sma | E68: =E61/E30 -> 7.1153893 | F68: =F61/F30 -> 19.046218 | G68: =G61/G30 -> 13.907252 | H68: =H61/H30 -> 15.699539 | I68: =I61/I30 -> 8.6603503 | J68: =J61/J30 -> 12.080379 | K68: =K61/K30 -> 12.11816 | L68: =L61/L30 -> 10.153642 | ... AO68: =AO61/AO30 -> 12.891665
B69: Ump | E69: =E62/E31 -> 11.979464 | F69: =F62/F31 -> 22.586001 | G69: =G62/G31 -> 16.601809 | H69: =H62/H31 -> 18.840384 | I69: =I62/I31 -> 8.9216805 | J69: =J62/J31 -> 13.941752 | K69: =K62/K31 -> 13.332813 | L69: =L62/L31 -> 12.806798 | ... AO69: =AO62/AO31 -> 16.114876
