Workbook
Name FID_1: [1]AGR_Fuels!$A$2

Sheet Fill Data
B2: ~TFM_Fill-R: w=OldHouses; Hcol=Region
B3: TimeSlice | C3: LimType | D3: Attribute | E3: Year | F3: AllRegions | G3: Pset_CI | H3: Pset_PN | I3: Pset_CO | J3: Cset_CN
D4: PASTI | F4: 1 | H4: Rdw[_]*
D5: INPUT | F5: 1 | H5: Rdw[_]*
B8: ~TFM_Fill-R: w=ServBldg; Hcol=Region
B9: TimeSlice | C9: LimType | D9: Attribute | E9: Year | F9: AllRegions | G9: Pset_CI | H9: Pset_PN
D10: PASTI | F10: 1 | H10: NRBldg*

Sheet OldHouses
A1: scenario | B1: attribute | C1: process | D1: commodity | E1: lim_type | F1: time_slice | G1: year | H1: commodity_group | I1: currency | J1: stage | K1: sow | L1: AL | M1: AT | N1: BA | O1: BE | P1: BG | Q1: CH | R1: CY | S1: CZ | T1: DE | U1: DK | V1: EE | W1: EL | X1: ES | Y1: FI | Z1: FR | AA1: HR | AB1: HU | AC1: IE | AD1: IS | AE1: IT | AF1: KS | AG1: LT | AH1: LU | AI1: LV | AJ1: ME | AK1: MK | AL1: MT | AM1: NL | AN1: NO | AO1: PL | AP1: PT | AQ1: RO | AR1: RS | AS1: SE | AT1: SI | AU1: SK | AV1: UK | AW1: year2
A2: BASE | B2: INPUT | C2: Rdw_DetH | D2: R_ES-DH-Cook | E2: - | F2: ANNUAL | G2: 2010 | H2: - | I2: - | J2: - | K2: - | L2: 0.0096401693 | M2: 0.0030415223 | N2: 0.0042581434 | O2: 0.0034102939 | P2: 0.0036540878 | Q2: 0.0035508104 | R2: 0.0031439568 | S2: 0.002828146 | T2: 0.0032488706 | U2: 0.0028361457 | V2: 0.0027654135 | W2: 0.0056266963 | X2: 0.0038085079 | Y2: 0.0026293573 | Z2: 0.0046456786 | AA2: 0.0030876066 | AB2: 0.0027436497 | AC2: 0.0029710596 | AD2: 0.0022971798 | AE2: 0.0024563525 | AF2: 0.0037550697 | AG2: 0.0024095487 | AH2: 0.0028929007 | AI2: 0.0018737846 | AJ2: 0.0079551734 | AK2: 0.0052408565 | AL2: 0.0040527979 | AM2: 0.0033325711 | AN2: 0.0074120673 | AO2: 0.0031582031 | AP2: 0.015925988 | AQ2: 0.0026716941 | AR2: 0.0048263692 | AS2: 0.0026513054 | AT2: 0.0023401915 | AU2: 0.003632819 | AV2: 0.0020315869 | AW2: -
A3: BASE | B3: INPUT | C3: Rdw_DetH | D3: R_ES-DH-SpCool | E3: - | F3: ANNUAL | G3: 2010 | H3: - | I3: - | J3: - | K3: - | L3: 0.0033023629 | M3: 0.00031367532 | N3: 0.0081355238 | O3: 0.001064478 | P3: 0.00053515446 | Q3: 0.00031900864 | R3: 0.0075016642 | S3: 5.791538e-05 | T3: 0.00027938653 | U3: 0.0002158663 | V3: 1.1300493e-05 | W3: 0.0024745307 | X3: 0.0017885701 | Y3: 7.7066365e-05 | Z3: 0.0021914253 | AA3: 0.0040321319 | AB3: 6.3675396e-05 | AC3: 0.00018202999 | AD3: 6.6958366e-05 | AE3: 0.0018281929 | AF3: 0.006817581 | AH3: 0.0029769779 | AJ3: 0.0032922644 | AK3: 0.0096533093 | AL3: 0.0086615593 | AM3: 0.00068788026 | AN3: 0.00024065938 | AO3: 3.7704133e-05 | AP3: 0.0013701653 | AQ3: 8.1424878e-05 | AR3: 0.0088705237 | AS3: 0.00015883064 | AT3: 0.00060158929 | AU3: 0.00019404844 | AV3: 0.00012129152 | AW3: -
A4: BASE | B4: INPUT | C4: Rdw_DetH | D4: R_ES-DH-SpHeat-I | E4: - | F4: ANNUAL | G4: 1940 | H4: - | I4: - | J4: - | K4: - | L4: 0.022981595 | M4: 0.096111982 | N4: 0.028884986 | O4: 0.084974409 | P4: 0.033193906 | Q4: 0.10020342 | R4: 0.034305089 | S4: 0.08306798 | T4: 0.10348827 | U4: 0.078256878 | V4: 0.085208712 | W4: 0.054265075 | X4: 0.059224176 | Y4: 0.1416462 | Z4: 0.096680431 | AA4: 0.055515125 | AB4: 0.06891109 | AC4: 0.091948721 | AD4: 0.19555453 | AE4: 0.072728605 | AF4: 0.027913236 | AG4: 0.064323141 | AH4: 0.1238417 | AI4: 0.084406724 | AJ4: 0.055533011 | AK4: 0.030888509 | AL4: 0.013402284 | AM4: 0.098131719 | AN4: 0.077260408 | AO4: 0.10394198 | AP4: 0.020709667 | AQ4: 0.056147168 | AR4: 0.04095778 | AS4: 0.099843971 | AT4: 0.077196421 | AU4: 0.080024814 | AV4: 0.080194295 | AW4: -
A5: BASE | B5: INPUT | C5: Rdw_DetH | D5: R_ES-DH-SpHeat-I | E5: - | F5: ANNUAL | G5: 1957 | H5: - | I5: - | J5: - | K5: - | L5: 0.022981595 | M5: 0.08951184 | N5: 0.028884986 | O5: 0.084974409 | P5: 0.033193906 | Q5: 0.093322317 | R5: 0.03233403 | S5: 0.071271836 | T5: 0.089392889 | U5: 0.076040258 | V5: 0.085208712 | W5: 0.054265075 | X5: 0.054016123 | Y5: 0.13093622 | Z5: 0.096680431 | AA5: 0.058254327 | AB5: 0.06891109 | AC5: 0.093135935 | AD5: 0.18076849 | AE5: 0.06937349 | AF5: 0.027913236 | AG5: 0.064323141 | AH5: 0.12588379 | AI5: 0.083252979 | AJ5: 0.055533011 | AK5: 0.030888509 | AL5: 0.013385958 | AM5: 0.080500612 | AN5: 0.076916432 | AO5: 0.076433835 | AP5: 0.018977565 | AQ5: 0.051310149 | AR5: 0.04095778 | AS5: 0.09939945 | AT5: 0.077196421 | AU5: 0.0689258 | AV5: 0.0837608 | AW5: -
A6: BASE | B6: INPUT | C6: Rdw_DetH | D6: R_ES-DH-WatHeat | E6: - | F6: ANNUAL | G6: 2010 | H6: - | I6: - | J6: - | K6: - | L6: 0.010671601 | M6: 0.011251381 | N6: 0.0056302138 | O6: 0.0095272111 | P6: 0.0075855179 | Q6: 0.0085103269 | R6: 0.0094679451 | S6: 0.0071258839 | T6: 0.0092098032 | U6: 0.0097229186 | V6: 0.0089376629 | W6: 0.010422415 | X6: 0.012010718 | Y6: 0.01135997 | Z6: 0.0099539709 | AA6: 0.0061370923 | AB6: 0.0053359982 | AC6: 0.010752265 | AD6: 0.010532394 | AE6: 0.0084432134 | AF6: 0.0042840393 | AG6: 0.0073425045 | AH6: 0.0076613003 | AI6: 0.010300905 | AJ6: 0.0075894075 | AK6: 0.0062653176 | AL6: 0.0046083001 | AM6: 0.009244366 | AN6: 0.015409946 | AO6: 0.0091778714 | AP6: 0.014817587 | AQ6: 0.0061500457 | AR6: 0.006927562 | AS6: 0.0092939988 | AT6: 0.012373113 | AU6: 0.0093921415 | AV6: 0.0092111061 | AW6: -
A7: BASE | B7: INPUT | C7: Rdw_DetH-70 | D7: R_ES-DH-70-SpHeat-I | E7: - | F7: ANNUAL | G7: 1975 | H7: - | I7: - | J7: - | K7: - | L7: 0.022981595 | M7: 0.071890665 | N7: 0.028884986 | O7: 0.084974409 | P7: 0.03149259 | Q7: 0.074951017 | R7: 0.033773547 | S7: 0.071271836 | T7: 0.05958274 | U7: 0.053832597 | V7: 0.071252784 | W7: 0.054265075 | X7: 0.054016123 | Y7: 0.10949317 | Z7: 0.047847184 | AA7: 0.050537165 | AB7: 0.060626468 | AC7: 0.081340753 | AD7: 0.15116456 | AE7: 0.065300666 | AF7: 0.027913236 | AG7: 0.042648736 | AH7: 0.07317577 | AI7: 0.07779035 | AJ7: 0.055533011 | AK7: 0.02928467 | AL7: 0.011388099 | AM7: 0.078159089 | AN7: 0.056327587 | AO7: 0.05578075 | AP7: 0.018661058 | AQ7: 0.051310149 | AR7: 0.04095778 | AS7: 0.072792393 | AT7: 0.071119406 | AU7: 0.0689258 | AV7: 0.06703361 | AW7: -
A8: BASE | B8: INPUT | C8: Rdw_DetH-70 | D8: R_ES-DH-70-SpHeat-I | E8: - | F8: ANNUAL | G8: 1985 | H8: - | I8: - | J8: - | K8: - | L8: 0.022400084 | M8: 0.050185499 | N8: 0.025445408 | O8: 0.072602693 | P8: 0.027563117 | Q8: 0.052321872 | R8: 0.032893328 | S8: 0.064471406 | T8: 0.048282126 | U8: 0.045793922 | V8: 0.053095941 | W8: 0.052891988 | X8: 0.036094596 | Y8: 0.090150811 | Z8: 0.041046721 | AA8: 0.050537165 | AB8: 0.046299777 | AC8: 0.055143942 | AD8: 0.1244608 | AE8: 0.050378569 | AF8: 0.024589372 | AG8: 0.042648736 | AH8: 0.06032501 | AI8: 0.046670033 | AJ8: 0.04855439 | AK8: 0.02558408 | AL8: 0.01058451 | AM8: 0.051427336 | AN8: 0.055473812 | AO8: 0.05578075 | AP8: 0.01820093 | AQ8: 0.04415738 | AR8: 0.036080593 | AS8: 0.071689056 | AT8: 0.054753715 | AU8: 0.058733338 | AV8: 0.042175089 | AW8: -
A9: BASE | B9: INPUT | C9: Rdw_DetH-70 | D9: R_ES-DH-70-SpHeat-I | E9: - | F9: ANNUAL | G9: 1995 | H9: - | I9: - | J9: - | K9: - | L9: 0.022400084 | M9: 0.042973891 | N9: 0.024328911 | O9: 0.072602693 | P9: 0.022521092 | Q9: 0.044803269 | R9: 0.028197795 | S9: 0.049699372 | T9: 0.028782762 | U9: 0.045793922 | V9: 0.046604478 | W9: 0.052891988 | X9: 0.036094596 | Y9: 0.089156054 | Z9: 0.024415125 | AA9: 0.036811367 | AB9: 0.046299777 | AC9: 0.04773153 | AD9: 0.12308745 | AE9: 0.04688109 | AF9: 0.023510436 | AG9: 0.042648736 | AH9: 0.051585466 | AI9: 0.045991889 | AJ9: 0.046216872 | AK9: 0.020806595 | AL9: 0.010430532 | AM9: 0.046057939 | AN9: 0.050623271 | AO9: 0.05578075 | AP9: 0.016922284 | AQ9: 0.04415738 | AR9: 0.034497443 | AS9: 0.06542068 | AT9: 0.040423456 | AU9: 0.054180883 | AV9: 0.031101521 | AW9: -
A10: BASE | B10: INPUT | C10: Rdw_DetH-70 | D10: R_ES-DH-70-SpHeat-I | E10: - | F10: ANNUAL | G10: 2004 | H10: - | I10: - | J10: - | K10: - | L10: 0.009072442 | M10: 0.038216553 | N10: 0.021076246 | O10: 0.043568869 | P10: 0.015681843 | Q10: 0.039843413 | R10: 0.02481191 | S10: 0.039103013 | T10: 0.031008037 | U10: 0.033433575 | V10: 0.046604478 | W10: 0.021422218 | X10: 0.024680365 | Y10: 0.079872548 | Z10: 0.023614074 | AA10: 0.02351873 | AB10: 0.028633312 | AC10: 0.030803334 | AD10: 0.11027079 | AE10: 0.044205442 | AF10: 0.020367198 | AG10: 0.025955619 | AH10: 0.041764705 | AI10: 0.029800539 | AJ10: 0.040108513 | AK10: 0.014447878 | AL10: 0.010027607 | AM10: 0.03287312 | AN10: 0.04406805 | AO10: 0.044694994 | AP10: 0.011554767 | AQ10: 0.034372644 | AR10: 0.029885291 | AS10: 0.056949338 | AT10: 0.023933423 | AU10: 0.032557854 | AV10: 0.026105856 | AW10: -
A11: BASE | B11: INPUT | C11: Rdw_DetH-70 | D11: R_ES-DH-Cook | E11: - | F11: ANNUAL | G11: 2010 | H11: - | I11: - | J11: - | K11: - | L11: 0.0096401693 | M11: 0.0030415223 | N11: 0.0042581434 | O11: 0.0034102939 | P11: 0.0036540878 | Q11: 0.0035508104 | R11: 0.0031439568 | S11: 0.002828146 | T11: 0.0032488706 | U11: 0.0028361457 | V11: 0.0027654135 | W11: 0.0056266963 | X11: 0.0038085079 | Y11: 0.0026293573 | Z11: 0.0046456786 | AA11: 0.0030876066 | AB11: 0.0027436497 | AC11: 0.0029710596 | AD11: 0.0022971798 | AE11: 0.0024563525 | AF11: 0.0037550697 | AG11: 0.0024095487 | AH11: 0.0028929007 | AI11: 0.0018737846 | AJ11: 0.0079551734 | AK11: 0.0052408565 | AL11: 0.0040527979 | AM11: 0.0033325711 | AN11: 0.0074120673 | AO11: 0.0031582031 | AP11: 0.015925988 | AQ11: 0.0026716941 | AR11: 0.0048263692 | AS11: 0.0026513054 | AT11: 0.0023401915 | AU11: 0.003632819 | AV11: 0.0020315869 | AW11: -
A12: BASE | B12: INPUT | C12: Rdw_DetH-70 | D12: R_ES-DH-SpCool | E12: - | F12: ANNUAL | G12: 2010 | H12: - | I12: - | J12: - | K12: - | L12: 0.0033023629 | M12: 0.00031367532 | N12: 0.0081355238 | O12: 0.001064478 | P12: 0.00053515446 | Q12: 0.00031900864 | R12: 0.0075016642 | S12: 5.791538e-05 | T12: 0.00027938653 | U12: 0.0002158663 | V12: 1.1300493e-05 | W12: 0.0024745307 | X12: 0.0017885701 | Y12: 7.7066365e-05 | Z12: 0.0021914253 | AA12: 0.0040321319 | AB12: 6.3675396e-05 | AC12: 0.00018202999 | AD12: 6.6958366e-05 | AE12: 0.0018281929 | AF12: 0.006817581 | AH12: 0.0029769779 | AJ12: 0.0032922644 | AK12: 0.0096533093 | AL12: 0.0086615593 | AM12: 0.00068788026 | AN12: 0.00024065938 | AO12: 3.7704133e-05 | AP12: 0.0013701653 | AQ12: 8.1424878e-05 | AR12: 0.0088705237 | AS12: 0.00015883064 | AT12: 0.00060158929 | AU12: 0.00019404844 | AV12: 0.00012129152 | AW12: -
A13: BASE | B13: INPUT | C13: Rdw_DetH-70 | D13: R_ES-DH-WatHeat | E13: - | F13: ANNUAL | G13: 2010 | H13: - | I13: - | J13: - | K13: - | L13: 0.010671601 | M13: 0.011251381 | N13: 0.0056302138 | O13: 0.0095272111 | P13: 0.0075855179 | Q13: 0.0085103269 | R13: 0.0094679451 | S13: 0.0071258839 | T13: 0.0092098032 | U13: 0.0097229186 | V13: 0.0089376629 | W13: 0.010422415 | X13: 0.012010718 | Y13: 0.01135997 | Z13: 0.0099539709 | AA13: 0.0061370923 | AB13: 0.0053359982 | AC13: 0.010752265 | AD13: 0.010532394 | AE13: 0.0084432134 | AF13: 0.0042840393 | AG13: 0.0073425045 | AH13: 0.0076613003 | AI13: 0.010300905 | AJ13: 0.0075894075 | AK13: 0.0062653176 | AL13: 0.0046083001 | AM13: 0.009244366 | AN13: 0.015409946 | AO13: 0.0091778714 | AP13: 0.014817587 | AQ13: 0.0061500457 | AR13: 0.006927562 | AS13: 0.0092939988 | AT13: 0.012373113 | AU13: 0.0093921415 | AV13: 0.0092111061 | AW13: -
A14: BASE | B14: INPUT | C14: Rdw_Flat | D14: R_ES-FL-Cook | E14: - | F14: ANNUAL | G14: 2010 | H14: - | I14: - | J14: - | K14: - | L14: 0.0096401693 | M14: 0.0030415223 | N14: 0.0042581434 | O14: 0.0034102939 | P14: 0.0036540878 | Q14: 0.0035508104 | R14: 0.0031439568 | S14: 0.002828146 | T14: 0.0032488706 | U14: 0.0028361457 | V14: 0.0027654135 | W14: 0.0056266963 | X14: 0.0038085079 | Y14: 0.0026293573 | Z14: 0.0046456786 | AA14: 0.0030876066 | AB14: 0.0027436497 | AC14: 0.0029710596 | AD14: 0.0022971798 | AE14: 0.0024563525 | AF14: 0.0037550697 | AG14: 0.0024095487 | AH14: 0.0028929007 | AI14: 0.0018737846 | AJ14: 0.0079551734 | AK14: 0.0052408565 | AL14: 0.0040527979 | AM14: 0.0033325711 | AN14: 0.0074120673 | AO14: 0.0031582031 | AP14: 0.015925988 | AQ14: 0.0026716941 | AR14: 0.0048263692 | AS14: 0.0026513054 | AT14: 0.0023401915 | AU14: 0.003632819 | AV14: 0.0020315869 | AW14: -
A15: BASE | B15: INPUT | C15: Rdw_Flat | D15: R_ES-FL-SpCool | E15: - | F15: ANNUAL | G15: 2010 | H15: - | I15: - | J15: - | K15: - | L15: 0.0016511814 | M15: 0.00015683766 | N15: 0.0040677619 | O15: 0.000532239 | P15: 0.00026757723 | Q15: 0.00015950432 | R15: 0.0037508321 | S15: 2.895769e-05 | T15: 8e-05 | U15: 0.00010793315 | W15: 0.001 | X15: 0.00069 | Y15: 3.8533182e-05 | Z15: 0.0009 | AA15: 0.0020160659 | AB15: 3.1837698e-05 | AC15: 9.1014997e-05 | AD15: 3.3479183e-05 | AE15: 0.00081 | AF15: 0.0034087905 | AH15: 0.001488489 | AJ15: 0.0016461322 | AK15: 0.0048266546 | AL15: 0.0043307797 | AM15: 0.00034394013 | AN15: 0.00012032969 | AO15: 1.8852066e-05 | AP15: 0.00068508265 | AQ15: 4.0712439e-05 | AR15: 0.0044352619 | AS15: 7.9415318e-05 | AT15: 0.00030079465 | AU15: 9.702422e-05 | AV15: 6.0645759e-05 | AW15: -
A16: BASE | B16: INPUT | C16: Rdw_Flat | D16: R_ES-FL-SpHeat-I | E16: - | F16: ANNUAL | G16: 1940 | H16: - | I16: - | J16: - | K16: - | L16: 0.0060880978 | M16: 0.02260157 | N16: 0.009104341 | O16: 0.02060963 | P16: 0.0088744951 | Q16: 0.023563708 | R16: 0.0089824859 | S16: 0.018348495 | T16: 0.023674127 | U16: 0.015649148 | V16: 0.019331898 | W16: 0.018048127 | X16: 0.01973433 | Y16: 0.024911494 | Z16: 0.022031529 | AA16: 0.016856261 | AB16: 0.015120218 | AC16: 0.013860579 | AD16: 0.04488454 | AE16: 0.019679655 | AF16: 0.0087980523 | AG16: 0.014054509 | AH16: 0.03582544 | AI16: 0.018203297 | AJ16: 0.015730896 | AK16: 0.0098556186 | AL16: 0.0038567291 | AM16: 0.023533097 | AN16: 0.017078255 | AO16: 0.0200024 | AP16: 0.0055484692 | AQ16: 0.0093377491 | AR16: 0.012909599 | AS16: 0.022070306 | AT16: 0.017217398 | AU16: 0.01840318 | AV16: 0.012767179 | AW16: -
A17: BASE | B17: INPUT | C17: Rdw_Flat | D17: R_ES-FL-SpHeat-I | E17: - | F17: ANNUAL | G17: 1957 | H17: - | I17: - | J17: - | K17: - | L17: 0.0060880978 | M17: 0.02041616 | N17: 0.009104341 | O17: 0.02060963 | P17: 0.0088744951 | Q17: 0.021285266 | R17: 0.0082479206 | S17: 0.016537174 | T17: 0.019539949 | U17: 0.0153705 | V17: 0.019331898 | W17: 0.018048127 | X17: 0.017732098 | Y17: 0.023407045 | Z17: 0.022031529 | AA17: 0.017984771 | AB17: 0.015120218 | AC17: 0.014004223 | AD17: 0.042214284 | AE17: 0.018540689 | AF17: 0.0087980523 | AG17: 0.014054509 | AH17: 0.039854128 | AI17: 0.017937407 | AJ17: 0.015730896 | AK17: 0.0098556186 | AL17: 0.003853633 | AM17: 0.019804703 | AN17: 0.01700062 | AO17: 0.01485518 | AP17: 0.0048916693 | AQ17: 0.0085744441 | AR17: 0.012909599 | AS17: 0.021969977 | AT17: 0.017217398 | AU17: 0.015857882 | AV17: 0.013317989 | AW17: -
A18: BASE | B18: INPUT | C18: Rdw_Flat | D18: R_ES-FL-SpHeat-I | E18: - | F18: ANNUAL | G18: 1975 | H18: - | I18: - | J18: - | K18: - | L18: 0.0060880978 | M18: 0.016668709 | N18: 0.009104341 | O18: 0.02060963 | P18: 0.0084074089 | Q18: 0.017378288 | R18: 0.0083150517 | S18: 0.016537174 | T18: 0.013309585 | U18: 0.011065875 | V18: 0.016029882 | W18: 0.018048127 | X18: 0.017732098 | Y18: 0.019809326 | Z18: 0.011175792 | AA18: 0.015678447 | AB18: 0.013219247 | AC18: 0.012580411 | AD18: 0.034942161 | AE18: 0.017698755 | AF18: 0.0087980523 | AG18: 0.0092842663 | AH18: 0.021862408 | AI18: 0.016770417 | AJ18: 0.015730896 | AK18: 0.0093165389 | AL18: 0.0030869373 | AM18: 0.01946823 | AN18: 0.012444089 | AO18: 0.010761353 | AP18: 0.0048331539 | AQ18: 0.0085744441 | AR18: 0.012909599 | AS18: 0.016081552 | AT18: 0.016352583 | AU18: 0.015857882 | AV18: 0.011171579 | AW18: -
A19: BASE | B19: INPUT | C19: Rdw_Flat | D19: R_ES-FL-SpHeat-I | E19: - | F19: ANNUAL | G19: 1985 | H19: - | I19: - | J19: - | K19: - | L19: 0.0059848034 | M19: 0.011780817 | N19: 0.0079623413 | O19: 0.017770166 | P19: 0.0073156621 | Q19: 0.012282321 | R19: 0.0081564801 | S19: 0.015079895 | T19: 0.011382828 | U19: 0.0093897102 | V19: 0.012056867 | W19: 0.017721932 | X19: 0.012484202 | Y19: 0.016350683 | Z19: 0.0096436848 | AA19: 0.015678447 | AB19: 0.009925021 | AC19: 0.0088154863 | AD19: 0.02827882 | AE19: 0.01313356 | AF19: 0.0076944718 | AG19: 0.0092842663 | AH19: 0.01853761 | AI19: 0.010438103 | AJ19: 0.013721543 | AK19: 0.0080392086 | AL19: 0.002933104 | AM19: 0.011779739 | AN19: 0.012251367 | AO19: 0.010761353 | AP19: 0.004681756 | AQ19: 0.0074368789 | AR19: 0.011290288 | AS19: 0.015832496 | AT19: 0.012085742 | AU19: 0.01348883 | AV19: 0.0072616012 | AW19: -
A20: BASE | B20: INPUT | C20: Rdw_Flat | D20: R_ES-FL-SpHeat-I | E20: - | F20: ANNUAL | G20: 1995 | H20: - | I20: - | J20: - | K20: - | L20: 0.0059848034 | M20: 0.0099166423 | N20: 0.0075614719 | O20: 0.017770166 | P20: 0.0059838939 | Q20: 0.010338789 | R20: 0.0070446675 | S20: 0.011459275 | T20: 0.0064976087 | U20: 0.0093897102 | V20: 0.010809644 | W20: 0.017721932 | X20: 0.012484202 | Y20: 0.016204097 | Z20: 0.0056458804 | AA20: 0.011296877 | AB20: 0.009925021 | AC20: 0.0077612233 | AD20: 0.027995606 | AE20: 0.012062827 | AF20: 0.0073070884 | AG20: 0.0092842663 | AH20: 0.015897113 | AI20: 0.010358868 | AJ20: 0.013009839 | AK20: 0.0065706152 | AL20: 0.0029037036 | AM20: 0.010552299 | AN20: 0.011006241 | AO20: 0.010761353 | AP20: 0.0043016583 | AQ20: 0.0074368789 | AR20: 0.010721871 | AS20: 0.014223414 | AT20: 0.0090735226 | AU20: 0.01284777 | AV20: 0.0051886343 | AW20: -
A21: BASE | B21: INPUT | C21: Rdw_Flat | D21: R_ES-FL-SpHeat-I | E21: - | F21: ANNUAL | G21: 2004 | H21: - | I21: - | J21: - | K21: - | L21: 0.0023973967 | M21: 0.0089647782 | N21: 0.0065004651 | O21: 0.010608168 | P21: 0.0040331239 | Q21: 0.0093464046 | R21: 0.0065101969 | S21: 0.0092054613 | T21: 0.0071493454 | U21: 0.0069368217 | V21: 0.010809644 | W21: 0.0068099725 | X21: 0.0080128509 | Y21: 0.014524278 | Z21: 0.0054596279 | AA21: 0.0067215635 | AB21: 0.0061803825 | AC21: 0.005181653 | AD21: 0.025312848 | AE21: 0.011437455 | AF21: 0.0062817761 | AG21: 0.0054382511 | AH21: 0.012705262 | AI21: 0.0063971724 | AJ21: 0.011190453 | AK21: 0.0042298008 | AL21: 0.0027534446 | AM21: 0.0078121083 | AN21: 0.0095212161 | AO21: 0.0085096927 | AP21: 0.0029593185 | AQ21: 0.0056691672 | AR21: 0.0092174051 | AS21: 0.01230431 | AT21: 0.0054401498 | AU21: 0.0074386773 | AV21: 0.0043657947 | AW21: -
A22: BASE | B22: INPUT | C22: Rdw_Flat | D22: R_ES-FL-WatHeat | E22: - | F22: ANNUAL | G22: 2010 | H22: - | I22: - | J22: - | K22: - | L22: 0.0053358007 | M22: 0.0056256905 | N22: 0.0028151069 | O22: 0.0047636056 | P22: 0.003792759 | Q22: 0.0042551634 | R22: 0.0047339725 | S22: 0.003562942 | T22: 0.0046049016 | U22: 0.0048614593 | V22: 0.0044688314 | W22: 0.0052112074 | X22: 0.0060053589 | Y22: 0.0056799848 | Z22: 0.0049769855 | AA22: 0.0030685461 | AB22: 0.0026679991 | AC22: 0.0053761326 | AD22: 0.0052661971 | AE22: 0.0042216067 | AF22: 0.0021420197 | AG22: 0.0036712523 | AH22: 0.0038306502 | AI22: 0.0051504524 | AJ22: 0.0037947037 | AK22: 0.0031326588 | AL22: 0.0023041501 | AM22: 0.004622183 | AN22: 0.007704973 | AO22: 0.0045889357 | AP22: 0.0074087934 | AQ22: 0.0030750229 | AR22: 0.003463781 | AS22: 0.0046469994 | AT22: 0.0061865566 | AU22: 0.0046960708 | AV22: 0.0046055531 | AW22: -
A23: BASE | B23: INPUT | C23: Rdw_SDetH | D23: R_ES-SD-Cook | E23: - | F23: ANNUAL | G23: 2010 | H23: - | I23: - | J23: - | K23: - | L23: 0.0096401693 | M23: 0.0030415223 | N23: 0.0042581434 | O23: 0.0034102939 | P23: 0.0036540878 | Q23: 0.0035508104 | R23: 0.0031439568 | S23: 0.002828146 | T23: 0.0032488706 | U23: 0.0028361457 | V23: 0.0027654135 | W23: 0.0056266963 | X23: 0.0038085079 | Y23: 0.0026293573 | Z23: 0.0046456786 | AA23: 0.0030876066 | AB23: 0.0027436497 | AC23: 0.0029710596 | AD23: 0.0022971798 | AE23: 0.0024563525 | AF23: 0.0037550697 | AG23: 0.0024095487 | AH23: 0.0028929007 | AI23: 0.0018737846 | AJ23: 0.0079551734 | AK23: 0.0052408565 | AL23: 0.0040527979 | AM23: 0.0033325711 | AN23: 0.0074120673 | AO23: 0.0031582031 | AP23: 0.015925988 | AQ23: 0.0026716941 | AR23: 0.0048263692 | AS23: 0.0026513054 | AT23: 0.0023401915 | AU23: 0.003632819 | AV23: 0.0020315869 | AW23: -
A24: BASE | B24: INPUT | C24: Rdw_SDetH | D24: R_ES-SD-SpCool | E24: - | F24: ANNUAL | G24: 2010 | H24: - | I24: - | J24: - | K24: - | L24: 0.0033023629 | M24: 0.00031367532 | N24: 0.0081355238 | O24: 0.001064478 | P24: 0.00053515446 | Q24: 0.00031900864 | R24: 0.0075016642 | S24: 5.791538e-05 | T24: 0.00027938653 | U24: 0.0002158663 | V24: 1.1300493e-05 | W24: 0.0024745307 | X24: 0.0017885701 | Y24: 7.7066365e-05 | Z24: 0.0021914253 | AA24: 0.0040321319 | AB24: 6.3675396e-05 | AC24: 0.00018202999 | AD24: 6.6958366e-05 | AE24: 0.0018281929 | AF24: 0.006817581 | AH24: 0.0029769779 | AJ24: 0.0032922644 | AK24: 0.0096533093 | AL24: 0.0086615593 | AM24: 0.00068788026 | AN24: 0.00024065938 | AO24: 3.7704133e-05 | AP24: 0.0013701653 | AQ24: 8.1424878e-05 | AR24: 0.0088705237 | AS24: 0.00015883064 | AT24: 0.00060158929 | AU24: 0.00019404844 | AV24: 0.00012129152 | AW24: -
A25: BASE | B25: INPUT | C25: Rdw_SDetH | D25: R_ES-SD-SpHeat-I | E25: - | F25: ANNUAL | G25: 1940 | H25: - | I25: - | J25: - | K25: - | L25: 0.013113768 | M25: 0.051145996 | N25: 0.014836167 | O25: 0.047088523 | P25: 0.017541727 | Q25: 0.05512199 | R25: 0.020334626 | S25: 0.045190187 | T25: 0.056942729 | U25: 0.040208966 | V25: 0.043264964 | W25: 0.031915753 | X25: 0.033175663 | Y25: 0.072863643 | Z25: 0.053688646 | AA25: 0.027390225 | AB25: 0.036262524 | AC25: 0.051098753 | AD25: 0.10137657 | AE25: 0.040384525 | AF25: 0.014337048 | AG25: 0.034286568 | AH25: 0.069501471 | AI25: 0.044486295 | AJ25: 0.029157723 | AK25: 0.016347765 | AL25: 0.0078981698 | AM25: 0.057861354 | AN25: 0.037931759 | AO25: 0.055065929 | AP25: 0.011692942 | AQ25: 0.029875732 | AR25: 0.021037104 | AS25: 0.048250417 | AT25: 0.040882288 | AU25: 0.043090099 | AV25: 0.045352858 | AW25: -
A26: BASE | B26: INPUT | C26: Rdw_SDetH | D26: R_ES-SD-SpHeat-I | E26: - | F26: ANNUAL | G26: 1957 | H26: - | I26: - | J26: - | K26: - | L26: 0.013113768 | M26: 0.048066753 | N26: 0.014836167 | O26: 0.047088523 | P26: 0.017541727 | Q26: 0.051842902 | R26: 0.019325446 | S26: 0.037075548 | T26: 0.050682764 | U26: 0.038705258 | V26: 0.043264964 | W26: 0.031915753 | X26: 0.030080447 | Y26: 0.06577111 | Z26: 0.053688646 | AA26: 0.028825578 | AB26: 0.036262524 | AC26: 0.051977602 | AD26: 0.091480345 | AE26: 0.038497211 | AF26: 0.014337048 | AG26: 0.034286568 | AH26: 0.06990541 | AI26: 0.044147558 | AJ26: 0.029157723 | AK26: 0.016347765 | AL26: 0.007885014 | AM26: 0.046160272 | AN26: 0.037829879 | AO26: 0.040013616 | AP26: 0.010809308 | AQ26: 0.027121094 | AR26: 0.021037104 | AS26: 0.048118862 | AT26: 0.040882288 | AU26: 0.036479459 | AV26: 0.047569056 | AW26: -
A27: BASE | B27: INPUT | C27: Rdw_SDetH | D27: R_ES-SD-SpHeat-I | E27: - | F27: ANNUAL | G27: 1975 | H27: - | I27: - | J27: - | K27: - | L27: 0.013113768 | M27: 0.037759791 | N27: 0.014836167 | O27: 0.047088523 | P27: 0.016527602 | Q27: 0.040681871 | R27: 0.019303467 | S27: 0.037075548 | T27: 0.031722686 | U27: 0.025895899 | V27: 0.035066755 | W27: 0.031915753 | X27: 0.030080447 | Y27: 0.05391994 | Z27: 0.024597628 | AA27: 0.025940092 | AB27: 0.031627862 | AC27: 0.043210896 | AD27: 0.074983829 | AE27: 0.036350519 | AF27: 0.014337048 | AG27: 0.022069174 | AH27: 0.038475608 | AI27: 0.040924388 | AJ27: 0.029157723 | AK27: 0.015395286 | AL27: 0.0067946142 | AM27: 0.04431757 | AN27: 0.025650985 | AO27: 0.028813787 | AP27: 0.01058487 | AQ27: 0.027121094 | AR27: 0.021037104 | AS27: 0.032686599 | AT27: 0.037224287 | AU27: 0.036479459 | AV27: 0.03660165 | AW27: -
A28: BASE | B28: INPUT | C28: Rdw_SDetH | D28: R_ES-SD-SpHeat-I | E28: - | F28: ANNUAL | G28: 1985 | H28: - | I28: - | J28: - | K28: - | L28: 0.012706432 | M28: 0.025729751 | N28: 0.012798172 | O28: 0.039651636 | P28: 0.014211573 | Q28: 0.027688811 | R28: 0.018664221 | S28: 0.032838128 | T28: 0.024363123 | U28: 0.021563683 | V28: 0.026423334 | W28: 0.030952744 | X28: 0.019615291 | Y28: 0.04415995 | Z28: 0.020908266 | AA28: 0.025940092 | AB28: 0.023589938 | AC28: 0.027941655 | AD28: 0.06141161 | AE28: 0.028899396 | AF28: 0.012367616 | AG28: 0.022069174 | AH28: 0.032556931 | AI28: 0.023340988 | AJ28: 0.025002603 | AK28: 0.013223058 | AL28: 0.006146986 | AM28: 0.028677655 | AN28: 0.025394545 | AO28: 0.028813787 | AP28: 0.010307379 | AQ28: 0.023260763 | AR28: 0.018147307 | AS28: 0.032355576 | AT28: 0.029126743 | AU28: 0.031279398 | AV28: 0.021537148 | AW28: -
A29: BASE | B29: INPUT | C29: Rdw_SDetH | D29: R_ES-SD-SpHeat-I | E29: - | F29: ANNUAL | G29: 1995 | H29: - | I29: - | J29: - | K29: - | L29: 0.012706432 | M29: 0.02206144 | N29: 0.012083939 | O29: 0.039651636 | P29: 0.011039859 | Q29: 0.023748243 | R29: 0.0173014 | S29: 0.024847262 | T29: 0.014517092 | U29: 0.021563683 | V29: 0.02253689 | W29: 0.030952744 | X29: 0.019615291 | Y29: 0.043525693 | Z29: 0.01225173 | AA29: 0.018497522 | AB29: 0.023589938 | AC29: 0.024045092 | AD29: 0.060527151 | AE29: 0.026795522 | AF29: 0.011677411 | AG29: 0.022069174 | AH29: 0.028008285 | AI29: 0.022863792 | AJ29: 0.023527269 | AK29: 0.010227385 | AL29: 0.0060224941 | AM29: 0.025789602 | AN29: 0.022697436 | AO29: 0.028813787 | AP29: 0.0095785473 | AQ29: 0.023260763 | AR29: 0.017134553 | AS29: 0.028929869 | AT29: 0.020659411 | AU29: 0.028151684 | AV29: 0.016478948 | AW29: -
A30: BASE | B30: INPUT | C30: Rdw_SDetH | D30: R_ES-SD-SpHeat-I | E30: - | F30: ANNUAL | G30: 2004 | H30: - | I30: - | J30: - | K30: - | L30: 0.0045375001 | M30: 0.01927544 | N30: 0.010524796 | O30: 0.023212984 | P30: 0.0075046921 | Q30: 0.020729087 | R30: 0.01432004 | S30: 0.019541419 | T30: 0.015706078 | U30: 0.015472885 | V30: 0.02253689 | W30: 0.011033869 | X30: 0.013060899 | Y30: 0.038986089 | Z30: 0.011854989 | AA30: 0.011631408 | AB30: 0.014432789 | AC30: 0.015172219 | AD30: 0.05421233 | AE30: 0.026018574 | AF30: 0.01017072 | AG30: 0.012651996 | AH30: 0.022622098 | AI30: 0.014086222 | AJ30: 0.020544978 | AK30: 0.0069508975 | AL30: 0.0057951458 | AM30: 0.017873352 | AN30: 0.020730322 | AO30: 0.022664164 | AP30: 0.0063944258 | AQ30: 0.018767063 | AR30: 0.014923749 | AS30: 0.0263905 | AT30: 0.011464475 | AU30: 0.017061768 | AV30: 0.013718798 | AW30: -
A31: BASE | B31: INPUT | C31: Rdw_SDetH | D31: R_ES-SD-WatHeat | E31: - | F31: ANNUAL | G31: 2010 | H31: - | I31: - | J31: - | K31: - | L31: 0.010671601 | M31: 0.011251381 | N31: 0.0056302138 | O31: 0.0095272111 | P31: 0.0075855179 | Q31: 0.0085103269 | R31: 0.0094679451 | S31: 0.0071258839 | T31: 0.0092098032 | U31: 0.0097229186 | V31: 0.0089376629 | W31: 0.010422415 | X31: 0.012010718 | Y31: 0.01135997 | Z31: 0.0099539709 | AA31: 0.0061370923 | AB31: 0.0053359982 | AC31: 0.010752265 | AD31: 0.010532394 | AE31: 0.0084432134 | AF31: 0.0042840393 | AG31: 0.0073425045 | AH31: 0.0076613003 | AI31: 0.010300905 | AJ31: 0.0075894075 | AK31: 0.0062653176 | AL31: 0.0046083001 | AM31: 0.009244366 | AN31: 0.015409946 | AO31: 0.0091778714 | AP31: 0.014817587 | AQ31: 0.0061500457 | AR31: 0.006927562 | AS31: 0.0092939988 | AT31: 0.012373113 | AU31: 0.0093921415 | AV31: 0.0092111061 | AW31: -
A32: BASE | B32: PASTI | C32: Rdw_DetH | D32: - | E32: - | F32: - | G32: 1940 | H32: - | I32: - | J32: - | K32: - | L32: 7.1060889 | M32: 244.72894 | N32: 29.107516 | O32: 376.06049 | P32: 87.260262 | Q32: 202.87575 | R32: 3.2037613 | S32: 247.83002 | T32: 1672.6828 | U32: 358.06515 | V32: 20.940128 | W32: 60.668506 | X32: 127.03985 | Y32: 111.65023 | Z32: 1676.3359 | AA32: 94.298145 | AB32: 293.18281 | AC32: 78.419274 | AD32: 6.1429929 | AE32: 508.82779 | AF32: 17.13412 | AG32: 67.066683 | AH32: 14.810399 | AI32: 38.56528 | AJ32: 5.5810511 | AK32: 16.468824 | AL32: 0.77894954 | AM32: 144.57043 | AN32: 88.26653 | AO32: 680.48065 | AP32: 55.55239 | AQ32: 218.4573 | AR32: 86.00399 | AS32: 380.67209 | AT32: 62.074833 | AU32: 104.06478 | AV32: 1548.8514 | AW32: -
A33: BASE | B33: PASTI | C33: Rdw_DetH | D33: - | E33: - | F33: - | G33: 1957 | H33: - | I33: - | J33: - | K33: - | L33: 25.861614 | M33: 295.27191 | N33: 66.455662 | O33: 208.92249 | P33: 180.64218 | Q33: 244.77493 | R33: 10.674429 | S33: 336.59146 | T33: 2538.9736 | U33: 260.0065 | V33: 30.955962 | W33: 220.79452 | X33: 225.83044 | Y33: 204.21026 | Z33: 1133.795 | AA33: 171.33427 | AB33: 395.01159 | AC33: 71.157683 | AD33: 11.235644 | AE33: 713.7355 | AF33: 39.119081 | AG33: 71.672234 | AH33: 13.621892 | AI33: 46.7711 | AJ33: 12.742154 | AK33: 34.093002 | AL33: 0.81665532 | AM33: 162.71434 | AN33: 117.42942 | AO33: 755.06274 | AP33: 75.148462 | AQ33: 632.98785 | AR33: 196.35657 | AS33: 345.23952 | AT33: 41.492685 | AU33: 133.70726 | AV33: 974.58961 | AW33: -
A34: BASE | B34: PASTI | C34: Rdw_DetH-70 | D34: - | E34: - | F34: - | G34: 1975 | H34: - | I34: - | J34: - | K34: - | L34: 20.606959 | M34: 151.92494 | N34: 49.616283 | O34: 113.06629 | P34: 104.73453 | Q34: 125.94296 | R34: 14.450273 | S34: 137.91927 | T34: 1308.7091 | U34: 160.6097 | V34: 24.04537 | W34: 175.9327 | X34: 186.45602 | Y34: 162.21316 | Z34: 1252.37 | AA34: 132.34862 | AB34: 236.90753 | AC34: 60.133431 | AD34: 8.924964 | AE34: 403.80457 | AF34: 29.206592 | AG34: 47.179043 | AH34: 7.3560417 | AI34: 37.812351 | AJ34: 9.5133851 | AK34: 19.766782 | AL34: 0.536607 | AM34: 100.25132 | AN34: 75.379176 | AO34: 433.94373 | AP34: 84.219719 | AQ34: 456.66918 | AR34: 146.60125 | AS34: 187.86914 | AT34: 35.720099 | AU34: 54.728975 | AV34: 428.1624 | AW34: -
A35: BASE | B35: PASTI | C35: Rdw_DetH-70 | D35: - | E35: - | F35: - | G35: 1985 | H35: - | I35: - | J35: - | K35: - | L35: 15.774388 | M35: 120.54341 | N35: 41.93357 | O35: 113.06629 | P35: 98.695125 | Q35: 99.928247 | R35: 20.860764 | S35: 159.8616 | T35: 912.14145 | U35: 65.784463 | V35: 22.613386 | W35: 134.67444 | X35: 118.13656 | Y35: 128.53247 | Z35: 922.92144 | AA35: 104.92812 | AB35: 322.05482 | AC35: 52.333781 | AD35: 7.0718532 | AE35: 292.52111 | AF35: 24.684168 | AG35: 47.179043 | AH35: 5.7173903 | AI35: 36.500011 | AJ35: 8.040308 | AK35: 18.626951 | AL35: 0.61637658 | AM35: 97.511532 | AN35: 63.401944 | AO35: 448.60136 | AP35: 71.982217 | AQ35: 624.76475 | AR35: 123.90114 | AS35: 129.41926 | AT35: 19.404941 | AU35: 63.484778 | AV35: 303.9921 | AW35: -
A36: BASE | B36: PASTI | C36: Rdw_DetH-70 | D36: - | E36: - | F36: - | G36: 1995 | H36: - | I36: - | J36: - | K36: - | L36: 10.612196 | M36: 143.87085 | N36: 20.553205 | O36: 83.286957 | P36: 56.998206 | Q36: 119.26626 | R36: 17.987549 | S36: 82.519378 | T36: 839.50055 | U36: 65.83661 | V36: 7.3370538 | W36: 90.602033 | X36: 116.97492 | Y36: 93.848682 | Z36: 555.95651 | AA36: 56.164547 | AB36: 132.83257 | AC36: 67.997343 | AD36: 5.1635522 | AE36: 108.23171 | AF36: 12.09863 | AG36: 14.671159 | AH36: 4.548861 | AI36: 11.42511 | AJ36: 3.9408545 | AK36: 10.757399 | AL36: 0.59693102 | AM36: 86.021987 | AN36: 69.830034 | AO36: 448.60136 | AP36: 78.393357 | AQ36: 86.036627 | AR36: 60.728562 | AS36: 105.96675 | AT36: 19.404941 | AU36: 33.777188 | AV36: 303.9921 | AW36: -
... A49: BASE | B49: PASTI | C49: Rdw_SDetH | D49: - | E49: - | F49: - | G49: 2004 | H49: - | I49: - | J49: - | K49: - | L49: 3.0557661 | M49: 27.258836 | N49: 5.5237303 | O49: 93.408433 | P49: 48.196764 | Q49: 54.703697 | R49: 39.498209 | S49: 36.949558 | T49: 482.62059 | U49: 46.36073 | V49: 2.6796566 | W49: 26.08872 | X49: 440.16079 | Y49: 69.284074 | Z49: 673.508 | AA49: 27.56014 | AB49: 57.863486 | AC49: 203.74266 | AD49: 4.7111182 | AE49: 150.60825 | AF49: 3.2515401 | AG49: 6.501996 | AH49: 8.0960147 | AI49: 5.2936688 | AJ49: 1.6733295 | AK49: 9.0962831 | AL49: 2.8443737 | AM49: 236.15743 | AN49: 38.725452 | AO49: 209.45934 | AP49: 35.938849 | AQ49: 24.285976 | AR49: 16.320968 | AS49: 14.183067 | AT49: 5.6430154 | AU49: 12.421631 | AV49: 872.76483 | AW49: -

Sheet Stock
E1: =OldHouses!L1 -> AL | F1: =OldHouses!M1 -> AT | G1: =OldHouses!N1 -> BA | H1: =OldHouses!O1 -> BE | I1: =OldHouses!P1 -> BG | J1: =OldHouses!Q1 -> CH | K1: =OldHouses!R1 -> CY | L1: =OldHouses!S1 -> CZ | ... AO1: =OldHouses!AV1 -> UK
D2: Rdw_DetH | E2: =SUMIFS(OldHouses!L$2:L$82,OldHouses!$B$2:$B$82,"PASTI",OldHouses!$C$2:$C$82,Stock!$D2) -> 32.967703 | F2: =SUMIFS(OldHouses!M$2:M$82,OldHouses!$B$2:$B$82,"PASTI",OldHouses!$C$2:$C$82,Stock!$D2) -> 540.00084 | G2: =SUMIFS(OldHouses!N$2:N$82,OldHouses!$B$2:$B$82,"PASTI",OldHouses!$C$2:$C$82,Stock!$D2) -> 95.563178 | H2: =SUMIFS(OldHouses!O$2:O$82,OldHouses!$B$2:$B$82,"PASTI",OldHouses!$C$2:$C$82,Stock!$D2) -> 584.98298 | I2: =SUMIFS(OldHouses!P$2:P$82,OldHouses!$B$2:$B$82,"PASTI",OldHouses!$C$2:$C$82,Stock!$D2) -> 267.90244 | J2: =SUMIFS(OldHouses!Q$2:Q$82,OldHouses!$B$2:$B$82,"PASTI",OldHouses!$C$2:$C$82,Stock!$D2) -> 447.65068 | K2: =SUMIFS(OldHouses!R$2:R$82,OldHouses!$B$2:$B$82,"PASTI",OldHouses!$C$2:$C$82,Stock!$D2) -> 13.878191 | L2: =SUMIFS(OldHouses!S$2:S$82,OldHouses!$B$2:$B$82,"PASTI",OldHouses!$C$2:$C$82,Stock!$D2) -> 584.42148 | ... AO2: =SUMIFS(OldHouses!AV$2:AV$82,OldHouses!$B$2:$B$82,"PASTI",OldHouses!$C$2:$C$82,Stock!$D2) -> 2523.441
D3: Rdw_DetH-70 | E3: =SUMIFS(OldHouses!L$2:L$82,OldHouses!$B$2:$B$82,"PASTI",OldHouses!$C$2:$C$82,Stock!$D3) -> 52.397956 | F3: =SUMIFS(OldHouses!M$2:M$82,OldHouses!$B$2:$B$82,"PASTI",OldHouses!$C$2:$C$82,Stock!$D3) -> 475.1609 | G3: =SUMIFS(OldHouses!N$2:N$82,OldHouses!$B$2:$B$82,"PASTI",OldHouses!$C$2:$C$82,Stock!$D3) -> 127.53779 | H3: =SUMIFS(OldHouses!O$2:O$82,OldHouses!$B$2:$B$82,"PASTI",OldHouses!$C$2:$C$82,Stock!$D3) -> 365.40424 | I3: =SUMIFS(OldHouses!P$2:P$82,OldHouses!$B$2:$B$82,"PASTI",OldHouses!$C$2:$C$82,Stock!$D3) -> 349.10991 | J3: =SUMIFS(OldHouses!Q$2:Q$82,OldHouses!$B$2:$B$82,"PASTI",OldHouses!$C$2:$C$82,Stock!$D3) -> 393.89956 | K3: =SUMIFS(OldHouses!R$2:R$82,OldHouses!$B$2:$B$82,"PASTI",OldHouses!$C$2:$C$82,Stock!$D3) -> 91.973916 | L3: =SUMIFS(OldHouses!S$2:S$82,OldHouses!$B$2:$B$82,"PASTI",OldHouses!$C$2:$C$82,Stock!$D3) -> 442.63692 | ... AO3: =SUMIFS(OldHouses!AV$2:AV$82,OldHouses!$B$2:$B$82,"PASTI",OldHouses!$C$2:$C$82,Stock!$D3) -> 1287.5365
D4: Rdw_Flat | E4: =SUMIFS(OldHouses!L$2:L$82,OldHouses!$B$2:$B$82,"PASTI",OldHouses!$C$2:$C$82,Stock!$D4) -> 196.66972 | F4: =SUMIFS(OldHouses!M$2:M$82,OldHouses!$B$2:$B$82,"PASTI",OldHouses!$C$2:$C$82,Stock!$D4) -> 1468.1931 | G4: =SUMIFS(OldHouses!N$2:N$82,OldHouses!$B$2:$B$82,"PASTI",OldHouses!$C$2:$C$82,Stock!$D4) -> 271.1874 | H4: =SUMIFS(OldHouses!O$2:O$82,OldHouses!$B$2:$B$82,"PASTI",OldHouses!$C$2:$C$82,Stock!$D4) -> 905.52301 | I4: =SUMIFS(OldHouses!P$2:P$82,OldHouses!$B$2:$B$82,"PASTI",OldHouses!$C$2:$C$82,Stock!$D4) -> 777.21771 | J4: =SUMIFS(OldHouses!Q$2:Q$82,OldHouses!$B$2:$B$82,"PASTI",OldHouses!$C$2:$C$82,Stock!$D4) -> 1648.2852 | K4: =SUMIFS(OldHouses!R$2:R$82,OldHouses!$B$2:$B$82,"PASTI",OldHouses!$C$2:$C$82,Stock!$D4) -> 83.544874 | L4: =SUMIFS(OldHouses!S$2:S$82,OldHouses!$B$2:$B$82,"PASTI",OldHouses!$C$2:$C$82,Stock!$D4) -> 2208.0312 | ... AO4: =SUMIFS(OldHouses!AV$2:AV$82,OldHouses!$B$2:$B$82,"PASTI",OldHouses!$C$2:$C$82,Stock!$D4) -> 3928.2271
D5: Rdw_SDetH | E5: =SUMIFS(OldHouses!L$2:L$82,OldHouses!$B$2:$B$82,"PASTI",OldHouses!$C$2:$C$82,Stock!$D5) -> 48.267499 | F5: =SUMIFS(OldHouses!M$2:M$82,OldHouses!$B$2:$B$82,"PASTI",OldHouses!$C$2:$C$82,Stock!$D5) -> 470.44081 | G5: =SUMIFS(OldHouses!N$2:N$82,OldHouses!$B$2:$B$82,"PASTI",OldHouses!$C$2:$C$82,Stock!$D5) -> 79.84264 | H5: =SUMIFS(OldHouses!O$2:O$82,OldHouses!$B$2:$B$82,"PASTI",OldHouses!$C$2:$C$82,Stock!$D5) -> 1585.6865 | I5: =SUMIFS(OldHouses!P$2:P$82,OldHouses!$B$2:$B$82,"PASTI",OldHouses!$C$2:$C$82,Stock!$D5) -> 335.3328 | J5: =SUMIFS(OldHouses!Q$2:Q$82,OldHouses!$B$2:$B$82,"PASTI",OldHouses!$C$2:$C$82,Stock!$D5) -> 944.09207 | K5: =SUMIFS(OldHouses!R$2:R$82,OldHouses!$B$2:$B$82,"PASTI",OldHouses!$C$2:$C$82,Stock!$D5) -> 108.10428 | L5: =SUMIFS(OldHouses!S$2:S$82,OldHouses!$B$2:$B$82,"PASTI",OldHouses!$C$2:$C$82,Stock!$D5) -> 608.78058 | ... AO5: =SUMIFS(OldHouses!AV$2:AV$82,OldHouses!$B$2:$B$82,"PASTI",OldHouses!$C$2:$C$82,Stock!$D5) -> 13230.789
E6: =E3/SUM(E2:E5) -> 0.15863608 | F6: =F3/SUM(F2:F5) -> 0.16086451 | G6: =G3/SUM(G2:G5) -> 0.22214057 | H6: =H3/SUM(H2:H5) -> 0.10617288 | I6: =I3/SUM(I2:I5) -> 0.20184864 | J6: =J3/SUM(J2:J5) -> 0.11470818 | K6: =K3/SUM(K2:K5) -> 0.30915471 | L6: =L3/SUM(L2:L5) -> 0.11515397 | ... AO6: =AO3/SUM(AO2:AO5) -> 0.061398995
D8: DemolitionRate | E8: =E1 -> AL | F8: =F1 -> AT | G8: =G1 -> BA | H8: =H1 -> BE | I8: =I1 -> BG | J8: =J1 -> CH | K8: =K1 -> CY | L8: =L1 -> CZ | ... AO8: =AO1 -> UK
D9: =D2 -> Rdw_DetH | E9: 0.003 | F9: 0.003 | G9: 0.003 | H9: 0.003 | I9: 0.003 | J9: 0.003 | K9: 0.003 | L9: 0.003 | M9: 0.003 | N9: 0.003 | O9: 0.003 | P9: 0.003 | Q9: 0.003 | R9: 0.003 | S9: 0.003 | T9: 0.003 | U9: 0.003 | V9: 0.003 | W9: 0.003 | X9: 0.003 | Y9: 0.003 | Z9: 0.003 | AA9: 0.003 | AB9: 0.003 | AC9: 0.003 | AD9: 0.003 | AE9: 0.003 | AF9: 0.003 | AG9: 0.003 | AH9: 0.003 | AI9: 0.003 | AJ9: 0.003 | AK9: 0.003 | AL9: 0.003 | AM9: 0.003 | AN9: 0.003 | AO9: 0.003
D10: =D3 -> Rdw_DetH-70 | E10: 0.001 | F10: 0.001 | G10: 0.001 | H10: 0.001 | I10: 0.001 | J10: 0.001 | K10: 0.001 | L10: 0.001 | M10: 0.001 | N10: 0.001 | O10: 0.001 | P10: 0.001 | Q10: 0.001 | R10: 0.001 | S10: 0.001 | T10: 0.001 | U10: 0.001 | V10: 0.001 | W10: 0.001 | X10: 0.001 | Y10: 0.001 | Z10: 0.001 | AA10: 0.001 | AB10: 0.001 | AC10: 0.001 | AD10: 0.001 | AE10: 0.001 | AF10: 0.001 | AG10: 0.001 | AH10: 0.001 | AI10: 0.001 | AJ10: 0.001 | AK10: 0.001 | AL10: 0.001 | AM10: 0.001 | AN10: 0.001 | AO10: 0.001
D11: =D4 -> Rdw_Flat | E11: =E12 -> 0.002 | F11: =F12 -> 0.002 | G11: =G12 -> 0.002 | H11: =H12 -> 0.0025 | I11: =I12 -> 0.002 | J11: =J12 -> 0.002 | K11: =K12 -> 0.002 | L11: =L12 -> 0.002 | ... AO11: =AO12 -> 0.00443
D12: =D5 -> Rdw_SDetH | E12: 0.002 | F12: =HLOOKUP(F8,Demolition!$G$3:$AJ$4,2,FALSE) -> 0.002 | G12: 0.002 | H12: =HLOOKUP(H8,Demolition!$G$3:$AJ$4,2,FALSE) -> 0.0025 | I12: =HLOOKUP(I8,Demolition!$G$3:$AJ$4,2,FALSE) -> 0.002 | J12: =HLOOKUP(J8,Demolition!$G$3:$AJ$4,2,FALSE) -> 0.002 | K12: =HLOOKUP(K8,Demolition!$G$3:$AJ$4,2,FALSE) -> 0.002 | L12: =HLOOKUP(L8,Demolition!$G$3:$AJ$4,2,FALSE) -> 0.002 | M12: =HLOOKUP(M8,Demolition!$G$3:$AJ$4,2,FALSE) -> 0.002 | N12: =HLOOKUP(N8,Demolition!$G$3:$AJ$4,2,FALSE) -> 0.002 | O12: =HLOOKUP(O8,Demolition!$G$3:$AJ$4,2,FALSE) -> 0.002 | P12: 0.002 | Q12: =HLOOKUP(Q8,Demolition!$G$3:$AJ$4,2,FALSE) -> 0.0021 | R12: =HLOOKUP(R8,Demolition!$G$3:$AJ$4,2,FALSE) -> 0.002 | S12: =HLOOKUP(S8,Demolition!$G$3:$AJ$4,2,FALSE) -> 0.002 | T12: 0.002 | U12: =HLOOKUP(U8,Demolition!$G$3:$AJ$4,2,FALSE) -> 0.002 | V12: =HLOOKUP(V8,Demolition!$G$3:$AJ$4,2,FALSE) -> 0.013 | W12: =HLOOKUP(W8,Demolition!$G$3:$AJ$4,2,FALSE) -> 0.002 | X12: =HLOOKUP(X8,Demolition!$G$3:$AJ$4,2,FALSE) -> 0.002 | Y12: 0.002 | Z12: =HLOOKUP(Z8,Demolition!$G$3:$AJ$4,2,FALSE) -> 0.002 | AA12: =HLOOKUP(AA8,Demolition!$G$3:$AJ$4,2,FALSE) -> 0.002 | AB12: =HLOOKUP(AB8,Demolition!$G$3:$AJ$4,2,FALSE) -> 0.002 | AC12: 0.002 | AD12: 0.002 | AE12: =HLOOKUP(AE8,Demolition!$G$3:$AJ$4,2,FALSE) -> 0.002 | AF12: =HLOOKUP(AF8,Demolition!$G$3:$AJ$4,2,FALSE) -> 0.002 | AG12: =HLOOKUP(AG8,Demolition!$G$3:$AJ$4,2,FALSE) -> 0.002 | AH12: =HLOOKUP(AH8,Demolition!$G$3:$AJ$4,2,FALSE) -> 0.002 | AI12: =HLOOKUP(AI8,Demolition!$G$3:$AJ$4,2,FALSE) -> 0.002 | AJ12: =HLOOKUP(AJ8,Demolition!$G$3:$AJ$4,2,FALSE) -> 0.002 | AK12: 0.002 | AL12: =HLOOKUP(AL8,Demolition!$G$3:$AJ$4,2,FALSE) -> 0.0012 | AM12: =HLOOKUP(AM8,Demolition!$G$3:$AJ$4,2,FALSE) -> 0.002 | AN12: =HLOOKUP(AN8,Demolition!$G$3:$AJ$4,2,FALSE) -> 0.002 | AO12: =HLOOKUP(AO8,Demolition!$G$3:$AJ$4,2,FALSE) -> 0.00443
B13: ~UC_Sets: R_E: AllRegions
D14: ~UC_T: UC_RHSRT~FX
B15: UC_N | C15: PSET_PN | D15: Year | E15: =E$1 -> AL | F15: =F$1 -> AT | G15: =G$1 -> BA | H15: =H$1 -> BE | I15: =I$1 -> BG | J15: =J$1 -> CH | K15: =K$1 -> CY | L15: =L$1 -> CZ | ... AO15: =AO$1 -> UK | AP15: UC_CAP
B16: ="UCR_OldStock-"&MID(C16,5,20) -> UCR_OldStock-DetH | C16: =D9 -> Rdw_DetH | D16: 2012 | E16: =E2*(1-E$9)^2 -> 32.770193 | F16: =F2*(1-F$9)^2 -> 536.7657 | G16: =G2*(1-G$9)^2 -> 94.990659 | H16: =H2*(1-H$9)^2 -> 581.47835 | I16: =I2*(1-I$9)^2 -> 266.29744 | J16: =J2*(1-J$9)^2 -> 444.9688 | K16: =K2*(1-K$9)^2 -> 13.795046 | L16: =L2*(1-L$9)^2 -> 580.92021 | ... AO16: =AO2*(1-AO$9)^2 -> 2508.3231 | AP16: 1
D17: =D16+2 -> 2014 | E17: =E16*(1-E$9)^2 -> 32.573867 | F17: =F16*(1-F$9)^2 -> 533.54994 | G17: =G16*(1-G$9)^2 -> 94.42157 | H17: =H16*(1-H$9)^2 -> 577.99471 | I17: =I16*(1-I$9)^2 -> 264.70205 | J17: =J16*(1-J$9)^2 -> 442.30299 | K17: =K16*(1-K$9)^2 -> 13.7124 | L17: =L16*(1-L$9)^2 -> 577.43991 | ... AO17: =AO16*(1-AO$9)^2 -> 2493.2957
D18: =D17+2 -> 2016 | E18: =E17*(1-E$9)^2 -> 32.378717 | F18: =F17*(1-F$9)^2 -> 530.35344 | G18: =G17*(1-G$9)^2 -> 93.85589 | H18: =H17*(1-H$9)^2 -> 574.53194 | I18: =I17*(1-I$9)^2 -> 263.11622 | J18: =J17*(1-J$9)^2 -> 439.65315 | K18: =K17*(1-K$9)^2 -> 13.630249 | L18: =L17*(1-L$9)^2 -> 573.98047 | ... AO18: =AO17*(1-AO$9)^2 -> 2478.3584
D19: =D18+2 -> 2018 | E19: =E18*(1-E$9)^2 -> 32.184736 | F19: =F18*(1-F$9)^2 -> 527.17609 | G19: =G18*(1-G$9)^2 -> 93.293599 | H19: =H18*(1-H$9)^2 -> 571.08992 | I19: =I18*(1-I$9)^2 -> 261.53989 | J19: =J18*(1-J$9)^2 -> 437.01919 | K19: =K18*(1-K$9)^2 -> 13.548591 | L19: =L18*(1-L$9)^2 -> 570.54175 | ... AO19: =AO18*(1-AO$9)^2 -> 2463.5105
D20: =D19+2 -> 2020 | E20: =E19*(1-E$9)^2 -> 31.991917 | F20: =F19*(1-F$9)^2 -> 524.01778 | G20: =G19*(1-G$9)^2 -> 92.734677 | H20: =H19*(1-H$9)^2 -> 567.66852 | I20: =I19*(1-I$9)^2 -> 259.97301 | J20: =J19*(1-J$9)^2 -> 434.40101 | K20: =K19*(1-K$9)^2 -> 13.467421 | L20: =L19*(1-L$9)^2 -> 567.12364 | ... AO20: =AO19*(1-AO$9)^2 -> 2448.7516
D21: =D20+2 -> 2022 | E21: =E20*(1-E$9)^2 -> 31.800254 | F21: =F20*(1-F$9)^2 -> 520.87839 | G21: =G20*(1-G$9)^2 -> 92.179104 | H21: =H20*(1-H$9)^2 -> 564.26762 | I21: =I20*(1-I$9)^2 -> 258.41551 | J21: =J20*(1-J$9)^2 -> 431.79851 | K21: =K20*(1-K$9)^2 -> 13.386738 | L21: =L20*(1-L$9)^2 -> 563.726 | ... AO21: =AO20*(1-AO$9)^2 -> 2434.0812
D22: =D21+2 -> 2024 | E22: =E21*(1-E$9)^2 -> 31.609738 | F22: =F21*(1-F$9)^2 -> 517.75781 | G22: =G21*(1-G$9)^2 -> 91.626859 | H22: =H21*(1-H$9)^2 -> 560.88709 | I22: =I21*(1-I$9)^2 -> 256.86734 | J22: =J21*(1-J$9)^2 -> 429.21161 | K22: =K21*(1-K$9)^2 -> 13.306538 | L22: =L21*(1-L$9)^2 -> 560.34872 | ... AO22: =AO21*(1-AO$9)^2 -> 2419.4986
D23: =D22+2 -> 2026 | E23: =E22*(1-E$9)^2 -> 31.420364 | F23: =F22*(1-F$9)^2 -> 514.65592 | G23: =G22*(1-G$9)^2 -> 91.077922 | H23: =H22*(1-H$9)^2 -> 557.52682 | I23: =I22*(1-I$9)^2 -> 255.32845 | J23: =J22*(1-J$9)^2 -> 426.6402 | K23: =K22*(1-K$9)^2 -> 13.226818 | L23: =L22*(1-L$9)^2 -> 556.99167 | ... AO23: =AO22*(1-AO$9)^2 -> 2405.0034
D24: =D23+2 -> 2028 | E24: =E23*(1-E$9)^2 -> 31.232125 | F24: =F23*(1-F$9)^2 -> 511.57262 | G24: =G23*(1-G$9)^2 -> 90.532275 | H24: =H23*(1-H$9)^2 -> 554.18668 | I24: =I23*(1-I$9)^2 -> 253.79877 | J24: =J23*(1-J$9)^2 -> 424.0842 | K24: =K23*(1-K$9)^2 -> 13.147576 | L24: =L23*(1-L$9)^2 -> 553.65473 | ... AO24: =AO23*(1-AO$9)^2 -> 2390.595
D25: =D24+2 -> 2030 | E25: =E24*(1-E$9)^2 -> 31.045013 | F25: =F24*(1-F$9)^2 -> 508.50778 | G25: =G24*(1-G$9)^2 -> 89.989896 | H25: =H24*(1-H$9)^2 -> 550.86654 | I25: =I24*(1-I$9)^2 -> 252.27827 | J25: =J24*(1-J$9)^2 -> 421.54351 | K25: =K24*(1-K$9)^2 -> 13.068809 | L25: =L24*(1-L$9)^2 -> 550.33779 | ... AO25: =AO24*(1-AO$9)^2 -> 2376.2729
D26: =D25+2 -> 2032 | E26: =E25*(1-E$9)^2 -> 30.859023 | F26: =F25*(1-F$9)^2 -> 505.46131 | G26: =G25*(1-G$9)^2 -> 89.450766 | H26: =H25*(1-H$9)^2 -> 547.5663 | I26: =I25*(1-I$9)^2 -> 250.76687 | J26: =J25*(1-J$9)^2 -> 419.01805 | K26: =K25*(1-K$9)^2 -> 12.990514 | L26: =L25*(1-L$9)^2 -> 547.04071 | ... AO26: =AO25*(1-AO$9)^2 -> 2362.0367
D27: =D26+2 -> 2034 | E27: =E26*(1-E$9)^2 -> 30.674146 | F27: =F26*(1-F$9)^2 -> 502.43309 | G27: =G26*(1-G$9)^2 -> 88.914867 | H27: =H26*(1-H$9)^2 -> 544.28583 | I27: =I26*(1-I$9)^2 -> 249.26452 | J27: =J26*(1-J$9)^2 -> 416.50771 | K27: =K26*(1-K$9)^2 -> 12.912688 | L27: =L26*(1-L$9)^2 -> 543.76339 | ... AO27: =AO26*(1-AO$9)^2 -> 2347.8857
D28: =D27+2 -> 2036 | E28: =E27*(1-E$9)^2 -> 30.490378 | F28: =F27*(1-F$9)^2 -> 499.42302 | G28: =G27*(1-G$9)^2 -> 88.382178 | H28: =H27*(1-H$9)^2 -> 541.02502 | I28: =I27*(1-I$9)^2 -> 247.77118 | J28: =J27*(1-J$9)^2 -> 414.01241 | K28: =K27*(1-K$9)^2 -> 12.835328 | L28: =L27*(1-L$9)^2 -> 540.50571 | ... AO28: =AO27*(1-AO$9)^2 -> 2333.8195
... D45: =D44+2 -> 2070 | E45: =E44*(1-E$9)^2 -> 27.529491 | F45: =F44*(1-F$9)^2 -> 450.92461 | G45: =G44*(1-G$9)^2 -> 79.799484 | H45: =H44*(1-H$9)^2 -> 488.48668 | I45: =I44*(1-I$9)^2 -> 223.7104 | J45: =J44*(1-J$9)^2 -> 373.80813 | K45: =K44*(1-K$9)^2 -> 11.588904 | L45: =L44*(1-L$9)^2 -> 488.0178 | ... AO45: =AO44*(1-AO$9)^2 -> 2107.1849
D47: ~UC_T: UC_RHSRT~FX
B48: UC_N | C48: PSET_PN | D48: Year | E48: =E$1 -> AL | F48: =F$1 -> AT | G48: =G$1 -> BA | H48: =H$1 -> BE | I48: =I$1 -> BG | J48: =J$1 -> CH | K48: =K$1 -> CY | L48: =L$1 -> CZ | ... AO48: =AO$1 -> UK | AP48: UC_CAP
B49: ="UCR_OldStock-"&MID(C49,5,20) -> UCR_OldStock-DetH-70 | C49: =D10 -> Rdw_DetH-70 | D49: 2012 | E49: =E3*(1-E$10)^2 -> 52.293212 | F49: =F3*(1-F$10)^2 -> 474.21105 | G49: =G3*(1-G$10)^2 -> 127.28284 | H49: =H3*(1-H$10)^2 -> 364.6738 | I49: =I3*(1-I$10)^2 -> 348.41204 | J49: =J3*(1-J$10)^2 -> 393.11216 | K49: =K3*(1-K$10)^2 -> 91.79006 | L49: =L3*(1-L$10)^2 -> 441.75209 | ... AO49: =AO3*(1-AO$10)^2 -> 1284.9628 | AP49: 1
D50: =D49+2 -> 2014 | E50: =E49*(1-E$10)^2 -> 52.188678 | F50: =F49*(1-F$10)^2 -> 473.2631 | G50: =G49*(1-G$10)^2 -> 127.0284 | H50: =H49*(1-H$10)^2 -> 363.94481 | I50: =I49*(1-I$10)^2 -> 347.71556 | J50: =J49*(1-J$10)^2 -> 392.32633 | K50: =K49*(1-K$10)^2 -> 91.606572 | L50: =L49*(1-L$10)^2 -> 440.86903 | ... AO50: =AO49*(1-AO$10)^2 -> 1282.3941
D51: =D50+2 -> 2016 | E51: =E50*(1-E$10)^2 -> 52.084353 | F51: =F50*(1-F$10)^2 -> 472.31705 | G51: =G50*(1-G$10)^2 -> 126.77447 | H51: =H50*(1-H$10)^2 -> 363.21729 | I51: =I50*(1-I$10)^2 -> 347.02048 | J51: =J50*(1-J$10)^2 -> 391.54207 | K51: =K50*(1-K$10)^2 -> 91.42345 | L51: =L50*(1-L$10)^2 -> 439.98773 | ... AO51: =AO50*(1-AO$10)^2 -> 1279.8306
D52: =D51+2 -> 2018 | E52: =E51*(1-E$10)^2 -> 51.980236 | F52: =F51*(1-F$10)^2 -> 471.37289 | G52: =G51*(1-G$10)^2 -> 126.52105 | H52: =H51*(1-H$10)^2 -> 362.49122 | I52: =I51*(1-I$10)^2 -> 346.32679 | J52: =J51*(1-J$10)^2 -> 390.75937 | K52: =K51*(1-K$10)^2 -> 91.240695 | L52: =L51*(1-L$10)^2 -> 439.10819 | ... AO52: =AO51*(1-AO$10)^2 -> 1277.2722
D53: =D52+2 -> 2020 | E53: =E52*(1-E$10)^2 -> 51.876328 | F53: =F52*(1-F$10)^2 -> 470.43061 | G53: =G52*(1-G$10)^2 -> 126.26813 | H53: =H52*(1-H$10)^2 -> 361.7666 | I53: =I52*(1-I$10)^2 -> 345.63448 | J53: =J52*(1-J$10)^2 -> 389.97825 | K53: =K52*(1-K$10)^2 -> 91.058304 | L53: =L52*(1-L$10)^2 -> 438.23042 | ... AO53: =AO52*(1-AO$10)^2 -> 1274.719
D54: =D53+2 -> 2022 | E54: =E53*(1-E$10)^2 -> 51.772627 | F54: =F53*(1-F$10)^2 -> 469.49022 | G54: =G53*(1-G$10)^2 -> 126.01572 | H54: =H53*(1-H$10)^2 -> 361.04342 | I54: =I53*(1-I$10)^2 -> 344.94355 | J54: =J53*(1-J$10)^2 -> 389.19868 | K54: =K53*(1-K$10)^2 -> 90.876279 | L54: =L53*(1-L$10)^2 -> 437.35439 | ... AO54: =AO53*(1-AO$10)^2 -> 1272.1708
D55: =D54+2 -> 2024 | E55: =E54*(1-E$10)^2 -> 51.669134 | F55: =F54*(1-F$10)^2 -> 468.55171 | G55: =G54*(1-G$10)^2 -> 125.76382 | H55: =H54*(1-H$10)^2 -> 360.3217 | I55: =I54*(1-I$10)^2 -> 344.25401 | J55: =J54*(1-J$10)^2 -> 388.42067 | K55: =K54*(1-K$10)^2 -> 90.694617 | L55: =L54*(1-L$10)^2 -> 436.48012 | ... AO55: =AO54*(1-AO$10)^2 -> 1269.6277
D56: =D55+2 -> 2026 | E56: =E55*(1-E$10)^2 -> 51.565847 | F56: =F55*(1-F$10)^2 -> 467.61508 | G56: =G55*(1-G$10)^2 -> 125.51242 | H56: =H55*(1-H$10)^2 -> 359.60142 | I56: =I55*(1-I$10)^2 -> 343.56585 | J56: =J55*(1-J$10)^2 -> 387.64422 | K56: =K55*(1-K$10)^2 -> 90.513319 | L56: =L55*(1-L$10)^2 -> 435.6076 | ... AO56: =AO55*(1-AO$10)^2 -> 1267.0897
D57: =D56+2 -> 2028 | E57: =E56*(1-E$10)^2 -> 51.462767 | F57: =F56*(1-F$10)^2 -> 466.68032 | G57: =G56*(1-G$10)^2 -> 125.26152 | H57: =H56*(1-H$10)^2 -> 358.88257 | I57: =I56*(1-I$10)^2 -> 342.87906 | J57: =J56*(1-J$10)^2 -> 386.86932 | K57: =K56*(1-K$10)^2 -> 90.332383 | L57: =L56*(1-L$10)^2 -> 434.73682 | ... AO57: =AO56*(1-AO$10)^2 -> 1264.5568
D58: =D57+2 -> 2030 | E58: =E57*(1-E$10)^2 -> 51.359893 | F58: =F57*(1-F$10)^2 -> 465.74742 | G58: =G57*(1-G$10)^2 -> 125.01112 | H58: =H57*(1-H$10)^2 -> 358.16517 | I58: =I57*(1-I$10)^2 -> 342.19365 | J58: =J57*(1-J$10)^2 -> 386.09597 | K58: =K57*(1-K$10)^2 -> 90.151808 | L58: =L57*(1-L$10)^2 -> 433.86778 | ... AO58: =AO57*(1-AO$10)^2 -> 1262.029
D59: =D58+2 -> 2032 | E59: =E58*(1-E$10)^2 -> 51.257224 | F59: =F58*(1-F$10)^2 -> 464.81639 | G59: =G58*(1-G$10)^2 -> 124.76122 | H59: =H58*(1-H$10)^2 -> 357.44919 | I59: =I58*(1-I$10)^2 -> 341.5096 | J59: =J58*(1-J$10)^2 -> 385.32416 | K59: =K58*(1-K$10)^2 -> 89.971595 | L59: =L58*(1-L$10)^2 -> 433.00048 | ... AO59: =AO58*(1-AO$10)^2 -> 1259.5062
D60: =D59+2 -> 2034 | E60: =E59*(1-E$10)^2 -> 51.154761 | F60: =F59*(1-F$10)^2 -> 463.88722 | G60: =G59*(1-G$10)^2 -> 124.51182 | H60: =H59*(1-H$10)^2 -> 356.73465 | I60: =I59*(1-I$10)^2 -> 340.82692 | J60: =J59*(1-J$10)^2 -> 384.5539 | K60: =K59*(1-K$10)^2 -> 89.791741 | L60: =L59*(1-L$10)^2 -> 432.13491 | ... AO60: =AO59*(1-AO$10)^2 -> 1256.9884
D61: =D60+2 -> 2036 | E61: =E60*(1-E$10)^2 -> 51.052503 | F61: =F60*(1-F$10)^2 -> 462.95991 | G61: =G60*(1-G$10)^2 -> 124.26292 | H61: =H60*(1-H$10)^2 -> 356.02154 | I61: =I60*(1-I$10)^2 -> 340.14561 | J61: =J60*(1-J$10)^2 -> 383.78517 | K61: =K60*(1-K$10)^2 -> 89.612248 | L61: =L60*(1-L$10)^2 -> 431.27107 | ... AO61: =AO60*(1-AO$10)^2 -> 1254.4757
... D78: =D77+2 -> 2070 | E78: =E77*(1-E$10)^2 -> 49.345055 | F78: =F77*(1-F$10)^2 -> 447.47625 | G78: =G77*(1-G$10)^2 -> 120.10696 | H78: =H77*(1-H$10)^2 -> 344.11442 | I78: =I77*(1-I$10)^2 -> 328.76946 | J78: =J77*(1-J$10)^2 -> 370.9495 | K78: =K77*(1-K$10)^2 -> 86.615172 | L78: =L77*(1-L$10)^2 -> 416.84724 | ... AO78: =AO77*(1-AO$10)^2 -> 1212.5199
D80: ~UC_T: UC_RHSRT~FX
B81: UC_N | C81: PSET_PN | D81: Year | E81: =E$1 -> AL | F81: =F$1 -> AT | G81: =G$1 -> BA | H81: =H$1 -> BE | I81: =I$1 -> BG | J81: =J$1 -> CH | K81: =K$1 -> CY | L81: =L$1 -> CZ | ... AO81: =AO$1 -> UK | AP81: UC_CAP
B82: ="UCR_OldStock-"&MID(C82,5,20) -> UCR_OldStock-Flat | C82: =D11 -> Rdw_Flat | D82: 2012 | E82: =E4*(1-E$11)^2 -> 195.88383 | F82: =F4*(1-F$11)^2 -> 1462.3262 | G82: =G4*(1-G$11)^2 -> 270.10374 | H82: =H4*(1-H$11)^2 -> 901.00106 | I82: =I4*(1-I$11)^2 -> 774.11194 | J82: =J4*(1-J$11)^2 -> 1641.6987 | K82: =K4*(1-K$11)^2 -> 83.211028 | L82: =L4*(1-L$11)^2 -> 2199.2079 | ... AO82: =AO4*(1-AO$11)^2 -> 3893.5001 | AP82: 1
D83: =D82+2 -> 2014 | E83: =E82*(1-E$11)^2 -> 195.10108 | F83: =F82*(1-F$11)^2 -> 1456.4828 | G83: =G82*(1-G$11)^2 -> 269.0244 | H83: =H82*(1-H$11)^2 -> 896.50168 | I83: =I82*(1-I$11)^2 -> 771.01859 | J83: =J82*(1-J$11)^2 -> 1635.1384 | K83: =K82*(1-K$11)^2 -> 82.878517 | L83: =L82*(1-L$11)^2 -> 2190.4199 | ... AO83: =AO82*(1-AO$11)^2 -> 3859.0801
D84: =D83+2 -> 2016 | E84: =E83*(1-E$11)^2 -> 194.32146 | F84: =F83*(1-F$11)^2 -> 1450.6627 | G84: =G83*(1-G$11)^2 -> 267.94938 | H84: =H83*(1-H$11)^2 -> 892.02478 | I84: =I83*(1-I$11)^2 -> 767.9376 | J84: =J83*(1-J$11)^2 -> 1628.6044 | K84: =K83*(1-K$11)^2 -> 82.547335 | L84: =L83*(1-L$11)^2 -> 2181.667 | ... AO84: =AO83*(1-AO$11)^2 -> 3824.9644
D85: =D84+2 -> 2018 | E85: =E84*(1-E$11)^2 -> 193.54495 | F85: =F84*(1-F$11)^2 -> 1444.8658 | G85: =G84*(1-G$11)^2 -> 266.87865 | H85: =H84*(1-H$11)^2 -> 887.57023 | I85: =I84*(1-I$11)^2 -> 764.86892 | J85: =J84*(1-J$11)^2 -> 1622.0965 | K85: =K84*(1-K$11)^2 -> 82.217475 | L85: =L84*(1-L$11)^2 -> 2172.949 | ... AO85: =AO84*(1-AO$11)^2 -> 3791.1502
D86: =D85+2 -> 2020 | E86: =E85*(1-E$11)^2 -> 192.77154 | F86: =F85*(1-F$11)^2 -> 1439.0922 | G86: =G85*(1-G$11)^2 -> 265.81221 | H86: =H85*(1-H$11)^2 -> 883.13793 | I86: =I85*(1-I$11)^2 -> 761.81251 | J86: =J85*(1-J$11)^2 -> 1615.6146 | K86: =K85*(1-K$11)^2 -> 81.888934 | L86: =L85*(1-L$11)^2 -> 2164.2659 | ... AO86: =AO85*(1-AO$11)^2 -> 3757.6351
D87: =D86+2 -> 2022 | E87: =E86*(1-E$11)^2 -> 192.00123 | F87: =F86*(1-F$11)^2 -> 1433.3415 | G87: =G86*(1-G$11)^2 -> 264.75002 | H87: =H86*(1-H$11)^2 -> 878.72776 | I87: =I86*(1-I$11)^2 -> 758.7683 | J87: =J86*(1-J$11)^2 -> 1609.1586 | K87: =K86*(1-K$11)^2 -> 81.561706 | L87: =L86*(1-L$11)^2 -> 2155.6175 | ... AO87: =AO86*(1-AO$11)^2 -> 3724.4162
D88: =D87+2 -> 2024 | E88: =E87*(1-E$11)^2 -> 191.23399 | F88: =F87*(1-F$11)^2 -> 1427.6139 | G88: =G87*(1-G$11)^2 -> 263.69208 | H88: =H87*(1-H$11)^2 -> 874.33961 | I88: =I87*(1-I$11)^2 -> 755.73627 | J88: =J87*(1-J$11)^2 -> 1602.7284 | K88: =K87*(1-K$11)^2 -> 81.235786 | L88: =L87*(1-L$11)^2 -> 2147.0037 | ... AO88: =AO87*(1-AO$11)^2 -> 3691.4909
D89: =D88+2 -> 2026 | E89: =E88*(1-E$11)^2 -> 190.46982 | F89: =F88*(1-F$11)^2 -> 1421.9092 | G89: =G88*(1-G$11)^2 -> 262.63837 | H89: =H88*(1-H$11)^2 -> 869.97338 | I89: =I88*(1-I$11)^2 -> 752.71634 | J89: =J88*(1-J$11)^2 -> 1596.3239 | K89: =K88*(1-K$11)^2 -> 80.911167 | L89: =L88*(1-L$11)^2 -> 2138.4242 | ... AO89: =AO88*(1-AO$11)^2 -> 3658.8568
D90: =D89+2 -> 2028 | E90: =E89*(1-E$11)^2 -> 189.7087 | F90: =F89*(1-F$11)^2 -> 1416.2272 | G90: =G89*(1-G$11)^2 -> 261.58886 | H90: =H89*(1-H$11)^2 -> 865.62895 | I90: =I89*(1-I$11)^2 -> 749.70849 | J90: =J89*(1-J$11)^2 -> 1589.945 | K90: =K89*(1-K$11)^2 -> 80.587846 | L90: =L89*(1-L$11)^2 -> 2129.8791 | ... AO90: =AO89*(1-AO$11)^2 -> 3626.5111
D91: =D90+2 -> 2030 | E91: =E90*(1-E$11)^2 -> 188.95063 | F91: =F90*(1-F$11)^2 -> 1410.568 | G91: =G90*(1-G$11)^2 -> 260.54356 | H91: =H90*(1-H$11)^2 -> 861.30621 | I91: =I90*(1-I$11)^2 -> 746.71265 | J91: =J90*(1-J$11)^2 -> 1583.5916 | K91: =K90*(1-K$11)^2 -> 80.265817 | L91: =L90*(1-L$11)^2 -> 2121.3681 | ... AO91: =AO90*(1-AO$11)^2 -> 3594.4514
D92: =D91+2 -> 2032 | E92: =E91*(1-E$11)^2 -> 188.19558 | F92: =F91*(1-F$11)^2 -> 1404.9313 | G92: =G91*(1-G$11)^2 -> 259.50242 | H92: =H91*(1-H$11)^2 -> 857.00506 | I92: =I91*(1-I$11)^2 -> 743.72879 | J92: =J91*(1-J$11)^2 -> 1577.2636 | K92: =K91*(1-K$11)^2 -> 79.945075 | L92: =L91*(1-L$11)^2 -> 2112.8911 | ... AO92: =AO91*(1-AO$11)^2 -> 3562.6751
D93: =D92+2 -> 2034 | E93: =E92*(1-E$11)^2 -> 187.44355 | F93: =F92*(1-F$11)^2 -> 1399.3172 | G93: =G92*(1-G$11)^2 -> 258.46545 | H93: =H92*(1-H$11)^2 -> 852.7254 | I93: =I92*(1-I$11)^2 -> 740.75685 | J93: =J92*(1-J$11)^2 -> 1570.9608 | K93: =K92*(1-K$11)^2 -> 79.625615 | L93: =L92*(1-L$11)^2 -> 2104.448 | ... AO93: =AO92*(1-AO$11)^2 -> 3531.1797
D94: =D93+2 -> 2036 | E94: =E93*(1-E$11)^2 -> 186.69453 | F94: =F93*(1-F$11)^2 -> 1393.7256 | G94: =G93*(1-G$11)^2 -> 257.43262 | H94: =H93*(1-H$11)^2 -> 848.4671 | I94: =I93*(1-I$11)^2 -> 737.79679 | J94: =J93*(1-J$11)^2 -> 1564.6833 | K94: =K93*(1-K$11)^2 -> 79.307431 | L94: =L93*(1-L$11)^2 -> 2096.0386 | ... AO94: =AO93*(1-AO$11)^2 -> 3499.9627
... D111: =D110+2 -> 2070 | E111: =E110*(1-E$11)^2 -> 174.40944 | F111: =F110*(1-F$11)^2 -> 1302.014 | G111: =G110*(1-G$11)^2 -> 240.49275 | H111: =H110*(1-H$11)^2 -> 779.24452 | I111: =I110*(1-I$11)^2 -> 689.24744 | J111: =J110*(1-J$11)^2 -> 1461.7222 | K111: =K110*(1-K$11)^2 -> 74.088753 | L111: =L110*(1-L$11)^2 -> 1958.1127 | ... AO111: =AO110*(1-AO$11)^2 -> 3009.5715
D113: ~UC_T: UC_RHSRT~FX
B114: UC_N | C114: PSET_PN | D114: Year | E114: =E$1 -> AL | F114: =F$1 -> AT | G114: =G$1 -> BA | H114: =H$1 -> BE | I114: =I$1 -> BG | J114: =J$1 -> CH | K114: =K$1 -> CY | L114: =L$1 -> CZ | ... AO114: =AO$1 -> UK | AP114: UC_CAP
B115: ="UCR_OldStock-"&MID(C115,5,20) -> UCR_OldStock-SDetH | C115: =D12 -> Rdw_SDetH | D115: 2012 | E115: =E5*(1-E$12)^2 -> 48.074622 | F115: =F5*(1-F$12)^2 -> 468.56093 | G115: =G5*(1-G$12)^2 -> 79.523589 | H115: =H5*(1-H$12)^2 -> 1577.768 | I115: =I5*(1-I$12)^2 -> 333.99281 | J115: =J5*(1-J$12)^2 -> 940.31948 | K115: =K5*(1-K$12)^2 -> 107.67229 | L115: =L5*(1-L$12)^2 -> 606.34789 | ... AO115: =AO5*(1-AO$12)^2 -> 13113.824 | AP115: 1
D116: =D115+2 -> 2014 | E116: =E115*(1-E$12)^2 -> 47.882515 | F116: =F115*(1-F$12)^2 -> 466.68856 | G116: =G115*(1-G$12)^2 -> 79.205812 | H116: =H115*(1-H$12)^2 -> 1569.889 | I116: =I115*(1-I$12)^2 -> 332.65817 | J116: =J115*(1-J$12)^2 -> 936.56197 | K116: =K115*(1-K$12)^2 -> 107.24204 | L116: =L115*(1-L$12)^2 -> 603.92493 | ... AO116: =AO115*(1-AO$12)^2 -> 12997.893
D117: =D116+2 -> 2016 | E117: =E116*(1-E$12)^2 -> 47.691177 | F117: =F116*(1-F$12)^2 -> 464.82367 | G117: =G116*(1-G$12)^2 -> 78.889306 | H117: =H116*(1-H$12)^2 -> 1562.0494 | I117: =I116*(1-I$12)^2 -> 331.32887 | J117: =J116*(1-J$12)^2 -> 932.81946 | K117: =K116*(1-K$12)^2 -> 106.8135 | L117: =L116*(1-L$12)^2 -> 601.51164 | ... AO117: =AO116*(1-AO$12)^2 -> 12882.987
D118: =D117+2 -> 2018 | E118: =E117*(1-E$12)^2 -> 47.500603 | F118: =F117*(1-F$12)^2 -> 462.96623 | G118: =G117*(1-G$12)^2 -> 78.574064 | H118: =H117*(1-H$12)^2 -> 1554.2489 | I118: =I117*(1-I$12)^2 -> 330.00488 | J118: =J117*(1-J$12)^2 -> 929.09192 | K118: =K117*(1-K$12)^2 -> 106.38667 | L118: =L117*(1-L$12)^2 -> 599.108 | ... AO118: =AO117*(1-AO$12)^2 -> 12769.096
D119: =D118+2 -> 2020 | E119: =E118*(1-E$12)^2 -> 47.310791 | F119: =F118*(1-F$12)^2 -> 461.11622 | G119: =G118*(1-G$12)^2 -> 78.260082 | H119: =H118*(1-H$12)^2 -> 1546.4873 | I119: =I118*(1-I$12)^2 -> 328.68618 | J119: =J118*(1-J$12)^2 -> 925.37927 | K119: =K118*(1-K$12)^2 -> 105.96155 | L119: =L118*(1-L$12)^2 -> 596.71397 | ... AO119: =AO118*(1-AO$12)^2 -> 12656.213
D120: =D119+2 -> 2022 | E120: =E119*(1-E$12)^2 -> 47.121737 | F120: =F119*(1-F$12)^2 -> 459.2736 | G120: =G119*(1-G$12)^2 -> 77.947355 | H120: =H119*(1-H$12)^2 -> 1538.7646 | I120: =I119*(1-I$12)^2 -> 327.37275 | J120: =J119*(1-J$12)^2 -> 921.68145 | K120: =K119*(1-K$12)^2 -> 105.53813 | L120: =L119*(1-L$12)^2 -> 594.3295 | ... AO120: =AO119*(1-AO$12)^2 -> 12544.327
D121: =D120+2 -> 2024 | E121: =E120*(1-E$12)^2 -> 46.933438 | F121: =F120*(1-F$12)^2 -> 457.43834 | G121: =G120*(1-G$12)^2 -> 77.635877 | H121: =H120*(1-H$12)^2 -> 1531.0804 | I121: =I120*(1-I$12)^2 -> 326.06457 | J121: =J120*(1-J$12)^2 -> 917.99841 | K121: =K120*(1-K$12)^2 -> 105.1164 | L121: =L120*(1-L$12)^2 -> 591.95456 | ... AO121: =AO120*(1-AO$12)^2 -> 12433.43
D122: =D121+2 -> 2026 | E122: =E121*(1-E$12)^2 -> 46.745892 | F122: =F121*(1-F$12)^2 -> 455.61042 | G122: =G121*(1-G$12)^2 -> 77.325644 | H122: =H121*(1-H$12)^2 -> 1523.4345 | I122: =I121*(1-I$12)^2 -> 324.76162 | J122: =J121*(1-J$12)^2 -> 914.33009 | K122: =K121*(1-K$12)^2 -> 104.69635 | L122: =L121*(1-L$12)^2 -> 589.58911 | ... AO122: =AO121*(1-AO$12)^2 -> 12323.514
D123: =D122+2 -> 2028 | E123: =E122*(1-E$12)^2 -> 46.559096 | F123: =F122*(1-F$12)^2 -> 453.7898 | G123: =G122*(1-G$12)^2 -> 77.016651 | H123: =H122*(1-H$12)^2 -> 1515.8269 | I123: =I122*(1-I$12)^2 -> 323.46387 | J123: =J122*(1-J$12)^2 -> 910.67643 | K123: =K122*(1-K$12)^2 -> 104.27798 | L123: =L122*(1-L$12)^2 -> 587.23311 | ... AO123: =AO122*(1-AO$12)^2 -> 12214.57
D124: =D123+2 -> 2030 | E124: =E123*(1-E$12)^2 -> 46.373045 | F124: =F123*(1-F$12)^2 -> 451.97646 | G124: =G123*(1-G$12)^2 -> 76.708893 | H124: =H123*(1-H$12)^2 -> 1508.2572 | I124: =I123*(1-I$12)^2 -> 322.17131 | J124: =J123*(1-J$12)^2 -> 907.03736 | K124: =K123*(1-K$12)^2 -> 103.86129 | L124: =L123*(1-L$12)^2 -> 584.88653 | ... AO124: =AO123*(1-AO$12)^2 -> 12106.588
D125: =D124+2 -> 2032 | E125: =E124*(1-E$12)^2 -> 46.187739 | F125: =F124*(1-F$12)^2 -> 450.17036 | G125: =G124*(1-G$12)^2 -> 76.402364 | H125: =H124*(1-H$12)^2 -> 1500.7254 | I125: =I124*(1-I$12)^2 -> 320.88391 | J125: =J124*(1-J$12)^2 -> 903.41284 | K125: =K124*(1-K$12)^2 -> 103.44626 | L125: =L124*(1-L$12)^2 -> 582.54932 | ... AO125: =AO124*(1-AO$12)^2 -> 11999.562
D126: =D125+2 -> 2034 | E126: =E125*(1-E$12)^2 -> 46.003173 | F126: =F125*(1-F$12)^2 -> 448.37148 | G126: =G125*(1-G$12)^2 -> 76.09706 | H126: =H125*(1-H$12)^2 -> 1493.2311 | I126: =I125*(1-I$12)^2 -> 319.60166 | J126: =J125*(1-J$12)^2 -> 899.8028 | K126: =K125*(1-K$12)^2 -> 103.03289 | L126: =L125*(1-L$12)^2 -> 580.22145 | ... AO126: =AO125*(1-AO$12)^2 -> 11893.481
D127: =D126+2 -> 2036 | E127: =E126*(1-E$12)^2 -> 45.819344 | F127: =F126*(1-F$12)^2 -> 446.57978 | G127: =G126*(1-G$12)^2 -> 75.792976 | H127: =H126*(1-H$12)^2 -> 1485.7743 | I127: =I126*(1-I$12)^2 -> 318.32453 | J127: =J126*(1-J$12)^2 -> 896.20719 | K127: =K126*(1-K$12)^2 -> 102.62117 | L127: =L126*(1-L$12)^2 -> 577.90289 | ... AO127: =AO126*(1-AO$12)^2 -> 11788.338
... D144: =D143+2 -> 2070 | E144: =E143*(1-E$12)^2 -> 42.804287 | F144: =F143*(1-F$12)^2 -> 417.19343 | G144: =G143*(1-G$12)^2 -> 70.80556 | H144: =H143*(1-H$12)^2 -> 1364.5567 | I144: =I143*(1-I$12)^2 -> 297.37778 | J144: =J143*(1-J$12)^2 -> 837.23395 | K144: =K143*(1-K$12)^2 -> 95.868374 | L144: =L143*(1-L$12)^2 -> 539.87506 | ... AO144: =AO143*(1-AO$12)^2 -> 10136.635
A146: ~TFM_INS
A147: Attribute | B147: PSET_PN | C147: Year | D147: LimType | E147: AllRegions
A148: RCAP_BND | B148: Rdw[_]* | C148: 2010 | D148: UP | E148: 0
A149: RCAP_BND | B149: Rdw[_]* | C149: 0 | D149: UP | E149: 0
A150: AFA | B150: Rdw[_]* | D150: FX | E150: 1
A151: AFA | B151: Rdw[_]* | C151: 0 | D151: FX | E151: 3
A152: NCAP_BND | B152: Rdw[_]*,-*New | C152: 0 | D152: FX | E152: 2
D154: DEACTIVATED Growth over 50 years
D155: =D9 -> Rdw_DetH | E155: -0.1 | F155: -0.1 | G155: -0.1 | H155: -0.1 | I155: -0.1 | J155: -0.1 | K155: -0.1 | L155: -0.1 | M155: -0.1 | N155: -0.1 | O155: -0.1 | P155: -0.1 | Q155: -0.1 | R155: -0.1 | S155: -0.1 | T155: -0.1 | U155: -0.1 | V155: -0.1 | W155: -0.1 | X155: -0.1 | Y155: -0.1 | Z155: -0.1 | AA155: -0.1 | AB155: -0.1 | AC155: -0.1 | AD155: -0.1 | AE155: -0.1 | AF155: -0.1 | AG155: -0.1 | AH155: -0.1 | AI155: -0.1 | AJ155: -0.1 | AK155: -0.1 | AL155: -0.1 | AM155: -0.1 | AN155: -0.1 | AO155: -0.1
D156: =D11 -> Rdw_Flat | E156: 0.2 | F156: 0.2 | G156: 0.2 | H156: 0.2 | I156: 0.2 | J156: 0.2 | K156: 0.2 | L156: 0.2 | M156: 0.2 | N156: 0.2 | O156: 0.2 | P156: 0.2 | Q156: 0.2 | R156: 0.2 | S156: 0.2 | T156: 0.2 | U156: 0.2 | V156: 0.2 | W156: 0.2 | X156: 0.2 | Y156: 0.2 | Z156: 0.2 | AA156: 0.2 | AB156: 0.2 | AC156: 0.2 | AD156: 0.2 | AE156: 0.2 | AF156: 0.2 | AG156: 0.2 | AH156: 0.2 | AI156: 0.2 | AJ156: 0.2 | AK156: 0.2 | AL156: 0.2 | AM156: 0.2 | AN156: 0.2 | AO156: 0.2
D157: =D12 -> Rdw_SDetH | E157: 0.1 | F157: 0.1 | G157: 0.1 | H157: 0.1 | I157: 0.1 | J157: 0.1 | K157: 0.1 | L157: 0.1 | M157: 0.1 | N157: 0.1 | O157: 0.1 | P157: 0.1 | Q157: 0.1 | R157: 0.1 | S157: 0.1 | T157: 0.1 | U157: 0.1 | V157: 0.1 | W157: 0.1 | X157: 0.1 | Y157: 0.1 | Z157: 0.1 | AA157: 0.1 | AB157: 0.1 | AC157: 0.1 | AD157: 0.1 | AE157: 0.1 | AF157: 0.1 | AG157: 0.1 | AH157: 0.1 | AI157: 0.1 | AJ157: 0.1 | AK157: 0.1 | AL157: 0.1 | AM157: 0.1 | AN157: 0.1 | AO157: 0.1
B158: TFM_INS
B159: Attribute | C159: CSET_CN | D159: Year | E159: =E$1 -> AL | F159: =F$1 -> AT | G159: =G$1 -> BA | H159: =H$1 -> BE | I159: =I$1 -> BG | J159: =J$1 -> CH | K159: =K$1 -> CY | L159: =L$1 -> CZ | ... AO159: =AO$1 -> UK
B160: COM_PROJ | C160: R_DetH | D160: 2010 | E160: 85.365659 | F160: 1015.1617 | G160: 223.10096 | H160: 950.38722 | I160: 617.01235 | J160: 841.55024 | K160: 105.85211 | L160: 1027.0584 | M160: 7733.6446 | N160: 997.38129 | O160: 111.66794 | P160: 728.81258 | Q160: 972.98462 | R160: 792.12147 | S160: 6298.8611 | T160: 636.08385 | U160: 1536.6621 | V160: 465.49382 | W160: 43.582504 | X160: 2111.8077 | Y160: 131.32823 | Z160: 260.62604 | AA160: 52.311377 | AB160: 184.32886 | AC160: 42.777195 | AD160: 116.45012 | AE160: 3.5681226 | AF160: 635.78908 | AG160: 463.6125 | AH160: 3324.8676 | AI160: 409.81536 | AJ160: 2103.4798 | AK160: 659.19651 | AL160: 1178.7306 | AM160: 195.06476 | AN160: 431.50301 | AO160: 3810.9775
B161: COM_PROJ | C161: R_DetH | D161: 2050 | E161: 258.23468 | F161: 1278.7031 | G161: 439.0482 | H161: 1419.0733 | I161: 697.64544 | J161: 1133.0116 | K161: 141.67291 | L161: 1340.5414 | M161: 7300.6379 | N161: 1166.0184 | O161: 93.796135 | P161: 760.24589 | Q161: 1231.1466 | R161: 888.69436 | S161: 7484.8276 | T161: 737.07716 | U161: 1393.1474 | V161: 611.30833 | W161: 56.214271 | X161: 2292.3115 | Y161: 281.71077 | Z161: 155.42907 | AA161: 126.4903 | AB161: 124.33872 | AC161: 52.12417 | AD161: 218.03879 | AE161: 7.3838203 | AF161: 789.93269 | AG161: 628.81044 | AH161: 3790.1063 | AI161: 909.18284 | AJ161: 2527.5219 | AK161: 932.18797 | AL161: 1663.7538 | AM161: 231.37676 | AN161: 556.71653 | AO161: 5282.2968
B162: COM_PROJ | C162: R_DetH | D162: 2060 | E162: 258.23468 | F162: 1278.7031 | G162: 439.0482 | H162: 1419.0733 | I162: 697.64544 | J162: 1133.0116 | K162: 141.67291 | L162: 1340.5414 | M162: 7300.6379 | N162: 1166.0184 | O162: 93.796135 | P162: 760.24589 | Q162: 1231.1466 | R162: 888.69436 | S162: 7484.8276 | T162: 737.07716 | U162: 1393.1474 | V162: 611.30833 | W162: 56.214271 | X162: 2292.3115 | Y162: 281.71077 | Z162: 155.42907 | AA162: 126.4903 | AB162: 124.33872 | AC162: 52.12417 | AD162: 218.03879 | AE162: 7.3838203 | AF162: 789.93269 | AG162: 628.81044 | AH162: 3790.1063 | AI162: 909.18284 | AJ162: 2527.5219 | AK162: 932.18797 | AL162: 1663.7538 | AM162: 231.37676 | AN162: 556.71653 | AO162: 5282.2968
B163: COM_PROJ | C163: R_DetH | D163: 2070 | E163: 258.23468 | F163: 1278.7031 | G163: 439.0482 | H163: 1419.0733 | I163: 697.64544 | J163: 1133.0116 | K163: 141.67291 | L163: 1340.5414 | M163: 7300.6379 | N163: 1166.0184 | O163: 93.796135 | P163: 760.24589 | Q163: 1231.1466 | R163: 888.69436 | S163: 7484.8276 | T163: 737.07716 | U163: 1393.1474 | V163: 611.30833 | W163: 56.214271 | X163: 2292.3115 | Y163: 281.71077 | Z163: 155.42907 | AA163: 126.4903 | AB163: 124.33872 | AC163: 52.12417 | AD163: 218.03879 | AE163: 7.3838203 | AF163: 789.93269 | AG163: 628.81044 | AH163: 3790.1063 | AI163: 909.18284 | AJ163: 2527.5219 | AK163: 932.18797 | AL163: 1663.7538 | AM163: 231.37676 | AN163: 556.71653 | AO163: 5282.2968
B164: COM_PROJ | C164: R_Flat | D164: 2010 | E164: 196.66972 | F164: 1468.1931 | G164: 271.1874 | H164: 905.52301 | I164: 777.21771 | J164: 1648.2852 | K164: 83.544874 | L164: 2208.0312 | M164: 18507.479 | N164: 1066.6763 | O164: 488.14638 | P164: 1679.0753 | Q164: 7433.1088 | R164: 1108.1723 | S164: 9195.3527 | T164: 505.02473 | U164: 1314.8023 | V164: 148.11827 | W164: 67.162135 | X164: 17047.884 | Y164: 159.63428 | Z164: 725.54347 | AA164: 68 | AB164: 576.16017 | AC164: 98.552265 | AD164: 160.89709 | AE164: 16.335462 | AF164: 1728.7006 | AG164: 1151.6628 | AH164: 6734.1392 | AI164: 514.68577 | AJ164: 2050.9073 | AK164: 801.27752 | AL164: 2426.7815 | AM164: 461.41891 | AN164: 580.36075 | AO164: 3928.2271
B165: COM_PROJ | C165: R_Flat | D165: 2050 | E165: 594.93412 | F165: 1849.3438 | G165: 533.67918 | H165: 1352.0842 | I165: 878.78693 | J165: 2219.1502 | K165: 111.81681 | L165: 2881.9756 | M165: 17471.245 | N165: 1247.0297 | O165: 410.02138 | P165: 1751.493 | Q165: 9405.3351 | R165: 1243.2771 | S165: 10926.678 | T165: 585.20931 | U165: 1192.008 | V165: 194.51586 | W165: 86.628122 | X165: 18505.028 | Y165: 342.42976 | Z165: 432.69102 | AA165: 164.42581 | AB165: 388.64785 | AC165: 120.0863 | AD165: 301.26037 | AE165: 33.804365 | AF165: 2147.8146 | AG165: 1562.0321 | AH165: 7676.427 | AI165: 1141.8398 | AJ165: 2464.3513 | AK165: 1133.1087 | AL165: 3425.3517 | AM165: 547.3137 | AN165: 748.76981 | AO165: 5444.8134
B166: COM_PROJ | C166: R_Flat | D166: 2060 | E166: 594.93412 | F166: 1849.3438 | G166: 533.67918 | H166: 1352.0842 | I166: 878.78693 | J166: 2219.1502 | K166: 111.81681 | L166: 2881.9756 | M166: 17471.245 | N166: 1247.0297 | O166: 410.02138 | P166: 1751.493 | Q166: 9405.3351 | R166: 1243.2771 | S166: 10926.678 | T166: 585.20931 | U166: 1192.008 | V166: 194.51586 | W166: 86.628122 | X166: 18505.028 | Y166: 342.42976 | Z166: 432.69102 | AA166: 164.42581 | AB166: 388.64785 | AC166: 120.0863 | AD166: 301.26037 | AE166: 33.804365 | AF166: 2147.8146 | AG166: 1562.0321 | AH166: 7676.427 | AI166: 1141.8398 | AJ166: 2464.3513 | AK166: 1133.1087 | AL166: 3425.3517 | AM166: 547.3137 | AN166: 748.76981 | AO166: 5444.8134
B167: COM_PROJ | C167: R_Flat | D167: 2070 | E167: 594.93412 | F167: 1849.3438 | G167: 533.67918 | H167: 1352.0842 | I167: 878.78693 | J167: 2219.1502 | K167: 111.81681 | L167: 2881.9756 | M167: 17471.245 | N167: 1247.0297 | O167: 410.02138 | P167: 1751.493 | Q167: 9405.3351 | R167: 1243.2771 | S167: 10926.678 | T167: 585.20931 | U167: 1192.008 | V167: 194.51586 | W167: 86.628122 | X167: 18505.028 | Y167: 342.42976 | Z167: 432.69102 | AA167: 164.42581 | AB167: 388.64785 | AC167: 120.0863 | AD167: 301.26037 | AE167: 33.804365 | AF167: 2147.8146 | AG167: 1562.0321 | AH167: 7676.427 | AI167: 1141.8398 | AJ167: 2464.3513 | AK167: 1133.1087 | AL167: 3425.3517 | AM167: 547.3137 | AN167: 748.76981 | AO167: 5444.8134
B168: COM_PROJ | C168: R_SDetH | D168: 2010 | E168: 48.267499 | F168: 470.44081 | G168: 79.84264 | H168: 1585.6865 | I168: 335.3328 | J168: 944.09207 | K168: 108.10428 | L168: 608.78058 | M168: 8085.1739 | N168: 531.0051 | O168: 51.805681 | P168: 412.08562 | Q168: 2157.021 | R168: 598.70622 | S168: 5600.5711 | T168: 227.6396 | U168: 567.5309 | V168: 700.17967 | W168: 40.710304 | X168: 3755.6581 | Y168: 46.999316 | Z168: 131.79385 | AA168: 67.688622 | AB168: 73.615616 | AC168: 24.187105 | AD168: 63.288109 | AE168: 45.592678 | AF168: 3357.5158 | AG168: 364.13058 | AH168: 1247.6753 | AI168: 330.83001 | AJ168: 604.09855 | AK168: 235.91108 | AL168: 565.48787 | AM168: 64.875141 | AN168: 128.41322 | AO168: 13230.789
B169: COM_PROJ | C169: R_SDetH | D169: 2050 | E169: 146.0112 | F169: 592.56971 | G169: 157.12513 | H169: 2367.6722 | I169: 379.15513 | J169: 1271.0677 | K169: 144.68723 | L169: 794.59511 | M169: 7632.485 | N169: 620.78736 | O169: 43.514482 | P169: 429.85866 | Q169: 2729.3433 | R169: 671.69854 | S169: 6655.0616 | T169: 263.78275 | U169: 514.52707 | V169: 919.5088 | W169: 52.509606 | X169: 4076.6676 | Y169: 100.81772 | Z169: 78.597656 | AA169: 163.67289 | AB169: 49.657287 | AC169: 29.472077 | AD169: 118.49934 | AE169: 94.348815 | AF169: 4171.5273 | AG169: 493.88036 | AH169: 1422.2587 | AI169: 733.95241 | AJ169: 725.87923 | AK169: 333.60837 | AL169: 798.1744 | AM169: 76.951882 | AN169: 165.67616 | AO169: 18338.853
B170: COM_PROJ | C170: R_SDetH | D170: 2060 | E170: 146.0112 | F170: 592.56971 | G170: 157.12513 | H170: 2367.6722 | I170: 379.15513 | J170: 1271.0677 | K170: 144.68723 | L170: 794.59511 | M170: 7632.485 | N170: 620.78736 | O170: 43.514482 | P170: 429.85866 | Q170: 2729.3433 | R170: 671.69854 | S170: 6655.0616 | T170: 263.78275 | U170: 514.52707 | V170: 919.5088 | W170: 52.509606 | X170: 4076.6676 | Y170: 100.81772 | Z170: 78.597656 | AA170: 163.67289 | AB170: 49.657287 | AC170: 29.472077 | AD170: 118.49934 | AE170: 94.348815 | AF170: 4171.5273 | AG170: 493.88036 | AH170: 1422.2587 | AI170: 733.95241 | AJ170: 725.87923 | AK170: 333.60837 | AL170: 798.1744 | AM170: 76.951882 | AN170: 165.67616 | AO170: 18338.853
...

Sheet Sheet1
A1: CSET_CN | B1: Year | C1: EL | D1: ES | E1: IT | F1: PT
A2: R_DetH | B2: 2010 | C2: 728.81 | D2: 972.98 | E2: 2111.81 | F2: 409.82
A3: R_DetH | B3: 2020 | C3: 728.81 | D3: 972.98 | E3: 2111.81 | F3: 409.82
A4: R_DetH | B4: 2030 | C4: 911.02 | D4: 1099.47 | E4: 2513.05 | F4: 463.09
A5: R_DetH | B5: 2040 | C5: 961.12 | D5: 1187.43 | E5: 2676.4 | F5: 493.19
A6: R_DetH | B6: 2050 | C6: 1013.98 | D6: 1282.42 | E6: 2850.37 | F6: 525.25
A7: R_DetH | B7: 2060 | C7: 1071.15 | D7: 1388.79 | E7: 3041.15 | F7: 560.41
A8: R_DetH | B8: 2070 | C8: 1131.55 | D8: 1503.98 | E8: 3244.71 | F8: 597.92
A9: R_Flat | B9: 2010 | C9: 1679.08 | D9: 7433.11 | E9: 17047.88 | F9: 514.69
A10: R_Flat | B10: 2020 | C10: 1679.08 | D10: 7433.11 | E10: 17047.88 | F10: 514.69
A11: R_Flat | B11: 2030 | C11: 2098.84 | D11: 8399.41 | E11: 20286.98 | F11: 581.59
A12: R_Flat | B12: 2040 | C12: 2214.28 | D12: 9071.37 | E12: 21605.64 | F12: 619.4
A13: R_Flat | B13: 2050 | C13: 2336.07 | D13: 9797.08 | E13: 23010 | F13: 659.66
... A22: R_SDetH | B22: 2070 | C22: 639.8 | D22: 3334.19 | E22: 5770.43 | F22: 482.68

Sheet nov25_calib_2000
A1: Sum of Pv | F1: Period | N1: increasing rate
A2: Attribute | B2: Commodity | C2: Scenario | D2: Region | F2: 2010 | G2: 2020 | H2: 2030 | I2: 2040 | J2: 2050 | K2: 2070 | L2: 2000 | M2: act_2010 | N2: 2010-2020 | O2: 2020-2030 | P2: 2030-2040 | Q2: 2040-2050 | R2: 2050-2070 | T2: 2010 | U2: =G2 -> 2020 | V2: =H2 -> 2030 | W2: =I2 -> 2040 | X2: =J2 -> 2050 | Y2: 2060 | Z2: 2070 | AA2: 2020 | AB2: 2030 | AC2: 2040 | AD2: 2050 | AE2: 2060 | AF2: 2070 | AH2: =G2 -> 2020 | AI2: =H2 -> 2030 | AJ2: =I2 -> 2040 | AK2: =J2 -> 2050 | AL2: =K2 -> 2070
A3: VAR_FOut | B3: R_DetH | C3: ref_24nov | D3: AT | F3: 1015.1617 | G3: 1055.77 | H3: 1150.79 | I3: 1248.6 | J3: 1354.74 | K3: 1604.62 | L3: 976.11541 | M3: 3.9046328 | N3: 0.040001753 | O3: 0.090000664 | P3: 0.084993786 | Q3: 0.085007209 | R3: 0.18444868 | S3: -0.39168437 | T3: =F3 -> 1015.1617 | U3: =T3*(1+N3) -> 1055.77 | V3: =U3*(1+O3) -> 1150.79 | W3: =V3*(1+P3) -> 1248.6 | X3: =W3*(1+Q3) -> 1354.74 | Y3: =X3*(1+($R3/2)) -> 1479.68 | Z3: =Y3*(1+($R3/2)) -> 1616.1425 | AA3: =(U3-T3)/10 -> 4.060825 | AB3: =(V3-U3)/10 -> 9.502 | AC3: =(W3-V3)/10 -> 9.7809998 | AD3: =(X3-W3)/10 -> 10.614 | AE3: =(Y3-X3)/10 -> 12.494 | AF3: =(Z3-Y3)/10 -> 13.646251
A4: VAR_FOut | B4: R_DetH | C4: ref_24nov | D4: BE | F4: 950.39 | G4: 1064.43 | H4: 1192.17 | I4: 1305.42 | J4: 1429.44 | K4: 1727 | L4: 848.56793 | M4: 10.182207 | N4: 0.11999284 | O4: 0.12000789 | P4: 0.09499484 | Q4: 0.095003908 | R4: 0.20816543 | S4: -0.50864625 | T4: =F4 -> 950.39 | U4: =T4*(1+N4) -> 1064.43 | V4: =U4*(1+O4) -> 1192.17 | W4: =V4*(1+P4) -> 1305.42 | X4: =W4*(1+Q4) -> 1429.44 | Y4: =X4*(1+($R4/2)) -> 1578.22 | Z4: =Y4*(1+($R4/2)) -> 1742.4854 | AA4: =(U4-T4)/10 -> 11.403999 | AB4: =(V4-U4)/10 -> 12.774 | AC4: =(W4-V4)/10 -> 11.325 | AD4: =(X4-W4)/10 -> 12.402 | AE4: =(Y4-X4)/10 -> 14.878 | AF4: =(Z4-Y4)/10 -> 16.426542
A5: VAR_FOut | B5: R_DetH | C5: ref_24nov | D5: BG | F5: 617.01235 | G5: 647.85999 | H5: 725.61 | I5: 776.39999 | J5: 830.75 | K5: 955.11999 | L5: 587.63351 | M5: 2.9378844 | N5: 0.049995182 | O5: 0.1200105 | P5: 0.069996278 | Q5: 0.070002578 | R5: 0.14970809 | S5: -0.38475426 | T5: =F5 -> 617.01235 | U5: =T5*(1+N5) -> 647.85999 | V5: =U5*(1+O5) -> 725.61 | W5: =V5*(1+P5) -> 776.39999 | X5: =W5*(1+Q5) -> 830.75 | Y5: =X5*(1+($R5/2)) -> 892.93499 | Z5: =Y5*(1+($R5/2)) -> 959.77479 | AA5: =(U5-T5)/10 -> 3.0847645 | AB5: =(V5-U5)/10 -> 7.7750001 | AC5: =(W5-V5)/10 -> 5.0789999 | AD5: =(X5-W5)/10 -> 5.4350001 | AE5: =(Y5-X5)/10 -> 6.2184999 | AF5: =(Z5-Y5)/10 -> 6.6839798
A6: VAR_FOut | B6: R_DetH | C6: ref_24nov | D6: CH | F6: 841.55024 | G6: 942.53999 | H6: 1055.64 | I6: 1155.93 | J6: 1265.74 | K6: 1529.22 | L6: 751.38117 | M6: 9.0169067 | N6: 0.12000443 | O6: 0.11999491 | P6: 0.095003978 | Q6: 0.094997103 | R6: 0.20816281 | S6: -0.5086507 | T6: =F6 -> 841.55024 | U6: =T6*(1+N6) -> 942.53999 | V6: =U6*(1+O6) -> 1055.64 | W6: =V6*(1+P6) -> 1155.93 | X6: =W6*(1+Q6) -> 1265.74 | Y6: =X6*(1+($R6/2)) -> 1397.48 | Z6: =Y6*(1+($R6/2)) -> 1542.9317 | AA6: =(U6-T6)/10 -> 10.098975 | AB6: =(V6-U6)/10 -> 11.31 | AC6: =(W6-V6)/10 -> 10.029 | AD6: =(X6-W6)/10 -> 10.981 | AE6: =(Y6-X6)/10 -> 13.174 | AF6: =(Z6-Y6)/10 -> 14.545168
A7: VAR_FOut | B7: R_DetH | C7: ref_24nov | D7: CY | F7: 105.85211 | G7: 113.26 | H7: 130.25 | I7: 143.93 | J7: 159.04 | K7: 195.99 | L7: 98.928735 | M7: 0.69233715 | N7: 0.069983423 | O7: 0.15000884 | P7: 0.10502878 | Q7: 0.1049816 | R7: 0.23233148 | S7: -0.4952358 | T7: =F7 -> 105.85211 | U7: =T7*(1+N7) -> 113.26 | V7: =U7*(1+O7) -> 130.25 | W7: =V7*(1+P7) -> 143.93 | X7: =W7*(1+Q7) -> 159.04 | Y7: =X7*(1+($R7/2)) -> 177.515 | Z7: =Y7*(1+($R7/2)) -> 198.13616 | AA7: =(U7-T7)/10 -> 0.74078927 | AB7: =(V7-U7)/10 -> 1.6990001 | AC7: =(W7-V7)/10 -> 1.3679999 | AD7: =(X7-W7)/10 -> 1.5110001 | AE7: =(Y7-X7)/10 -> 1.8474999 | AF7: =(Z7-Y7)/10 -> 2.0621161
A8: VAR_FOut | B8: R_DetH | C8: ref_24nov | D8: CZ | F8: 1027.06 | G8: 1088.68 | H8: 1154 | I8: 1269.4 | J8: 1396.34 | K8: 1703.8 | L8: 968.92774 | M8: 5.813226 | N8: 0.059996487 | O8: 0.059999266 | P8: 0.099999999 | Q8: 0.1 | R8: 0.22018992 | S8: -0.43131368 | T8: =F8 -> 1027.06 | U8: =T8*(1+N8) -> 1088.68 | V8: =U8*(1+O8) -> 1154 | W8: =V8*(1+P8) -> 1269.4 | X8: =W8*(1+Q8) -> 1396.34 | Y8: =X8*(1+($R8/2)) -> 1550.07 | Z8: =Y8*(1+($R8/2)) -> 1720.7249 | AA8: =(U8-T8)/10 -> 6.1619991 | AB8: =(V8-U8)/10 -> 6.5320001 | AC8: =(W8-V8)/10 -> 11.54 | AD8: =(X8-W8)/10 -> 12.694 | AE8: =(Y8-X8)/10 -> 15.373 | AF8: =(Z8-Y8)/10 -> 17.06549
A9: VAR_FOut | B9: R_DetH | C9: ref_24nov | D9: DE | F9: 7733.6446 | G9: 8352.3399 | H9: 8769.9499 | I9: 9471.5499 | J9: 10229.27 | K9: 11996.52 | L9: 7160.7788 | M9: 57.286581 | N9: 0.08000049 | O9: 0.049999162 | P9: 0.080000456 | Q9: 0.079999578 | R9: 0.17276404 | T9: =F9 -> 7733.6446 | U9: =T9*(1+N9) -> 8352.3399 | V9: =U9*(1+O9) -> 8769.9499 | W9: =V9*(1+P9) -> 9471.5499 | X9: =W9*(1+Q9) -> 10229.27 | Y9: =X9*(1+($R9/2)) -> 11112.895 | Z9: =Y9*(1+($R9/2)) -> 12072.849 | AA9: =(U9-T9)/10 -> 61.869536 | AB9: =(V9-U9)/10 -> 41.761 | AC9: =(W9-V9)/10 -> 70.159999 | AD9: =(X9-W9)/10 -> 75.772 | AE9: =(Y9-X9)/10 -> 88.362499 | AF9: =(Z9-Y9)/10 -> 95.99543
A10: VAR_FOut | B10: R_DetH | C10: ref_24nov | D10: DK | F10: 997.38129 | G10: 1137.01 | H10: 1250.72 | I10: 1382.04 | J10: 1527.16 | K10: 1881.96 | L10: 874.89947 | M10: 12.248182 | N10: 0.13999531 | O10: 0.10000792 | P10: 0.10499552 | Q10: 0.1050042 | R10: 0.23232667 | T10: =F10 -> 997.38129 | U10: =T10*(1+N10) -> 1137.01 | V10: =U10*(1+O10) -> 1250.72 | W10: =V10*(1+P10) -> 1382.04 | X10: =W10*(1+Q10) -> 1527.16 | Y10: =X10*(1+($R10/2)) -> 1704.56 | Z10: =Y10*(1+($R10/2)) -> 1902.5674 | AA10: =(U10-T10)/10 -> 13.96287 | AB10: =(V10-U10)/10 -> 11.371 | AC10: =(W10-V10)/10 -> 13.132 | AD10: =(X10-W10)/10 -> 14.512 | AE10: =(Y10-X10)/10 -> 17.74 | AF10: =(Z10-Y10)/10 -> 19.800737
A11: VAR_FOut | B11: R_DetH | C11: ref_24nov | D11: EE | F11: 111.67 | G11: 148.52 | H11: 161.89 | I11: 178.88 | J11: 197.67 | K11: 243.59 | L11: 83.963028 | M11: 2.7706972 | N11: 0.32999014 | O11: 0.090021554 | P11: 0.1049478 | Q11: 0.10504249 | R11: 0.23230636 | T11: =F11 -> 111.67 | U11: =T11*(1+N11) -> 148.52 | V11: =U11*(1+O11) -> 161.89 | W11: =V11*(1+P11) -> 178.88 | X11: =W11*(1+Q11) -> 197.67 | Y11: =X11*(1+($R11/2)) -> 220.63 | Z11: =Y11*(1+($R11/2)) -> 246.25688 | AA11: =(U11-T11)/10 -> 3.6849999 | AB11: =(V11-U11)/10 -> 1.3370001 | AC11: =(W11-V11)/10 -> 1.6989999 | AD11: =(X11-W11)/10 -> 1.8790001 | AE11: =(Y11-X11)/10 -> 2.2959999 | AF11: =(Z11-Y11)/10 -> 2.5626876
A12: VAR_FOut | B12: R_DetH | C12: ref_24nov | D12: EL | F12: 728.81258 | G12: 728.80999 | H12: 911.01999 | I12: 961.11999 | J12: 1013.98 | K12: 1131.55 | L12: 728.81517 | M12: -0.00025901905 | N12: 0.04 | O12: 0.25001029 | P12: 0.054993303 | Q12: 0.054998337 | R12: 0.11594903 | T12: =F12 -> 728.81258 | U12: =T12*(1+N12) -> 757.96509 | V12: =U12*(1+O12) -> 947.46416 | W12: =V12*(1+P12) -> 999.56834 | X12: =W12*(1+Q12) -> 1054.5429 | Y12: =X12*(1+($R12/2)) -> 1115.6796 | Z12: =Y12*(1+($R12/2)) -> 1180.3605 | AA12: =(U12-T12)/10 -> 2.9152503 | AB12: =(V12-U12)/10 -> 18.949907 | AC12: =(W12-V12)/10 -> 5.2104184 | AD12: =(X12-W12)/10 -> 5.4974597 | AE12: =(Y12-X12)/10 -> 6.1136616 | AF12: =(Z12-Y12)/10 -> 6.4680982
A13: VAR_FOut | B13: R_DetH | C13: ref_24nov | D13: ES | F13: 972.98462 | G13: 972.97999 | H13: 1099.47 | I13: 1187.43 | J13: 1282.42 | K13: 1503.98 | L13: 972.98924 | M13: -0.00046227376 | N13: 0.04 | O13: 0.13000267 | P13: 0.080002182 | Q13: 0.079996296 | R13: 0.17276711 | T13: =F13 -> 972.98462 | U13: =T13*(1+N13) -> 1011.904 | V13: =U13*(1+O13) -> 1143.4542 | W13: =V13*(1+P13) -> 1234.9331 | X13: =W13*(1+Q13) -> 1333.7231 | Y13: =X13*(1+($R13/2)) -> 1448.9349 | Z13: =Y13*(1+($R13/2)) -> 1574.099 | AA13: =(U13-T13)/10 -> 3.8919385 | AB13: =(V13-U13)/10 -> 13.155023 | AC13: =(W13-V13)/10 -> 9.1478833 | AD13: =(X13-W13)/10 -> 9.879007 | AE13: =(Y13-X13)/10 -> 11.521175 | AF13: =(Z13-Y13)/10 -> 12.516415
A14: VAR_FOut | B14: R_DetH | C14: ref_24nov | D14: FI | F14: 792.12147 | G14: 831.72999 | H14: 881.62999 | I14: 956.56999 | J14: 1037.88 | K14: 1229.32 | L14: 754.39918 | M14: 3.7722293 | N14: 0.050003095 | O14: 0.059995433 | P14: 0.085001643 | Q14: 0.085001622 | R14: 0.18445292 | T14: =F14 -> 792.12147 | U14: =T14*(1+N14) -> 831.72999 | V14: =U14*(1+O14) -> 881.62999 | W14: =V14*(1+P14) -> 956.56999 | X14: =W14*(1+Q14) -> 1037.88 | Y14: =X14*(1+($R14/2)) -> 1133.6 | Z14: =Y14*(1+($R14/2)) -> 1238.1479 | AA14: =(U14-T14)/10 -> 3.9608525 | AB14: =(V14-U14)/10 -> 4.9900001 | AC14: =(W14-V14)/10 -> 7.4939998 | AD14: =(X14-W14)/10 -> 8.1310001 | AE14: =(Y14-X14)/10 -> 9.5719999 | AF14: =(Z14-Y14)/10 -> 10.454792
A15: VAR_FOut | B15: R_DetH | C15: ref_24nov | D15: FR | F15: 6298.8611 | G15: 6550.8199 | H15: 7140.3899 | I15: 7675.9199 | J15: 8251.6099 | K15: 9581.6399 | L15: 6056.5932 | M15: 24.226794 | N15: 0.040000695 | O15: 0.08999942 | P15: 0.075000105 | Q15: 0.074999479 | R15: 0.1611843 | T15: =F15 -> 6298.8611 | U15: =T15*(1+N15) -> 6550.8199 | V15: =U15*(1+O15) -> 7140.3899 | W15: =V15*(1+P15) -> 7675.9199 | X15: =W15*(1+Q15) -> 8251.6099 | Y15: =X15*(1+($R15/2)) -> 8916.6249 | Z15: =Y15*(1+($R15/2)) -> 9635.2349 | AA15: =(U15-T15)/10 -> 25.195882 | AB15: =(V15-U15)/10 -> 58.957 | AC15: =(W15-V15)/10 -> 53.552999 | AD15: =(X15-W15)/10 -> 57.569 | AE15: =(Y15-X15)/10 -> 66.501499 | AF15: =(Z15-Y15)/10 -> 71.860998
A16: VAR_FOut | B16: R_DetH | C16: ref_24nov | D16: HR | F16: 636.08385 | G16: 674.24999 | H16: 836.06999 | I16: 923.85999 | J16: 1020.86 | K16: 1258.04 | L16: 600.07811 | M16: 3.6005737 | N16: 0.060001749 | O16: 0.24 | P16: 0.10500317 | Q16: 0.10499426 | R16: 0.23233352 | T16: =F16 -> 636.08385 | U16: =T16*(1+N16) -> 674.24999 | V16: =U16*(1+O16) -> 836.06999 | W16: =V16*(1+P16) -> 923.85999 | X16: =W16*(1+Q16) -> 1020.86 | Y16: =X16*(1+($R16/2)) -> 1139.45 | Z16: =Y16*(1+($R16/2)) -> 1271.8162 | AA16: =(U16-T16)/10 -> 3.8166144 | AB16: =(V16-U16)/10 -> 16.182 | AC16: =(W16-V16)/10 -> 8.7789998 | AD16: =(X16-W16)/10 -> 9.7000001 | AE16: =(Y16-X16)/10 -> 11.859 | AF16: =(Z16-Y16)/10 -> 13.236621
A17: VAR_FOut | B17: R_DetH | C17: ref_24nov | D17: HU | F17: 1536.6621 | G17: 1920.83 | H17: 2285.78 | I17: 2548.65 | J17: 2841.74 | K17: 3571.93 | L17: 1229.3281 | M17: 30.733395 | N17: 0.25000156 | O17: 0.18999599 | P17: 0.11500232 | Q17: 0.11499814 | R17: 0.25695173 | T17: =F17 -> 1536.6621 | U17: =T17*(1+N17) -> 1920.83 | V17: =U17*(1+O17) -> 2285.78 | W17: =V17*(1+P17) -> 2548.65 | X17: =W17*(1+Q17) -> 2841.74 | Y17: =X17*(1+($R17/2)) -> 3206.835 | Z17: =Y17*(1+($R17/2)) -> 3618.8359 | AA17: =(U17-T17)/10 -> 38.416792 | AB17: =(V17-U17)/10 -> 36.495 | AC17: =(W17-V17)/10 -> 26.287 | AD17: =(X17-W17)/10 -> 29.309 | AE17: =(Y17-X17)/10 -> 36.5095 | AF17: =(Z17-Y17)/10 -> 41.200089
A18: VAR_FOut | B18: R_DetH | C18: ref_24nov | D18: IE | F18: 465.49382 | G18: 553.94 | H18: 720.12 | I18: 824.53999 | J18: 944.08999 | K18: 1259.09 | L18: 391.16961 | M18: 7.4324204 | N18: 0.19000505 | O18: 0.29999639 | P18: 0.14500361 | Q18: 0.14498994 | R18: 0.33365463 | T18: =F18 -> 465.49382 | U18: =T18*(1+N18) -> 553.94 | V18: =U18*(1+O18) -> 720.12 | W18: =V18*(1+P18) -> 824.53999 | X18: =W18*(1+Q18) -> 944.08999 | Y18: =X18*(1+($R18/2)) -> 1101.59 | Z18: =Y18*(1+($R18/2)) -> 1285.3653 | AA18: =(U18-T18)/10 -> 8.8446178 | AB18: =(V18-U18)/10 -> 16.618 | AC18: =(W18-V18)/10 -> 10.442 | AD18: =(X18-W18)/10 -> 11.955 | AE18: =(Y18-X18)/10 -> 15.75 | AF18: =(Z18-Y18)/10 -> 18.37753
A19: VAR_FOut | B19: R_DetH | C19: ref_24nov | D19: IS | F19: 43.582504 | G19: 52.73 | H19: 61.170001 | I19: 66.98 | J19: 73.350001 | K19: 88.62 | L19: 36.021897 | M19: 0.75606065 | N19: 0.20988918 | O19: 0.1600607 | P19: 0.094981185 | Q19: 0.095103036 | R19: 0.20817994 | T19: =F19 -> 43.582504 | U19: =T19*(1+N19) -> 52.73 | V19: =U19*(1+O19) -> 61.170001 | W19: =V19*(1+P19) -> 66.98 | X19: =W19*(1+Q19) -> 73.350001 | Y19: =X19*(1+($R19/2)) -> 80.985 | Z19: =Y19*(1+($R19/2)) -> 89.414727 | AA19: =(U19-T19)/10 -> 0.9147496 | AB19: =(V19-U19)/10 -> 0.84400009 | AC19: =(W19-V19)/10 -> 0.58099991 | AD19: =(X19-W19)/10 -> 0.63700013 | AE19: =(Y19-X19)/10 -> 0.76349993 | AF19: =(Z19-Y19)/10 -> 0.84297261
A20: VAR_FOut | B20: R_DetH | C20: ref_24nov | D20: IT | F20: 2111.81 | G20: 2111.81 | H20: 2513.05 | I20: 2676.4 | J20: 2850.37 | K20: 3244.71 | L20: 2111.81 | M20: -1.665951e-06 | N20: 0.04 | O20: 0.18999815 | P20: 0.065000696 | Q20: 0.065001495 | R20: 0.13834695 | T20: =F20 -> 2111.81 | U20: =T20*(1+N20) -> 2196.2824 | V20: =U20*(1+O20) -> 2613.572 | W20: =V20*(1+P20) -> 2783.456 | X20: =W20*(1+Q20) -> 2964.3848 | Y20: =X20*(1+($R20/2)) -> 3169.4416 | Z20: =Y20*(1+($R20/2)) -> 3388.6829 | AA20: =(U20-T20)/10 -> 8.44724 | AB20: =(V20-U20)/10 -> 41.72896 | AC20: =(W20-V20)/10 -> 16.9884 | AD20: =(X20-W20)/10 -> 18.09288 | AE20: =(Y20-X20)/10 -> 20.50568 | AF20: =(Z20-Y20)/10 -> 21.924129
... A33: VAR_FOut | B33: R_DetH | C33: ref_24nov | D33: UK | F33: 3810.98 | G33: 4001.53 | H33: 4241.62 | I33: 4623.36 | J33: 5039.47 | K33: 6028.48 | L33: 3629.5039 | M33: 18.147612 | N33: 0.050000254 | O33: 0.05999955 | P33: 0.089998632 | Q33: 0.090001644 | R33: 0.19625278 | T33: =F33 -> 3810.98 | U33: =T33*(1+N33) -> 4001.53 | V33: =U33*(1+O33) -> 4241.62 | W33: =V33*(1+P33) -> 4623.36 | X33: =W33*(1+Q33) -> 5039.47 | Y33: =X33*(1+($R33/2)) -> 5533.975 | Z33: =Y33*(1+($R33/2)) -> 6077.0039 | AA33: =(U33-T33)/10 -> 19.054997 | AB33: =(V33-U33)/10 -> 24.009 | AC33: =(W33-V33)/10 -> 38.174 | AD33: =(X33-W33)/10 -> 41.611 | AE33: =(Y33-X33)/10 -> 49.4505 | AF33: =(Z33-Y33)/10 -> 54.302899
A34: VAR_FOut | B34: R_DetH | C34: ref_scrap_200 | D34: AT | F34: 1015.1617 | G34: 1055.77 | H34: 1150.79 | I34: 1248.6 | J34: 1354.74 | K34: 1604.62 | L34: 976.11541 | M34: 3.9046334 | N34: 0.04000176 | O34: 0.090000663 | P34: 0.084993787 | Q34: 0.085007208 | R34: 0.18444868
A35: VAR_FOut | B35: R_DetH | C35: ref_scrap_200 | D35: BE | F35: 950.39 | G35: 1064.43 | H35: 1192.17 | I35: 1305.42 | J35: 1429.44 | K35: 1727 | L35: 848.56792 | M35: 10.182208 | N35: 0.11999284 | O35: 0.12000789 | P35: 0.094994841 | Q35: 0.095003907 | R35: 0.20816544
A36: VAR_FOut | B36: R_DetH | C36: ref_scrap_200 | D36: BG | F36: 617.01235 | G36: 647.86 | H36: 725.61 | I36: 776.4 | J36: 830.75 | K36: 955.12 | L36: 587.6335 | M36: 2.9378847 | N36: 0.049995188 | O36: 0.1200105 | P36: 0.069996279 | Q36: 0.070002576 | R36: 0.14970809
A37: VAR_FOut | B37: R_DetH | C37: ref_scrap_200 | D37: CH | F37: 841.55024 | G37: 942.54 | H37: 1055.64 | I37: 1155.93 | J37: 1265.74 | K37: 1529.22 | L37: 751.38117 | M37: 9.0169072 | N37: 0.12000443 | O37: 0.11999491 | P37: 0.095003978 | Q37: 0.094997102 | R37: 0.20816281
A38: VAR_FOut | B38: R_DetH | C38: ref_scrap_200 | D38: CY | F38: 105.85211 | G38: 113.26 | H38: 130.25 | I38: 143.93 | J38: 159.04 | K38: 195.99 | L38: 98.928734 | M38: 0.6923372 | N38: 0.069983429 | O38: 0.15000883 | P38: 0.10502879 | Q38: 0.10498159 | R38: 0.23233149
A39: VAR_FOut | B39: R_DetH | C39: ref_scrap_200 | D39: CZ | F39: 1027.06 | G39: 1088.68 | H39: 1154 | I39: 1269.4 | J39: 1396.34 | K39: 1703.8 | L39: 968.92773 | M39: 5.8132266 | N39: 0.059996493 | O39: 0.059999265 | P39: 0.1 | Q39: 0.1 | R39: 0.22018992
A40: VAR_FOut | B40: R_DetH | C40: ref_scrap_200 | D40: DE | F40: 7733.6446 | G40: 8352.34 | H40: 8769.95 | I40: 9471.55 | J40: 10229.27 | K40: 11996.52 | L40: 7160.7787 | M40: 57.286585 | N40: 0.080000497 | O40: 0.049999162 | P40: 0.080000456 | Q40: 0.079999578 | R40: 0.17276404
A41: VAR_FOut | B41: R_DetH | C41: ref_scrap_200 | D41: DK | F41: 997.38129 | G41: 1137.01 | H41: 1250.72 | I41: 1382.04 | J41: 1527.16 | K41: 1881.96 | L41: 874.89946 | M41: 12.248183 | N41: 0.13999532 | O41: 0.10000792 | P41: 0.10499552 | Q41: 0.1050042 | R41: 0.23232667
A42: VAR_FOut | B42: R_DetH | C42: ref_scrap_200 | D42: EE | F42: 111.67 | G42: 148.52 | H42: 161.89 | I42: 178.88 | J42: 197.67 | K42: 243.59 | L42: 83.963028 | M42: 2.7706972 | N42: 0.32999015 | O42: 0.090021548 | P42: 0.1049478 | Q42: 0.10504249 | R42: 0.23230637
A43: VAR_FOut | B43: R_DetH | C43: ref_scrap_200 | D43: EL | F43: 728.81258 | G43: 728.81 | H43: 911.02 | I43: 961.12 | J43: 1013.98 | K43: 1131.55 | L43: 728.81517 | M43: -0.00025857558 | N43: -3.5478896e-06 | O43: 0.25001029 | P43: 0.054993304 | Q43: 0.054998336 | R43: 0.11594903
A44: VAR_FOut | B44: R_DetH | C44: ref_scrap_200 | D44: ES | F44: 972.98462 | G44: 972.98 | H44: 1099.47 | I44: 1187.43 | J44: 1282.42 | K44: 1503.98 | L44: 972.98923 | M44: -0.00046167793 | N44: -4.7449439e-06 | O44: 0.13000267 | P44: 0.080002183 | Q44: 0.079996295 | R44: 0.17276711
A45: VAR_FOut | B45: R_DetH | C45: ref_scrap_200 | D45: FI | F45: 792.12147 | G45: 831.73 | H45: 881.63 | I45: 956.57 | J45: 1037.88 | K45: 1229.32 | L45: 754.39917 | M45: 3.7722298 | N45: 0.050003101 | O45: 0.059995432 | P45: 0.085001644 | Q45: 0.085001621 | R45: 0.18445292
... A126: VAR_FOut | B126: R_DetH | C126: unep | D126: UK | F126: 3810.98 | G126: 4001.53 | H126: 4241.62 | I126: 4623.3599 | J126: 5039.4699 | K126: 6028.4799 | L126: 3629.5039 | M126: 18.14761 | N126: 0.05000025 | O126: 0.059999551 | P126: 0.089998632 | Q126: 0.090001644 | R126: 0.19625278
A127: VAR_FOut | B127: R_Flat | C127: ref_24nov | D127: AT | F127: 1468.1931 | G127: 1526.92 | H127: 1664.34 | I127: 1805.81 | J127: 1959.31 | K127: 2320.71 | L127: 1411.725 | M127: 5.6468151 | N127: 0.039999399 | O127: 0.089998167 | P127: 0.08500066 | Q127: 0.085003407 | R127: 0.18445269 | T127: =F127 -> 1468.1931 | U127: =T127*(1+N127) -> 1526.92 | V127: =U127*(1+O127) -> 1664.34 | W127: =V127*(1+P127) -> 1805.81 | X127: =W127*(1+Q127) -> 1959.31 | Y127: =X127*(1+($R127/2)) -> 2140.01 | Z127: =Y127*(1+($R127/2)) -> 2337.3753 | AA127: =(U127-T127)/10 -> 5.8726844 | AB127: =(V127-U127)/10 -> 13.742 | AC127: =(W127-V127)/10 -> 14.147 | AD127: =(X127-W127)/10 -> 15.35 | AE127: =(Y127-X127)/10 -> 18.07 | AF127: =(Z127-Y127)/10 -> 19.73653 | AH127: =M127*(1+N127) -> 5.8726844 | AI127: =AH127*(1+O127) -> 6.4012152 | AJ127: =AI127*(1+P127) -> 6.9453227 | AK127: =AJ127*(1+Q127) -> 7.5356988 | AL127: =AK127*(1+R127) -> 8.9256787
A128: VAR_FOut | B128: R_Flat | C128: ref_24nov | D128: BE | F128: 905.52301 | G128: 1014.19 | H128: 1135.89 | I128: 1243.8 | J128: 1361.96 | K128: 1645.47 | L128: 808.49933 | M128: 9.7023684 | N128: 0.12000466 | O128: 0.11999724 | P128: 0.095000395 | Q128: 0.094999198 | R128: 0.20816323 | T128: =F128 -> 905.52301 | U128: =T128*(1+N128) -> 1014.19 | V128: =U128*(1+O128) -> 1135.89 | W128: =V128*(1+P128) -> 1243.8 | X128: =W128*(1+Q128) -> 1361.96 | Y128: =X128*(1+($R128/2)) -> 1503.715 | Z128: =Y128*(1+($R128/2)) -> 1660.2241 | AA128: =(U128-T128)/10 -> 10.866698 | AB128: =(V128-U128)/10 -> 12.17 | AC128: =(W128-V128)/10 -> 10.791 | AD128: =(X128-W128)/10 -> 11.816 | AE128: =(Y128-X128)/10 -> 14.1755 | AF128: =(Z128-Y128)/10 -> 15.650909 | AI128: 13.742 | AJ128: 14.147 | AK128: 15.35 | AL128: 36.139999
A129: VAR_FOut | B129: R_Flat | C129: ref_24nov | D129: BG | F129: 777.22 | G129: 816.07999 | H129: 914.00999 | I129: 977.98999 | J129: 1046.45 | K129: 1203.11 | L129: 740.21044 | M129: 3.7009563 | N129: 0.049998705 | O129: 0.12000049 | P129: 0.069999232 | Q129: 0.070000718 | R129: 0.14970615 | T129: =F129 -> 777.22 | U129: =T129*(1+N129) -> 816.07999 | V129: =U129*(1+O129) -> 914.00999 | W129: =V129*(1+P129) -> 977.98999 | X129: =W129*(1+Q129) -> 1046.45 | Y129: =X129*(1+($R129/2)) -> 1124.78 | Z129: =Y129*(1+($R129/2)) -> 1208.9732 | AA129: =(U129-T129)/10 -> 3.8859994 | AB129: =(V129-U129)/10 -> 9.7930001 | AC129: =(W129-V129)/10 -> 6.3979998 | AD129: =(X129-W129)/10 -> 6.8460002 | AE129: =(Y129-X129)/10 -> 7.8329998 | AF129: =(Z129-Y129)/10 -> 8.4193239
A130: VAR_FOut | B130: R_Flat | C130: ref_24nov | D130: CH | F130: 1648.29 | G130: 1846.08 | H130: 2067.61 | I130: 2264.03 | J130: 2479.11 | K130: 2995.18 | L130: 1471.6913 | M130: 17.659866 | N130: 0.11999708 | O130: 0.12000022 | P130: 0.094998572 | Q130: 0.094998742 | R130: 0.20816745 | T130: =F130 -> 1648.29 | U130: =T130*(1+N130) -> 1846.08 | V130: =U130*(1+O130) -> 2067.61 | W130: =V130*(1+P130) -> 2264.03 | X130: =W130*(1+Q130) -> 2479.11 | Y130: =X130*(1+($R130/2)) -> 2737.145 | Z130: =Y130*(1+($R130/2)) -> 3022.0372 | AA130: =(U130-T130)/10 -> 19.778999 | AB130: =(V130-U130)/10 -> 22.153 | AC130: =(W130-V130)/10 -> 19.642 | AD130: =(X130-W130)/10 -> 21.508 | AE130: =(Y130-X130)/10 -> 25.8035 | AF130: =(Z130-Y130)/10 -> 28.489224 | AI130: =AI128/AI127 -> 2.1467799 | AJ130: =AJ128/AJ127 -> 2.0369104 | AK130: =AK128/AK127 -> 2.036971 | AL130: =AL128/AL127 -> 4.0489918
A131: VAR_FOut | B131: R_Flat | C131: ref_24nov | D131: CY | F131: 83.544874 | G131: 89.389999 | H131: 102.8 | I131: 113.6 | J131: 125.52 | K131: 154.69 | L131: 78.081955 | M131: 0.54629186 | N131: 0.069963907 | O131: 0.1500168 | P131: 0.10505835 | Q131: 0.1049296 | R131: 0.23239322 | T131: =F131 -> 83.544874 | U131: =T131*(1+N131) -> 89.389999 | V131: =U131*(1+O131) -> 102.8 | W131: =V131*(1+P131) -> 113.6 | X131: =W131*(1+Q131) -> 125.52 | Y131: =X131*(1+($R131/2)) -> 140.105 | Z131: =Y131*(1+($R131/2)) -> 156.38473 | AA131: =(U131-T131)/10 -> 0.58451258 | AB131: =(V131-U131)/10 -> 1.3410002 | AC131: =(W131-V131)/10 -> 1.0799998 | AD131: =(X131-W131)/10 -> 1.1920002 | AE131: =(Y131-X131)/10 -> 1.4584999 | AF131: =(Z131-Y131)/10 -> 1.6279726
A132: VAR_FOut | B132: R_Flat | C132: ref_24nov | D132: CZ | F132: 2208.0312 | G132: 2340.51 | H132: 2480.94 | I132: 2729.04 | J132: 3001.94 | K132: 3662.94 | L132: 2083.0511 | M132: 12.498014 | N132: 0.059998594 | O132: 0.059999744 | P132: 0.10000242 | Q132: 0.099998535 | R132: 0.22019094 | T132: =F132 -> 2208.0312 | U132: =T132*(1+N132) -> 2340.51 | V132: =U132*(1+O132) -> 2480.94 | W132: =V132*(1+P132) -> 2729.04 | X132: =W132*(1+Q132) -> 3001.94 | Y132: =X132*(1+($R132/2)) -> 3332.44 | Z132: =Y132*(1+($R132/2)) -> 3699.3265 | AA132: =(U132-T132)/10 -> 13.247877 | AB132: =(V132-U132)/10 -> 14.043 | AC132: =(W132-V132)/10 -> 24.81 | AD132: =(X132-W132)/10 -> 27.29 | AE132: =(Y132-X132)/10 -> 33.05 | AF132: =(Z132-Y132)/10 -> 36.688655
A133: VAR_FOut | B133: R_Flat | C133: ref_24nov | D133: DE | F133: 18507.48 | G133: 19988.08 | H133: 20987.48 | I133: 22666.48 | J133: 24479.8 | K133: 28709.03 | L133: 17136.554 | M133: 137.09257 | N133: 0.080000078 | O133: 0.0499998 | P133: 0.080000076 | Q133: 0.080000071 | R133: 0.17276407 | T133: =F133 -> 18507.48 | U133: =T133*(1+N133) -> 19988.08 | V133: =U133*(1+O133) -> 20987.48 | W133: =V133*(1+P133) -> 22666.48 | X133: =W133*(1+Q133) -> 24479.8 | Y133: =X133*(1+($R133/2)) -> 26594.415 | Z133: =Y133*(1+($R133/2)) -> 28891.695 | AA133: =(U133-T133)/10 -> 148.05998 | AB133: =(V133-U133)/10 -> 99.939999 | AC133: =(W133-V133)/10 -> 167.9 | AD133: =(X133-W133)/10 -> 181.332 | AE133: =(Y133-X133)/10 -> 211.4615 | AF133: =(Z133-Y133)/10 -> 229.72797
A134: VAR_FOut | B134: R_Flat | C134: ref_24nov | D134: DK | F134: 1066.68 | G134: 1216.01 | H134: 1337.61 | I134: 1478.06 | J134: 1633.26 | K134: 2012.71 | L134: 935.68822 | M134: 13.099178 | N134: 0.13999512 | O134: 0.099999179 | P134: 0.10500071 | Q134: 0.1050025 | R134: 0.23232676 | T134: =F134 -> 1066.68 | U134: =T134*(1+N134) -> 1216.01 | V134: =U134*(1+O134) -> 1337.61 | W134: =V134*(1+P134) -> 1478.06 | X134: =W134*(1+Q134) -> 1633.26 | Y134: =X134*(1+($R134/2)) -> 1822.985 | Z134: =Y134*(1+($R134/2)) -> 2034.7491 | AA134: =(U134-T134)/10 -> 14.932999 | AB134: =(V134-U134)/10 -> 12.16 | AC134: =(W134-V134)/10 -> 14.045 | AD134: =(X134-W134)/10 -> 15.52 | AE134: =(Y134-X134)/10 -> 18.9725 | AF134: =(Z134-Y134)/10 -> 21.176409 | AI134: 0.18444868 | AJ134: 0.20816543 | AK134: 0.14970809 | AL134: 0.20816281 | AM134: 0.23233148 | AN134: 0.22018992 | AO134: 0.17276404 | AP134: 0.23232667 | AQ134: 0.23230636 | AR134: 0.11594903 | AS134: 0.17276711 | AT134: 0.18445292 | AU134: 0.1611843 | AV134: 0.23233352 | AW134: 0.25695173 | AX134: 0.33365463 | AY134: 0.20817994 | AZ134: 0.13834695 | BA134: 0.16118175 | BB134: 0.28201026 | BC134: 0.1497274 | BD134: 0.41502435 | BE134: 0.22018985 | BF134: 0.24458371 | BG134: 0.20816648 | BH134: 0.13835316 | BI134: 0.20816508 | BJ134: 0.28203826 | BK134: 0.24460272 | BL134: 0.24458214 | BM134: 0.19625278
A135: VAR_FOut | B135: R_Flat | C135: ref_24nov | D135: EE | F135: 488.15 | G135: 649.23 | H135: 707.67 | I135: 781.96999 | J135: 864.08 | K135: 1064.83 | L135: 367.03545 | M135: 12.111455 | N135: 0.32998053 | O135: 0.090014327 | P135: 0.10499244 | Q135: 0.10500403 | R135: 0.23232802 | T135: =F135 -> 488.15 | U135: =T135*(1+N135) -> 649.23 | V135: =U135*(1+O135) -> 707.67 | W135: =V135*(1+P135) -> 781.96999 | X135: =W135*(1+Q135) -> 864.08 | Y135: =X135*(1+($R135/2)) -> 964.45499 | Z135: =Y135*(1+($R135/2)) -> 1076.49 | AA135: =(U135-T135)/10 -> 16.108 | AB135: =(V135-U135)/10 -> 5.8440001 | AC135: =(W135-V135)/10 -> 7.4299998 | AD135: =(X135-W135)/10 -> 8.2110002 | AE135: =(Y135-X135)/10 -> 10.0375 | AF135: =(Z135-Y135)/10 -> 11.203496
A136: VAR_FOut | B136: R_Flat | C136: ref_24nov | D136: EL | F136: 1679.08 | G136: =(H136+F136)/2 -> 1888.96 | H136: 2098.84 | I136: 2214.28 | J136: 2336.07 | K136: 2606.91 | L136: 1679.08 | M136: -1.31733e-06 | N136: 0.04 | O136: 0.24999405 | P136: 0.05500181 | Q136: 0.055002079 | R136: 0.11593831 | T136: =F136 -> 1679.08 | U136: =T136*(1+N136) -> 1746.2432 | V136: =T136*(1+O136) -> 2098.84 | W136: =V136*(1+P136) -> 2214.28 | X136: =W136*(1+Q136) -> 2336.07 | Y136: =X136*(1+($R136/2)) -> 2471.49 | Z136: =Y136*(1+($R136/2)) -> 2614.7602 | AA136: =(U136-T136)/10 -> 6.71632 | AB136: =(V136-U136)/10 -> 35.25968 | AC136: =(W136-V136)/10 -> 11.544 | AD136: =(X136-W136)/10 -> 12.179 | AE136: =(Y136-X136)/10 -> 13.542 | AF136: =(Z136-Y136)/10 -> 14.327018
A137: VAR_FOut | B137: R_Flat | C137: ref_24nov | D137: ES | F137: 7433.11 | G137: =(H137+F137)/2 -> 7916.26 | H137: 8399.4099 | I137: 9071.3699 | J137: 9797.0799 | K137: 11489.66 | L137: 7433.1101 | M137: -5.896122e-06 | N137: 0.04 | O137: 0.12999942 | P137: 0.080000857 | Q137: 0.080000044 | R137: 0.17276372 | T137: =F137 -> 7433.11 | U137: =T137*(1+N137) -> 7730.4344 | V137: =T137*(1+O137) -> 8399.41 | W137: =V137*(1+P137) -> 9071.37 | X137: =W137*(1+Q137) -> 9797.08 | Y137: =X137*(1+($R137/2)) -> 10643.37 | Z137: =Y137*(1+($R137/2)) -> 11562.764 | AA137: =(U137-T137)/10 -> 29.73244 | AB137: =(V137-U137)/10 -> 66.89756 | AC137: =(W137-V137)/10 -> 67.196 | AD137: =(X137-W137)/10 -> 72.571 | AE137: =(Y137-X137)/10 -> 84.629 | AF137: =(Z137-Y137)/10 -> 91.93941
A138: VAR_FOut | B138: R_Flat | C138: ref_24nov | D138: FI | F138: 1108.1723 | G138: 1163.58 | H138: 1233.4 | I138: 1338.23 | J138: 1451.98 | K138: 1719.81 | L138: 1055.4031 | M138: 5.2769258 | N138: 0.049999152 | O138: 0.06000447 | P138: 0.084992702 | Q138: 0.085000338 | R138: 0.18445846 | T138: =F138 -> 1108.1723 | U138: =T138*(1+N138) -> 1163.58 | V138: =U138*(1+O138) -> 1233.4 | W138: =V138*(1+P138) -> 1338.23 | X138: =W138*(1+Q138) -> 1451.98 | Y138: =X138*(1+($R138/2)) -> 1585.895 | Z138: =Y138*(1+($R138/2)) -> 1732.1609 | AA138: =(U138-T138)/10 -> 5.5407676 | AB138: =(V138-U138)/10 -> 6.9820001 | AC138: =(W138-V138)/10 -> 10.483 | AD138: =(X138-W138)/10 -> 11.375 | AE138: =(Y138-X138)/10 -> 13.3915 | AF138: =(Z138-Y138)/10 -> 14.626588
A139: VAR_FOut | B139: R_Flat | C139: ref_24nov | D139: FR | F139: 9195.3527 | G139: 9563.1699 | H139: 10423.85 | I139: 11205.64 | J139: 12046.06 | K139: 13987.7 | L139: 8841.6824 | M139: 35.367029 | N139: 0.040000339 | O139: 0.089999446 | P139: 0.07500012 | Q139: 0.074999733 | R139: 0.16118465 | T139: =F139 -> 9195.3527 | U139: =T139*(1+N139) -> 9563.1699 | V139: =U139*(1+O139) -> 10423.85 | W139: =V139*(1+P139) -> 11205.64 | X139: =W139*(1+Q139) -> 12046.06 | Y139: =X139*(1+($R139/2)) -> 13016.88 | Z139: =Y139*(1+($R139/2)) -> 14065.941 | AA139: =(U139-T139)/10 -> 36.781723 | AB139: =(V139-U139)/10 -> 86.067999 | AC139: =(W139-V139)/10 -> 78.178999 | AD139: =(X139-W139)/10 -> 84.042 | AE139: =(Y139-X139)/10 -> 97.081999 | AF139: =(Z139-Y139)/10 -> 104.90606
A140: VAR_FOut | B140: R_Flat | C140: ref_24nov | D140: HR | F140: 505.02473 | G140: 535.33 | H140: 663.8 | I140: 733.49999 | J140: 810.52 | K140: 998.82999 | L140: 476.43505 | M140: 2.8589674 | N140: 0.060007496 | O140: 0.23998282 | P140: 0.1050015 | Q140: 0.10500341 | R140: 0.23233233 | T140: =F140 -> 505.02473 | U140: =T140*(1+N140) -> 535.33 | V140: =U140*(1+O140) -> 663.8 | W140: =V140*(1+P140) -> 733.49999 | X140: =W140*(1+Q140) -> 810.52 | Y140: =X140*(1+($R140/2)) -> 904.67499 | Z140: =Y140*(1+($R140/2)) -> 1009.7676 | AA140: =(U140-T140)/10 -> 3.0305269 | AB140: =(V140-U140)/10 -> 12.847 | AC140: =(W140-V140)/10 -> 6.9699998 | AD140: =(X140-W140)/10 -> 7.7020002 | AE140: =(Y140-X140)/10 -> 9.4154998 | AF140: =(Z140-Y140)/10 -> 10.509262
A141: VAR_FOut | B141: R_Flat | C141: ref_24nov | D141: HU | F141: 1314.8023 | G141: 1643.5 | H141: 1955.77 | I141: 2180.68 | J141: 2431.46 | K141: 3056.22 | L141: 1051.8437 | M141: 26.295861 | N141: 0.2499978 | O141: 0.19000304 | P141: 0.11499818 | Q141: 0.11500083 | R141: 0.2569485 | T141: =F141 -> 1314.8023 | U141: =T141*(1+N141) -> 1643.5 | V141: =U141*(1+O141) -> 1955.77 | W141: =V141*(1+P141) -> 2180.68 | X141: =W141*(1+Q141) -> 2431.46 | Y141: =X141*(1+($R141/2)) -> 2743.84 | Z141: =Y141*(1+($R141/2)) -> 3096.3528 | AA141: =(U141-T141)/10 -> 32.869768 | AB141: =(V141-U141)/10 -> 31.227 | AC141: =(W141-V141)/10 -> 22.491 | AD141: =(X141-W141)/10 -> 25.078 | AE141: =(Y141-X141)/10 -> 31.238 | AF141: =(Z141-Y141)/10 -> 35.251278
A142: VAR_FOut | B142: R_Flat | C142: ref_24nov | D142: IE | F142: 148.12 | G142: 176.26 | H142: 229.14 | I142: 262.36 | J142: 300.41 | K142: 400.64 | L142: 124.47257 | M142: 2.3647434 | N142: 0.18998109 | O142: 0.30001136 | P142: 0.14497686 | Q142: 0.14502974 | R142: 0.33364401 | T142: =F142 -> 148.12 | U142: =T142*(1+N142) -> 176.26 | V142: =U142*(1+O142) -> 229.14 | W142: =V142*(1+P142) -> 262.36 | X142: =W142*(1+Q142) -> 300.41 | Y142: =X142*(1+($R142/2)) -> 350.525 | Z142: =Y142*(1+($R142/2)) -> 409.00028 | AA142: =(U142-T142)/10 -> 2.8139999 | AB142: =(V142-U142)/10 -> 5.2880001 | AC142: =(W142-V142)/10 -> 3.3219998 | AD142: =(X142-W142)/10 -> 3.8050002 | AE142: =(Y142-X142)/10 -> 5.0114999 | AF142: =(Z142-Y142)/10 -> 5.8475283
A143: VAR_FOut | B143: R_Flat | C143: ref_24nov | D143: IS | F143: 67.162135 | G143: 81.27 | H143: 94.270001 | I143: 103.22 | J143: 113.03 | K143: 136.56 | L143: 55.50329 | M143: 1.1658845 | N143: 0.21005683 | O143: 0.15996065 | P143: 0.094940047 | Q143: 0.095039745 | R143: 0.2081748 | T143: =F143 -> 67.162135 | U143: =T143*(1+N143) -> 81.27 | V143: =U143*(1+O143) -> 94.270001 | W143: =V143*(1+P143) -> 103.22 | X143: =W143*(1+Q143) -> 113.03 | Y143: =X143*(1+($R143/2)) -> 124.795 | Z143: =Y143*(1+($R143/2)) -> 137.78459 | AA143: =(U143-T143)/10 -> 1.4107865 | AB143: =(V143-U143)/10 -> 1.3000002 | AC143: =(W143-V143)/10 -> 0.89499983 | AD143: =(X143-W143)/10 -> 0.98100025 | AE143: =(Y143-X143)/10 -> 1.1764999 | AF143: =(Z143-Y143)/10 -> 1.2989587
A144: VAR_FOut | B144: R_Flat | C144: ref_24nov | D144: IT | F144: 17047.884 | G144: =(H144+F144)/2 -> 18667.432 | H144: 20286.98 | I144: 21605.64 | J144: 23010 | K144: 26193.42 | L144: 17047.888 | M144: -0.00042903001 | N144: 0.04 | O144: 0.19000016 | P144: 0.06500031 | Q144: 0.064999695 | R144: 0.13834941 | T144: =F144 -> 17047.884 | U144: =T144*(1+N144) -> 17729.8 | V144: =U144*(1+O144) -> 21098.464 | W144: =V144*(1+P144) -> 22469.871 | X144: =W144*(1+Q144) -> 23930.406 | Y144: =X144*(1+($R144/2)) -> 25585.785 | Z144: =Y144*(1+($R144/2)) -> 27355.674 | AA144: =(U144-T144)/10 -> 68.191537 | AB144: =(V144-U144)/10 -> 336.86648 | AC144: =(W144-V144)/10 -> 137.14067 | AD144: =(X144-W144)/10 -> 146.05348 | AE144: =(Y144-X144)/10 -> 165.53788 | AF144: =(Z144-Y144)/10 -> 176.98891
A145: VAR_FOut | B145: R_Flat | C145: ref_24nov | D145: LT | F145: 725.54347 | G145: 935.94999 | H145: 1095.06 | I145: 1177.19 | J145: 1265.48 | K145: 1469.46 | L145: 562.43744 | M145: 16.310602 | N145: 0.28999851 | O145: 0.1699984 | P145: 0.075000455 | Q145: 0.075000639 | R145: 0.16118785 | T145: =F145 -> 725.54347 | U145: =T145*(1+N145) -> 935.94999 | V145: =U145*(1+O145) -> 1095.06 | W145: =V145*(1+P145) -> 1177.19 | X145: =W145*(1+Q145) -> 1265.48 | Y145: =X145*(1+($R145/2)) -> 1367.47 | Z145: =Y145*(1+($R145/2)) -> 1477.6798 | AA145: =(U145-T145)/10 -> 21.040653 | AB145: =(V145-U145)/10 -> 15.911 | AC145: =(W145-V145)/10 -> 8.2129998 | AD145: =(X145-W145)/10 -> 8.8290002 | AE145: =(Y145-X145)/10 -> 10.199 | AF145: =(Z145-Y145)/10 -> 11.020977
A146: VAR_FOut | B146: R_Flat | C146: ref_24nov | D146: LU | F146: 68 | G146: 78.88 | H146: 89.920001 | I146: 101.16 | J146: 113.81 | K146: 145.91 | L146: 58.620689 | M146: 0.93793103 | N146: 0.16 | O146: 0.13995946 | P146: 0.12499998 | Q146: 0.12504945 | R146: 0.282049 | T146: =F146 -> 68 | U146: =T146*(1+N146) -> 78.88 | V146: =U146*(1+O146) -> 89.920001 | W146: =V146*(1+P146) -> 101.16 | X146: =W146*(1+Q146) -> 113.81 | Y146: =X146*(1+($R146/2)) -> 129.86 | Z146: =Y146*(1+($R146/2)) -> 148.17344 | AA146: =(U146-T146)/10 -> 1.088 | AB146: =(V146-U146)/10 -> 1.1040002 | AC146: =(W146-V146)/10 -> 1.1239998 | AD146: =(X146-W146)/10 -> 1.2650002 | AE146: =(Y146-X146)/10 -> 1.6049999 | AF146: =(Z146-Y146)/10 -> 1.8313442
A147: VAR_FOut | B147: R_Flat | C147: ref_24nov | D147: LV | F147: 576.16017 | G147: 737.48999 | H147: 811.23 | I147: 868.01999 | J147: 928.78 | K147: 1067.83 | L147: 450.1221 | M147: 12.603807 | N147: 0.28000863 | O147: 0.099987799 | P147: 0.070004806 | Q147: 0.06999839 | R147: 0.14971252 | T147: =F147 -> 576.16017 | U147: =T147*(1+N147) -> 737.48999 | V147: =U147*(1+O147) -> 811.23 | W147: =V147*(1+P147) -> 868.01999 | X147: =W147*(1+Q147) -> 928.78 | Y147: =X147*(1+($R147/2)) -> 998.30499 | Z147: =Y147*(1+($R147/2)) -> 1073.0344 | AA147: =(U147-T147)/10 -> 16.132982 | AB147: =(V147-U147)/10 -> 7.3740001 | AC147: =(W147-V147)/10 -> 5.6789998 | AD147: =(X147-W147)/10 -> 6.0760002 | AE147: =(Y147-X147)/10 -> 6.9524998 | AF147: =(Z147-Y147)/10 -> 7.472938
A148: VAR_FOut | B148: R_Flat | C148: ref_24nov | D148: Mt | F148: 16.34 | G148: 21.73 | H148: 26.940002 | I148: 31.66 | J148: 37.190003 | K148: 52.62 | L148: 12.286958 | M148: 0.40530419 | N148: 0.32986536 | O148: 0.23976078 | P148: 0.17520408 | Q148: 0.17466843 | R148: 0.41489638 | T148: =F148 -> 16.34 | U148: =T148*(1+N148) -> 21.73 | V148: =U148*(1+O148) -> 26.940002 | W148: =V148*(1+P148) -> 31.66 | X148: =W148*(1+Q148) -> 37.190003 | Y148: =X148*(1+($R148/2)) -> 44.905002 | Z148: =Y148*(1+($R148/2)) -> 54.220463 | AA148: =(U148-T148)/10 -> 0.539 | AB148: =(V148-U148)/10 -> 0.52100018 | AC148: =(W148-V148)/10 -> 0.47199983 | AD148: =(X148-W148)/10 -> 0.55300026 | AE148: =(Y148-X148)/10 -> 0.77149988 | AF148: =(Z148-Y148)/10 -> 0.93154613
A149: VAR_FOut | B149: R_Flat | C149: ref_24nov | D149: NL | F149: 1728.7006 | G149: 1918.86 | H149: 2168.31 | I149: 2385.14 | J149: 2623.65 | K149: 3201.36 | L149: 1557.386 | M149: 17.131458 | N149: 0.11000136 | O149: 0.12999906 | P149: 0.099999538 | Q149: 0.099998324 | R149: 0.22019324 | T149: =F149 -> 1728.7006 | U149: =T149*(1+N149) -> 1918.86 | V149: =U149*(1+O149) -> 2168.31 | W149: =V149*(1+P149) -> 2385.14 | X149: =W149*(1+Q149) -> 2623.65 | Y149: =X149*(1+($R149/2)) -> 2912.505 | Z149: =Y149*(1+($R149/2)) -> 3233.1619 | AA149: =(U149-T149)/10 -> 19.015942 | AB149: =(V149-U149)/10 -> 24.945 | AC149: =(W149-V149)/10 -> 21.683 | AD149: =(X149-W149)/10 -> 23.851 | AE149: =(Y149-X149)/10 -> 28.8855 | AF149: =(Z149-Y149)/10 -> 32.065696
A150: VAR_FOut | B150: R_Flat | C150: ref_24nov | D150: NO | F150: 1151.6628 | G150: 1278.35 | H150: 1457.31 | I150: 1617.62 | J150: 1795.56 | K150: 2234.72 | L150: 1037.5306 | M150: 11.413221 | N150: 0.11000371 | O150: 0.13999296 | P150: 0.11000405 | Q150: 0.11000111 | R150: 0.24458108 | T150: =F150 -> 1151.6628 | U150: =T150*(1+N150) -> 1278.35 | V150: =U150*(1+O150) -> 1457.31 | W150: =V150*(1+P150) -> 1617.62 | X150: =W150*(1+Q150) -> 1795.56 | Y150: =X150*(1+($R150/2)) -> 2015.14 | Z150: =Y150*(1+($R150/2)) -> 2261.5725 | AA150: =(U150-T150)/10 -> 12.668718 | AB150: =(V150-U150)/10 -> 17.896 | AC150: =(W150-V150)/10 -> 16.031 | AD150: =(X150-W150)/10 -> 17.794 | AE150: =(Y150-X150)/10 -> 21.958 | AF150: =(Z150-Y150)/10 -> 24.643255
A151: VAR_FOut | B151: R_Flat | C151: ref_24nov | D151: PL | F151: 6734.1392 | G151: 8080.9699 | H151: 9777.9699 | I151: 10706.88 | J151: 11724.03 | K151: 14164.57 | L151: 5611.7806 | M151: 112.23586 | N151: 0.20000043 | O151: 0.20999954 | P151: 0.095000291 | Q151: 0.094999664 | R151: 0.20816562 | T151: =F151 -> 6734.1392 | U151: =T151*(1+N151) -> 8080.9699 | V151: =U151*(1+O151) -> 9777.9699 | W151: =V151*(1+P151) -> 10706.88 | X151: =W151*(1+Q151) -> 11724.03 | Y151: =X151*(1+($R151/2)) -> 12944.3 | Z151: =Y151*(1+($R151/2)) -> 14291.579 | AA151: =(U151-T151)/10 -> 134.68308 | AB151: =(V151-U151)/10 -> 169.7 | AC151: =(W151-V151)/10 -> 92.890999 | AD151: =(X151-W151)/10 -> 101.715 | AE151: =(Y151-X151)/10 -> 122.027 | AF151: =(Z151-Y151)/10 -> 134.72791
A152: VAR_FOut | B152: R_Flat | C152: ref_24nov | D152: PT | F152: 514.69 | G152: =(H152+F152)/2 -> 548.14 | H152: 581.59 | I152: 619.4 | J152: 659.66 | K152: 750.91999 | L152: 514.69 | M152: -3.909033e-07 | N152: 0.04 | O152: 0.12998116 | P152: 0.065011431 | Q152: 0.064998389 | R152: 0.13834399 | T152: =F152 -> 514.69 | U152: =T152*(1+N152) -> 535.2776 | V152: =T152*(1+O152) -> 581.59 | W152: =V152*(1+P152) -> 619.4 | X152: =W152*(1+Q152) -> 659.66 | Y152: =X152*(1+($R152/2)) -> 705.29 | Z152: =Y152*(1+($R152/2)) -> 754.07632 | AA152: =(U152-T152)/10 -> 2.05876 | AB152: =(V152-U152)/10 -> 4.6312402 | AC152: =(W152-V152)/10 -> 3.7809999 | AD152: =(X152-W152)/10 -> 4.0260002 | AE152: =(Y152-X152)/10 -> 4.5629999 | AF152: =(Z152-Y152)/10 -> 4.8786317
A153: VAR_FOut | B153: R_Flat | C153: ref_24nov | D153: RO | F153: 2050.91 | G153: 2317.53 | H153: 2827.38 | I153: 3095.98 | J153: 3390.1 | K153: 4095.8 | L153: 1814.9633 | M153: 23.594672 | N153: 0.13000082 | O153: 0.21999715 | P153: 0.09499961 | Q153: 0.095000614 | R153: 0.20816495 | T153: =F153 -> 2050.91 | U153: =T153*(1+N153) -> 2317.53 | V153: =U153*(1+O153) -> 2827.38 | W153: =V153*(1+P153) -> 3095.98 | X153: =W153*(1+Q153) -> 3390.1 | Y153: =X153*(1+($R153/2)) -> 3742.95 | Z153: =Y153*(1+($R153/2)) -> 4132.5255 | AA153: =(U153-T153)/10 -> 26.661998 | AB153: =(V153-U153)/10 -> 50.985 | AC153: =(W153-V153)/10 -> 26.86 | AD153: =(X153-W153)/10 -> 29.412 | AE153: =(Y153-X153)/10 -> 35.285 | AF153: =(Z153-Y153)/10 -> 38.95755
A154: VAR_FOut | B154: R_Flat | C154: ref_24nov | D154: SE | F154: 2426.7815 | G154: 2742.26 | H154: 3043.91 | I154: 3424.4 | J154: 3852.45 | K154: 4938.99 | L154: 2147.5967 | M154: 27.918482 | N154: 0.12999872 | O154: 0.11000051 | P154: 0.12500041 | Q154: 0.125 | R154: 0.2820387 | T154: =F154 -> 2426.7815 | U154: =T154*(1+N154) -> 2742.26 | V154: =U154*(1+O154) -> 3043.91 | W154: =V154*(1+P154) -> 3424.4 | X154: =W154*(1+Q154) -> 3852.45 | Y154: =X154*(1+($R154/2)) -> 4395.72 | Z154: =Y154*(1+($R154/2)) -> 5015.6015 | AA154: =(U154-T154)/10 -> 31.547849 | AB154: =(V154-U154)/10 -> 30.165 | AC154: =(W154-V154)/10 -> 38.049 | AD154: =(X154-W154)/10 -> 42.805 | AE154: =(Y154-X154)/10 -> 54.326999 | AF154: =(Z154-Y154)/10 -> 61.988158
A155: VAR_FOut | B155: R_Flat | C155: ref_24nov | D155: SI | F155: 461.42 | G155: 489.1 | H155: 606.49 | I155: 673.2 | J155: 747.26 | K155: 930.01999 | L155: 435.30652 | M155: 2.6113482 | N155: 0.059988722 | O155: 0.24001227 | P155: 0.10999357 | Q155: 0.11001189 | R155: 0.2445735 | T155: =F155 -> 461.42 | U155: =T155*(1+N155) -> 489.1 | V155: =U155*(1+O155) -> 606.49 | W155: =V155*(1+P155) -> 673.2 | X155: =W155*(1+Q155) -> 747.26 | Y155: =X155*(1+($R155/2)) -> 838.64 | Z155: =Y155*(1+($R155/2)) -> 941.19456 | AA155: =(U155-T155)/10 -> 2.7679996 | AB155: =(V155-U155)/10 -> 11.739 | AC155: =(W155-V155)/10 -> 6.6709998 | AD155: =(X155-W155)/10 -> 7.4060002 | AE155: =(Y155-X155)/10 -> 9.1379998 | AF155: =(Z155-Y155)/10 -> 10.255456
A156: VAR_FOut | B156: R_Flat | C156: ref_24nov | D156: SK | F156: 580.36075 | G156: 603.58 | H156: 694.11 | I156: 770.45999 | J156: 855.21 | K156: 1064.38 | L156: 558.03473 | M156: 2.2326017 | N156: 0.040008294 | O156: 0.14998841 | P156: 0.10999697 | Q156: 0.10999922 | R156: 0.2445832 | T156: =F156 -> 580.36075 | U156: =T156*(1+N156) -> 603.58 | V156: =U156*(1+O156) -> 694.11 | W156: =V156*(1+P156) -> 770.45999 | X156: =W156*(1+Q156) -> 855.21 | Y156: =X156*(1+($R156/2)) -> 959.79499 | Z156: =Y156*(1+($R156/2)) -> 1077.1699 | AA156: =(U156-T156)/10 -> 2.3219243 | AB156: =(V156-U156)/10 -> 9.0530001 | AC156: =(W156-V156)/10 -> 7.6349998 | AD156: =(X156-W156)/10 -> 8.4750002 | AE156: =(Y156-X156)/10 -> 10.4585 | AF156: =(Z156-Y156)/10 -> 11.737486
A157: VAR_FOut | B157: R_Flat | C157: ref_24nov | D157: UK | F157: 3928.23 | G157: 4124.64 | H157: 4372.12 | I157: 4765.61 | J157: 5194.51 | K157: 6213.95 | L157: 3741.1728 | M157: 18.705718 | N157: 0.04999961 | O157: 0.060000388 | P157: 0.089999817 | Q157: 0.089998972 | R157: 0.19625335 | T157: =F157 -> 3928.23 | U157: =T157*(1+N157) -> 4124.64 | V157: =U157*(1+O157) -> 4372.12 | W157: =V157*(1+P157) -> 4765.61 | X157: =W157*(1+Q157) -> 5194.51 | Y157: =X157*(1+($R157/2)) -> 5704.23 | Z157: =Y157*(1+($R157/2)) -> 6263.9671 | AA157: =(U157-T157)/10 -> 19.640997 | AB157: =(V157-U157)/10 -> 24.748 | AC157: =(W157-V157)/10 -> 39.349 | AD157: =(X157-W157)/10 -> 42.89 | AE157: =(Y157-X157)/10 -> 50.971999 | AF157: =(Z157-Y157)/10 -> 55.973712
A158: VAR_FOut | B158: R_Flat | C158: ref_scrap_200 | D158: AT | F158: 1468.1931 | G158: 1526.92 | H158: 1664.34 | I158: 1805.81 | J158: 1959.31 | K158: 2320.71 | L158: 1411.725 | M158: 5.646816 | N158: 0.039999405 | O158: 0.089998167 | P158: 0.085000661 | Q158: 0.085003406 | R158: 0.18445269
A159: VAR_FOut | B159: R_Flat | C159: ref_scrap_200 | D159: BE | F159: 905.52301 | G159: 1014.19 | H159: 1135.89 | I159: 1243.8 | J159: 1361.96 | K159: 1645.47 | L159: 808.49933 | M159: 9.7023689 | N159: 0.12000466 | O159: 0.11999724 | P159: 0.095000396 | Q159: 0.094999196 | R159: 0.20816323
A160: VAR_FOut | B160: R_Flat | C160: ref_scrap_200 | D160: BG | F160: 777.22 | G160: 816.08 | H160: 914.01 | I160: 977.99 | J160: 1046.45 | K160: 1203.11 | L160: 740.21043 | M160: 3.7009568 | N160: 0.049998712 | O160: 0.12000049 | P160: 0.069999234 | Q160: 0.070000716 | R160: 0.14970615
A161: VAR_FOut | B161: R_Flat | C161: ref_scrap_200 | D161: CH | F161: 1648.29 | G161: 1846.08 | H161: 2067.61 | I161: 2264.03 | J161: 2479.11 | K161: 2995.18 | L161: 1471.6913 | M161: 17.659867 | N161: 0.11999709 | O161: 0.12000022 | P161: 0.094998573 | Q161: 0.094998741 | R161: 0.20816745
A162: VAR_FOut | B162: R_Flat | C162: ref_scrap_200 | D162: CY | F162: 83.544874 | G162: 89.39 | H162: 102.8 | I162: 113.6 | J162: 125.52 | K162: 154.6894 | L162: 78.081955 | M162: 0.5462919 | N162: 0.069963912 | O162: 0.15001678 | P162: 0.10505836 | Q162: 0.10492958 | R162: 0.23238848
A163: VAR_FOut | B163: R_Flat | C163: ref_scrap_200 | D163: CZ | F163: 2208.0312 | G163: 2340.51 | H163: 2480.94 | I163: 2729.04 | J163: 3001.94 | K163: 3662.94 | L163: 2083.0511 | M163: 12.498015 | N163: 0.0599986 | O163: 0.059999744 | P163: 0.10000242 | Q163: 0.099998534 | R163: 0.22019094
A164: VAR_FOut | B164: R_Flat | C164: ref_scrap_200 | D164: DE | F164: 18507.48 | G164: 19988.08 | H164: 20987.48 | I164: 22666.48 | J164: 24479.8 | K164: 28709.03 | L164: 17136.554 | M164: 137.09258 | N164: 0.080000085 | O164: 0.0499998 | P164: 0.080000076 | Q164: 0.080000071 | R164: 0.17276407
A165: VAR_FOut | B165: R_Flat | C165: ref_scrap_200 | D165: DK | F165: 1066.68 | G165: 1216.01 | H165: 1337.61 | I165: 1478.06 | J165: 1633.26 | K165: 2012.71 | L165: 935.68821 | M165: 13.099179 | N165: 0.13999512 | O165: 0.099999178 | P165: 0.10500071 | Q165: 0.1050025 | R165: 0.23232676
A166: VAR_FOut | B166: R_Flat | C166: ref_scrap_200 | D166: EE | F166: 488.15 | G166: 649.23 | H166: 707.67 | I166: 781.97 | J166: 864.08 | K166: 1064.83 | L166: 367.03545 | M166: 12.111455 | N166: 0.32998054 | O166: 0.090014325 | P166: 0.10499244 | Q166: 0.10500403 | R166: 0.23232802
A167: VAR_FOut | B167: R_Flat | C167: ref_scrap_200 | D167: EL | F167: 1679.08 | G167: 1679.08 | H167: 2098.84 | I167: 2214.28 | J167: 2336.07 | K167: 2606.91 | L167: 1679.08 | M167: -2.8388599e-07 | N167: -1.6907234e-09 | O167: 0.24999404 | P167: 0.05500181 | Q167: 0.055002078 | R167: 0.11593831
A168: VAR_FOut | B168: R_Flat | C168: ref_scrap_200 | D168: ES | F168: 7433.11 | G168: 7433.11 | H168: 8399.41 | I168: 9071.37 | J168: 9797.08 | K168: 11489.66 | L168: 7433.11 | M168: -1.2707859e-06 | N168: -1.7096288e-09 | O168: 0.12999942 | P168: 0.080000857 | Q168: 0.080000044 | R168: 0.17276372
A169: VAR_FOut | B169: R_Flat | C169: ref_scrap_200 | D169: FI | F169: 1108.1723 | G169: 1163.58 | H169: 1233.4 | I169: 1338.23 | J169: 1451.98 | K169: 1719.81 | L169: 1055.4031 | M169: 5.2769264 | N169: 0.049999158 | O169: 0.060004469 | P169: 0.084992703 | Q169: 0.085000337 | R169: 0.18445846
... A250: VAR_FOut | B250: R_Flat | C250: unep | D250: UK | F250: 3928.23 | G250: 4124.64 | H250: 4372.1199 | I250: 4765.6099 | J250: 5194.5099 | K250: 6213.9499 | L250: 3741.1728 | M250: 18.705717 | N250: 0.049999606 | O250: 0.060000388 | P250: 0.089999817 | Q250: 0.089998972 | R250: 0.19625335
A251: VAR_FOut | B251: R_SDetH | C251: ref_24nov | D251: AT | F251: 470.44081 | G251: 489.26 | H251: 533.29 | I251: 578.62 | J251: 627.8 | K251: 743.60999 | L251: 452.34549 | M251: 1.8095316 | N251: 0.040003309 | O251: 0.089993054 | P251: 0.085000654 | Q251: 0.084995337 | R251: 0.18446957 | T251: =F251 -> 470.44081 | U251: =T251*(1+N251) -> 489.26 | V251: =U251*(1+O251) -> 533.29 | W251: =V251*(1+P251) -> 578.62 | X251: =W251*(1+Q251) -> 627.8 | Y251: =X251*(1+($R251/2)) -> 685.705 | Z251: =Y251*(1+($R251/2)) -> 748.95085 | AA251: =(U251-T251)/10 -> 1.8819189 | AB251: =(V251-U251)/10 -> 4.4030001 | AC251: =(W251-V251)/10 -> 4.5329998 | AD251: =(X251-W251)/10 -> 4.9180002 | AE251: =(Y251-X251)/10 -> 5.7904999 | AF251: =(Z251-Y251)/10 -> 6.3245854
A252: VAR_FOut | B252: R_SDetH | C252: ref_24nov | D252: BE | F252: 1585.69 | G252: 1775.97 | H252: 1989.09 | I252: 2178.05 | J252: 2384.96 | K252: 2881.43 | L252: 1415.7969 | M252: 16.989311 | N252: 0.11999823 | O252: 0.12000203 | P252: 0.094998215 | Q252: 0.09499782 | R252: 0.20816701 | T252: =F252 -> 1585.69 | U252: =T252*(1+N252) -> 1775.97 | V252: =U252*(1+O252) -> 1989.09 | W252: =V252*(1+P252) -> 2178.05 | X252: =W252*(1+Q252) -> 2384.96 | Y252: =X252*(1+($R252/2)) -> 2633.195 | Z252: =Y252*(1+($R252/2)) -> 2907.2671 | AA252: =(U252-T252)/10 -> 19.027999 | AB252: =(V252-U252)/10 -> 21.312 | AC252: =(W252-V252)/10 -> 18.896 | AD252: =(X252-W252)/10 -> 20.691 | AE252: =(Y252-X252)/10 -> 24.8235 | AF252: =(Z252-Y252)/10 -> 27.407217
A253: VAR_FOut | B253: R_SDetH | C253: ref_24nov | D253: BG | F253: 335.3328 | G253: 352.1 | H253: 394.35 | I253: 421.96 | J253: 451.49 | K253: 519.09 | L253: 319.36406 | M253: 1.5968735 | N253: 0.050001665 | O253: 0.11999432 | P253: 0.070013944 | Q253: 0.069982942 | R253: 0.14972646 | T253: =F253 -> 335.3328 | U253: =T253*(1+N253) -> 352.1 | V253: =U253*(1+O253) -> 394.35 | W253: =V253*(1+P253) -> 421.96 | X253: =W253*(1+Q253) -> 451.49 | Y253: =X253*(1+($R253/2)) -> 485.29 | Z253: =Y253*(1+($R253/2)) -> 521.62037 | AA253: =(U253-T253)/10 -> 1.6767198 | AB253: =(V253-U253)/10 -> 4.2250001 | AC253: =(W253-V253)/10 -> 2.7609999 | AD253: =(X253-W253)/10 -> 2.9530002 | AE253: =(Y253-X253)/10 -> 3.3799999 | AF253: =(Z253-Y253)/10 -> 3.6330376
A254: VAR_FOut | B254: R_SDetH | C254: ref_24nov | D254: CH | F254: 944.09207 | G254: 1057.38 | H254: 1184.27 | I254: 1296.77 | J254: 1419.97 | K254: 1715.56 | L254: 842.94185 | M254: 10.115023 | N254: 0.11999668 | O254: 0.12000416 | P254: 0.094995228 | Q254: 0.095005284 | R254: 0.20816637 | T254: =F254 -> 944.09207 | U254: =T254*(1+N254) -> 1057.38 | V254: =U254*(1+O254) -> 1184.27 | W254: =V254*(1+P254) -> 1296.77 | X254: =W254*(1+Q254) -> 1419.97 | Y254: =X254*(1+($R254/2)) -> 1567.765 | Z254: =Y254*(1+($R254/2)) -> 1730.943 | AA254: =(U254-T254)/10 -> 11.328792 | AB254: =(V254-U254)/10 -> 12.689 | AC254: =(W254-V254)/10 -> 11.25 | AD254: =(X254-W254)/10 -> 12.32 | AE254: =(Y254-X254)/10 -> 14.7795 | AF254: =(Z254-Y254)/10 -> 16.317797
A255: VAR_FOut | B255: R_SDetH | C255: ref_24nov | D255: CY | F255: 108.10428 | G255: 115.67 | H255: 133.02 | I255: 146.99 | J255: 162.42 | K255: 200.16 | L255: 101.03342 | M255: 0.70708631 | N255: 0.069985391 | O255: 0.14999569 | P255: 0.10502179 | Q255: 0.10497314 | R255: 0.23236053 | T255: =F255 -> 108.10428 | U255: =T255*(1+N255) -> 115.67 | V255: =U255*(1+O255) -> 133.02 | W255: =V255*(1+P255) -> 146.99 | X255: =W255*(1+Q255) -> 162.42 | Y255: =X255*(1+($R255/2)) -> 181.29 | Z255: =Y255*(1+($R255/2)) -> 202.35232 | AA255: =(U255-T255)/10 -> 0.75657203 | AB255: =(V255-U255)/10 -> 1.7350001 | AC255: =(W255-V255)/10 -> 1.3969999 | AD255: =(X255-W255)/10 -> 1.5430002 | AE255: =(Y255-X255)/10 -> 1.8869999 | AF255: =(Z255-Y255)/10 -> 2.106232
A256: VAR_FOut | B256: R_SDetH | C256: ref_24nov | D256: CZ | F256: 608.78058 | G256: 645.31 | H256: 684.03 | I256: 752.42999 | J256: 827.67 | K256: 1009.92 | L256: 574.31901 | M256: 3.4461573 | N256: 0.060004236 | O256: 0.060002172 | P256: 0.099995612 | Q256: 0.099996016 | R256: 0.22019645 | T256: =F256 -> 608.78058 | U256: =T256*(1+N256) -> 645.31 | V256: =U256*(1+O256) -> 684.03 | W256: =V256*(1+P256) -> 752.42999 | X256: =W256*(1+Q256) -> 827.67 | Y256: =X256*(1+($R256/2)) -> 918.79499 | Z256: =Y256*(1+($R256/2)) -> 1019.9527 | AA256: =(U256-T256)/10 -> 3.6529413 | AB256: =(V256-U256)/10 -> 3.8720001 | AC256: =(W256-V256)/10 -> 6.8399998 | AD256: =(X256-W256)/10 -> 7.5240001 | AE256: =(Y256-X256)/10 -> 9.1124998 | AF256: =(Z256-Y256)/10 -> 10.11577
A257: VAR_FOut | B257: R_SDetH | C257: ref_24nov | D257: DE | F257: 8085.1739 | G257: 8731.9899 | H257: 9168.5899 | I257: 9902.0699 | J257: 10694.24 | K257: 12541.82 | L257: 7486.2703 | M257: 59.890361 | N257: 0.080000265 | O257: 0.050000057 | P257: 0.079999214 | Q257: 0.080000445 | R257: 0.17276403 | T257: =F257 -> 8085.1739 | U257: =T257*(1+N257) -> 8731.9899 | V257: =U257*(1+O257) -> 9168.5899 | W257: =V257*(1+P257) -> 9902.0699 | X257: =W257*(1+Q257) -> 10694.24 | Y257: =X257*(1+($R257/2)) -> 11618.03 | Z257: =Y257*(1+($R257/2)) -> 12621.619 | AA257: =(U257-T257)/10 -> 64.681605 | AB257: =(V257-U257)/10 -> 43.66 | AC257: =(W257-V257)/10 -> 73.347999 | AD257: =(X257-W257)/10 -> 79.217 | AE257: =(Y257-X257)/10 -> 92.378999 | AF257: =(Z257-Y257)/10 -> 100.35888
A258: VAR_FOut | B258: R_SDetH | C258: ref_24nov | D258: DK | F258: 531.01 | G258: 605.35 | H258: 665.88 | I258: 735.79999 | J258: 813.06 | K258: 1001.95 | L258: 465.79933 | M258: 6.5210674 | N258: 0.13999735 | O258: 0.099991743 | P258: 0.1050039 | Q258: 0.10500136 | R258: 0.23231988 | T258: =F258 -> 531.01 | U258: =T258*(1+N258) -> 605.35 | V258: =U258*(1+O258) -> 665.88 | W258: =V258*(1+P258) -> 735.79999 | X258: =W258*(1+Q258) -> 813.06 | Y258: =X258*(1+($R258/2)) -> 907.50499 | Z258: =Y258*(1+($R258/2)) -> 1012.9207 | AA258: =(U258-T258)/10 -> 7.4339995 | AB258: =(V258-U258)/10 -> 6.0530001 | AC258: =(W258-V258)/10 -> 6.9919998 | AD258: =(X258-W258)/10 -> 7.7260001 | AE258: =(Y258-X258)/10 -> 9.4444998 | AF258: =(Z258-Y258)/10 -> 10.541572
A259: VAR_FOut | B259: R_SDetH | C259: ref_24nov | D259: EE | F259: 51.81 | G259: 68.9 | H259: 75.100001 | I259: 82.99 | J259: 91.700002 | K259: 113.01 | L259: 38.959015 | M259: 1.2850985 | N259: 0.32985909 | O259: 0.089985507 | P259: 0.1050599 | Q259: 0.10495243 | R259: 0.2323882 | T259: =F259 -> 51.81 | U259: =T259*(1+N259) -> 68.9 | V259: =U259*(1+O259) -> 75.100001 | W259: =V259*(1+P259) -> 82.99 | X259: =W259*(1+Q259) -> 91.700002 | Y259: =X259*(1+($R259/2)) -> 102.355 | Z259: =Y259*(1+($R259/2)) -> 114.24805 | AA259: =(U259-T259)/10 -> 1.709 | AB259: =(V259-U259)/10 -> 0.62000014 | AC259: =(W259-V259)/10 -> 0.78899987 | AD259: =(X259-W259)/10 -> 0.8710002 | AE259: =(Y259-X259)/10 -> 1.0654999 | AF259: =(Z259-Y259)/10 -> 1.1893047
A260: VAR_FOut | B260: R_SDetH | C260: ref_24nov | D260: EL | F260: 412.09 | G260: 412.09 | H260: 515.11 | I260: 543.44 | J260: 573.33 | K260: 639.8 | L260: 412.09 | M260: -3.114946e-07 | N260: 0.04 | O260: 0.24999394 | P260: 0.054997959 | Q260: 0.055001476 | R260: 0.11593672 | T260: =F260 -> 412.09 | U260: =T260*(1+N260) -> 428.5736 | V260: =U260*(1+O260) -> 535.7144 | W260: =V260*(1+P260) -> 565.1776 | X260: =W260*(1+Q260) -> 596.2632 | Y260: =X260*(1+($R260/2)) -> 630.8276 | Z260: =Y260*(1+($R260/2)) -> 667.39564 | AA260: =(U260-T260)/10 -> 1.64836 | AB260: =(V260-U260)/10 -> 10.71408 | AC260: =(W260-V260)/10 -> 2.9463199 | AD260: =(X260-W260)/10 -> 3.1085602 | AE260: =(Y260-X260)/10 -> 3.4564399 | AF260: =(Z260-Y260)/10 -> 3.6568041
A261: VAR_FOut | B261: R_SDetH | C261: ref_24nov | D261: ES | F261: 2157.021 | G261: 2157.02 | H261: 2437.43 | I261: 2632.43 | J261: 2843.02 | K261: 3334.19 | L261: 2157.0221 | M261: -0.00010571373 | N261: 0.04 | O261: 0.1299988 | P261: 0.080002297 | Q261: 0.079998329 | R261: 0.17276347 | T261: =F261 -> 2157.021 | U261: =T261*(1+N261) -> 2243.3019 | V261: =U261*(1+O261) -> 2534.9284 | W261: =V261*(1+P261) -> 2737.7285 | X261: =W261*(1+Q261) -> 2956.7422 | Y261: =X261*(1+($R261/2)) -> 3212.1508 | Z261: =Y261*(1+($R261/2)) -> 3489.6219 | AA261: =(U261-T261)/10 -> 8.6280842 | AB261: =(V261-U261)/10 -> 29.162654 | AC261: =(W261-V261)/10 -> 20.28001 | AD261: =(X261-W261)/10 -> 21.901371 | AE261: =(Y261-X261)/10 -> 25.540852 | AF261: =(Z261-Y261)/10 -> 27.747115
A262: VAR_FOut | B262: R_SDetH | C262: ref_24nov | D262: FI | F262: 598.71 | G262: 628.64 | H262: 666.36 | I262: 722.99999 | J262: 784.46 | K262: 929.14999 | L262: 570.20499 | M262: 2.8505007 | N262: 0.049990805 | O262: 0.060002547 | P262: 0.084999098 | Q262: 0.085006918 | R262: 0.18444535 | T262: =F262 -> 598.71 | U262: =T262*(1+N262) -> 628.64 | V262: =U262*(1+O262) -> 666.36 | W262: =V262*(1+P262) -> 722.99999 | X262: =W262*(1+Q262) -> 784.46 | Y262: =X262*(1+($R262/2)) -> 856.80499 | Z262: =Y262*(1+($R262/2)) -> 935.82184 | AA262: =(U262-T262)/10 -> 2.9929995 | AB262: =(V262-U262)/10 -> 3.7720001 | AC262: =(W262-V262)/10 -> 5.6639998 | AD262: =(X262-W262)/10 -> 6.1460001 | AE262: =(Y262-X262)/10 -> 7.2344999 | AF262: =(Z262-Y262)/10 -> 7.9016848
... A281: VAR_FOut | B281: R_SDetH | C281: ref_24nov | D281: UK | F281: 13230.789 | G281: 13892.33 | H281: 14725.87 | I281: 16051.2 | J281: 17495.8 | K281: 20929.42 | L281: 12600.75 | M281: 63.00387 | N281: 0.050000094 | O281: 0.060000015 | P281: 0.090000115 | Q281: 0.089999502 | R281: 0.19625396 | T281: =F281 -> 13230.789 | U281: =T281*(1+N281) -> 13892.33 | V281: =U281*(1+O281) -> 14725.87 | W281: =V281*(1+P281) -> 16051.2 | X281: =W281*(1+Q281) -> 17495.8 | Y281: =X281*(1+($R281/2)) -> 19212.61 | Z281: =Y281*(1+($R281/2)) -> 21097.885 | AA281: =(U281-T281)/10 -> 66.15407 | AB281: =(V281-U281)/10 -> 83.354 | AC281: =(W281-V281)/10 -> 132.533 | AD281: =(X281-W281)/10 -> 144.46 | AE281: =(Y281-X281)/10 -> 171.681 | AF281: =(Z281-Y281)/10 -> 188.52754
A282: VAR_FOut | B282: R_SDetH | C282: ref_scrap_200 | D282: AT | F282: 470.44081 | G282: 489.26 | H282: 533.29 | I282: 578.62 | J282: 627.8 | K282: 743.61 | L282: 452.34549 | M282: 1.8095319 | N282: 0.040003315 | O282: 0.089993051 | P282: 0.085000656 | Q282: 0.084995334 | R282: 0.18446958
A283: VAR_FOut | B283: R_SDetH | C283: ref_scrap_200 | D283: BE | F283: 1585.69 | G283: 1775.97 | H283: 1989.09 | I283: 2178.05 | J283: 2384.96 | K283: 2881.43 | L283: 1415.7969 | M283: 16.989312 | N283: 0.11999823 | O283: 0.12000203 | P283: 0.094998215 | Q283: 0.094997819 | R283: 0.20816701
A284: VAR_FOut | B284: R_SDetH | C284: ref_scrap_200 | D284: BG | F284: 335.3328 | G284: 352.1 | H284: 394.35 | I284: 421.96 | J284: 451.49 | K284: 519.09 | L284: 319.36406 | M284: 1.5968737 | N284: 0.050001671 | O284: 0.11999432 | P284: 0.070013946 | Q284: 0.069982938 | R284: 0.14972646
A285: VAR_FOut | B285: R_SDetH | C285: ref_scrap_200 | D285: CH | F285: 944.09207 | G285: 1057.38 | H285: 1184.27 | I285: 1296.77 | J285: 1419.97 | K285: 1715.56 | L285: 842.94184 | M285: 10.115023 | N285: 0.11999669 | O285: 0.12000416 | P285: 0.094995229 | Q285: 0.095005283 | R285: 0.20816637
A286: VAR_FOut | B286: R_SDetH | C286: ref_scrap_200 | D286: CY | F286: 108.10428 | G286: 115.67 | H286: 133.02 | I286: 146.99 | J286: 162.42 | K286: 200.16 | L286: 101.03342 | M286: 0.70708637 | N286: 0.069985397 | O286: 0.14999568 | P286: 0.1050218 | Q286: 0.10497313 | R286: 0.23236054
A287: VAR_FOut | B287: R_SDetH | C287: ref_scrap_200 | D287: CZ | F287: 608.78058 | G287: 645.31 | H287: 684.03 | I287: 752.43 | J287: 827.67 | K287: 1009.92 | L287: 574.319 | M287: 3.4461577 | N287: 0.060004242 | O287: 0.06000217 | P287: 0.099995614 | Q287: 0.099996014 | R287: 0.22019645
A288: VAR_FOut | B288: R_SDetH | C288: ref_scrap_200 | D288: DE | F288: 8085.1739 | G288: 8731.99 | H288: 9168.59 | I288: 9902.07 | J288: 10694.24 | K288: 12541.82 | L288: 7486.2702 | M288: 59.890365 | N288: 0.080000272 | O288: 0.050000057 | P288: 0.079999215 | Q288: 0.080000444 | R288: 0.17276403
A289: VAR_FOut | B289: R_SDetH | C289: ref_scrap_200 | D289: DK | F289: 531.01 | G289: 605.35 | H289: 665.88 | I289: 735.8 | J289: 813.06 | K289: 1001.95 | L289: 465.79932 | M289: 6.5210676 | N289: 0.13999736 | O289: 0.099991741 | P289: 0.1050039 | Q289: 0.10500136 | R289: 0.23231988
A290: VAR_FOut | B290: R_SDetH | C290: ref_scrap_200 | D290: EE | F290: 51.81 | G290: 68.9 | H290: 75.1 | I290: 82.99 | J290: 91.7 | K290: 113.01 | L290: 38.959015 | M290: 1.2850985 | N290: 0.3298591 | O290: 0.089985491 | P290: 0.10505992 | Q290: 0.10495241 | R290: 0.23238822
...

Sheet average_size
A1: Average size of dwelling by type
A2: Source: ENTRANZE | G2: Assumption | H2: 1.25
A3: Country | C3: Source | D3: Unit | E3: Multi-family | F3: Single-family | G3: SF Detached | H3: SF Semi-detached | M3: Code | N3: Country | O3: Code | T3: AL | U3: AT | V3: BA | W3: BE | X3: BG | Y3: CH | Z3: CY | AA3: CZ | AB3: DE | AC3: DK | AD3: EE | AE3: EL | AF3: ES | AG3: FI | AH3: FR | AI3: HR | AJ3: HU | AK3: IE | AL3: IS | AM3: IT | AN3: KS | AO3: LT | AP3: LU | AQ3: LV | AR3: ME | AS3: MK | AT3: MT | AU3: NL | AV3: NO | AW3: PL | AX3: PT | AY3: RO | AZ3: RS | BA3: SE | BB3: SI | BC3: SK | BD3: UK
A4: Albania | B4: =VLOOKUP(A4,N:O,2,0) -> AL | D4: m2 | E4: 73 | F4: 91.5 | G4: 114 | H4: 79 | M4: AL | N4: Albania | O4: AL | S4: Source | U4: MonMech2013 | W4: ODYSSEE,BPIE | X4: ODYSSEE,BPIE | AA4: TABULA | AB4: IWU | AC4: ODYSSEE, TABULA | AD4: ODYSSEE, TABULA | AE4: RES-H, Odyssee | AF4: TABULA, ODYSSEE | AG4: ODYSSEE | AH4: ODYSSEE | AJ4: ODYSSEE | AK4: CSO 2011 | AM4: TABULA, ISTAT | AO4: RES-H,State Enterprise Centre of Registers | AP4: BPIE | AQ4: ODYSSEE | AT4: ODYSSEE,BPIE, NSO, TABULA | AU4: RES-H | AW4: ODYSSEE, TABULA | AX4: ODYSSEE | AY4: ODYSSEE | AZ4: RS-STAT | BA4: ODYSSEE | BB4: Odyssee | BC4: ODYSSEE | BD4: RES-H, ODYSSEE
A5: Austria | B5: =VLOOKUP(A5,N:O,2,0) -> AT | C5: MonMech2013 | D5: m2 | E5: 71.6 | F5: 119.8 | G5: 150 | H5: 102 | M5: AT | N5: Austria | O5: AT | S5: Unit | T5: m2 | U5: m2 | V5: m2 | W5: m2 | X5: m2 | Y5: m2 | Z5: m2 | AA5: m2 | AB5: m2 | AC5: m2 | AD5: m2 | AE5: m2 | AF5: m2 | AG5: m2 | AH5: m2 | AI5: m2 | AJ5: m2 | AK5: m2 | AL5: m2 | AM5: m2 | AN5: m2 | AO5: m2 | AP5: m2 | AQ5: m2 | AR5: m2 | AS5: m2 | AT5: m2 | AU5: m2 | AV5: m2 | AW5: m2 | AX5: m2 | AY5: m2 | AZ5: m2 | BA5: m2 | BB5: m2 | BC5: m2 | BD5: m2
A6: Bosnia | B6: =VLOOKUP(A6,N:O,2,0) -> BA | D6: m2 | E6: 63.6 | F6: 68.8 | G6: 86 | H6: 58 | M6: BA | N6: Bosnia | O6: BA | S6: Multi-family | T6: 73 | U6: 71.6 | V6: 63.6 | W6: 73.2 | X6: 64.5 | Y6: 71.6 | Z6: 73 | AA6: 61 | AB6: 62.7 | AC6: 78.4 | AD6: 47.8 | AE6: 73 | AF6: 86.4 | AG6: 56 | AH6: 65.9 | AI6: 63.6 | AJ6: 46.7 | AK6: 66.5 | AL6: 56 | AM6: 90.8 | AN6: 63.6 | AO6: 51.6 | AP6: 85.8 | AQ6: 51.5 | AR6: 73 | AS6: 63.6 | AT6: 85 | AU6: 75.8 | AV6: 66.8 | AW6: 52.5 | AX6: 96.7 | AY6: 48 | AZ6: 63.6 | BA6: 66.8 | BB6: 51.6 | BC6: 61.3 | BD6: 48.4
A7: Belgium | B7: =VLOOKUP(A7,N:O,2,0) -> BE | C7: ODYSSEE,BPIE | D7: m2 | E7: 73.2 | F7: 113.9 | G7: 142 | H7: 104 | M7: BE | N7: Belgium | O7: BE | S7: Single-family | T7: 91.5 | U7: 119.8 | V7: 68.8 | W7: 113.9 | X7: 63.6 | Y7: 119.8 | Z7: 91.5 | AA7: 99.9 | AB7: 107.4 | AC7: 133.7 | AD7: 85.3 | AE7: 91.5 | AF7: 111 | AG7: 97 | AH7: 111.6 | AI7: 68.8 | AJ7: 93.1 | AK7: 117.7 | AL7: 97 | AM7: 109.7 | AN7: 68.8 | AO7: 96.6 | AP7: 87.5 | AQ7: 96 | AR7: 91.5 | AS7: 68.8 | AT7: 98.9 | AU7: 114.6 | AV7: 124.7 | AW7: 96.3 | AX7: 116.1 | AY7: 72.6 | AZ7: 68.8 | BA7: 124.7 | BB7: 95.5 | BC7: 96.2 | BD7: 81.7
A8: Bulgaria | B8: =VLOOKUP(A8,N:O,2,0) -> BG | C8: ODYSSEE,BPIE | D8: m2 | E8: 64.5 | F8: 63.6 | G8: 80 | H8: 55 | M8: BG | N8: Bulgaria | O8: BG | S8: SF Detached | T8: 114 | U8: 150 | V8: 86 | W8: 142 | X8: 80 | Y8: 150 | Z8: 114 | AA8: 125 | AB8: 134 | AC8: 167 | AD8: 107 | AE8: 114 | AF8: 139 | AG8: 121 | AH8: 140 | AI8: 86 | AJ8: 116 | AK8: 147 | AL8: 121 | AM8: 137 | AN8: 86 | AO8: 121 | AP8: 109 | AQ8: 120 | AR8: 114 | AS8: 86 | AT8: 124 | AU8: 143 | AV8: 156 | AW8: 120 | AX8: 145 | AY8: 91 | AZ8: 86 | BA8: 156 | BB8: 119 | BC8: 120 | BD8: 102
A9: Switzerland | B9: =VLOOKUP(A9,N:O,2,0) -> CH | D9: m2 | E9: 71.6 | F9: 119.8 | G9: 150 | H9: 107 | M9: CH | N9: Switzerland | O9: CH | S9: SF Semi-detached | T9: 79 | U9: 102 | V9: 58 | W9: 104 | X9: 55 | Y9: 107 | Z9: 81 | AA9: 86 | AB9: 96 | AC9: 115 | AD9: 73 | AE9: 79 | AF9: 103 | AG9: 85 | AH9: 99 | AI9: 58 | AJ9: 79 | AK9: 107 | AL9: 86 | AM9: 101 | AN9: 58 | AO9: 83 | AP9: 79 | AQ9: 81 | AR9: 79 | AS9: 59 | AT9: 97 | AU9: 110 | AV9: 109 | AW9: 81 | AX9: 102 | AY9: 61 | AZ9: 58 | BA9: 107 | BB9: 80 | BC9: 81 | BD9: 77
A10: Cyprus | B10: =VLOOKUP(A10,N:O,2,0) -> CY | D10: m2 | E10: 73 | F10: 91.5 | G10: 114 | H10: 81 | M10: CY | N10: Cyprus | O10: CY
A11: Czech Rep. | B11: =VLOOKUP(A11,N:O,2,0) -> CZ | C11: TABULA | D11: m2 | E11: 61 | F11: 99.9 | G11: 125 | H11: 86 | M11: CZ | N11: Czech Rep. | O11: CZ
A12: Germany | B12: =VLOOKUP(A12,N:O,2,0) -> DE | C12: IWU | D12: m2 | E12: 62.7 | F12: 107.4 | G12: 134 | H12: 96 | M12: DE | N12: Germany | O12: DE
A13: Denmark | B13: =VLOOKUP(A13,N:O,2,0) -> DK | C13: ODYSSEE, TABULA | D13: m2 | E13: 78.4 | F13: 133.7 | G13: 167 | H13: 115 | M13: DK | N13: Denmark | O13: DK
A14: Estonia | B14: =VLOOKUP(A14,N:O,2,0) -> EE | C14: ODYSSEE, TABULA | D14: m2 | E14: 47.8 | F14: 85.3 | G14: 107 | H14: 73 | M14: EE | N14: Estonia | O14: EE
A15: Greece | B15: =VLOOKUP(A15,N:O,2,0) -> EL | C15: RES-H, Odyssee | D15: m2 | E15: 73 | F15: 91.5 | G15: 114 | H15: 79 | M15: EL | N15: Greece | O15: EL
A16: Spain | B16: =VLOOKUP(A16,N:O,2,0) -> ES | C16: TABULA, ODYSSEE | D16: m2 | E16: 86.4 | F16: 111 | G16: 139 | H16: 103 | M16: ES | N16: Spain | O16: ES
A17: Finland | B17: =VLOOKUP(A17,N:O,2,0) -> FI | C17: ODYSSEE | D17: m2 | E17: 56 | F17: 97 | G17: 121 | H17: 85 | M17: FI | N17: Finland | O17: FI
A18: France | B18: =VLOOKUP(A18,N:O,2,0) -> FR | C18: ODYSSEE | D18: m2 | E18: 65.9 | F18: 111.6 | G18: 140 | H18: 99 | M18: FR | N18: France | O18: FR
A19: Croatia | B19: =VLOOKUP(A19,N:O,2,0) -> HR | D19: m2 | E19: 63.6 | F19: 68.8 | G19: 86 | H19: 58 | M19: HR | N19: Croatia | O19: HR
A20: Hungary | B20: =VLOOKUP(A20,N:O,2,0) -> HU | C20: ODYSSEE | D20: m2 | E20: 46.7 | F20: 93.1 | G20: 116 | H20: 79 | M20: HU | N20: Hungary | O20: HU
A21: Ireland | B21: =VLOOKUP(A21,N:O,2,0) -> IE | C21: CSO 2011 | D21: m2 | E21: 66.5 | F21: 117.7 | G21: 147 | H21: 107 | M21: IE | N21: Ireland | O21: IE
A22: Iceland | B22: =VLOOKUP(A22,N:O,2,0) -> IS | D22: m2 | E22: 56 | F22: 97 | G22: 121 | H22: 86 | M22: IS | N22: Iceland | O22: IS
A23: Italy | B23: =VLOOKUP(A23,N:O,2,0) -> IT | C23: TABULA, ISTAT | D23: m2 | E23: 90.8 | F23: 109.7 | G23: 137 | H23: 101 | M23: IT | N23: Italy | O23: IT
A24: Kosovo | B24: =VLOOKUP(A24,N:O,2,0) -> KS | D24: m2 | E24: 63.6 | F24: 68.8 | G24: 86 | H24: 58 | M24: KS | N24: Kosovo | O24: KS
A25: Lithuania | B25: =VLOOKUP(A25,N:O,2,0) -> LT | C25: RES-H,State Enterprise Centre of Registers | D25: m2 | E25: 51.6 | F25: 96.6 | G25: 121 | H25: 83 | M25: LT | N25: Lithuania | O25: LT
A26: Luxembourg | B26: =VLOOKUP(A26,N:O,2,0) -> LU | C26: BPIE | D26: m2 | E26: 85.8 | F26: 87.5 | G26: 109 | H26: 79 | M26: LU | N26: Luxembourg | O26: LU
A27: Latvia | B27: =VLOOKUP(A27,N:O,2,0) -> LV | C27: ODYSSEE | D27: m2 | E27: 51.5 | F27: 96 | G27: 120 | H27: 81 | M27: LV | N27: Latvia | O27: LV
A28: Montenegro | B28: =VLOOKUP(A28,N:O,2,0) -> ME | D28: m2 | E28: 73 | F28: 91.5 | G28: 114 | H28: 79 | M28: ME | N28: Montenegro | O28: ME
A29: Macedonia | B29: =VLOOKUP(A29,N:O,2,0) -> MK | D29: m2 | E29: 63.6 | F29: 68.8 | G29: 86 | H29: 59 | M29: MK | N29: Macedonia | O29: MK
A30: Malta | B30: =VLOOKUP(A30,N:O,2,0) -> MT | C30: ODYSSEE,BPIE, NSO, TABULA | D30: m2 | E30: 85 | F30: 98.9 | G30: 124 | H30: 97 | M30: MT | N30: Malta | O30: MT
A31: Netherlands | B31: =VLOOKUP(A31,N:O,2,0) -> NL | C31: RES-H | D31: m2 | E31: 75.8 | F31: 114.6 | G31: 143 | H31: 110 | M31: NL | N31: Netherlands | O31: NL
A32: Norway | B32: =VLOOKUP(A32,N:O,2,0) -> NO | D32: m2 | E32: 66.8 | F32: 124.7 | G32: 156 | H32: 109 | M32: NO | N32: Norway | O32: NO
A33: Poland | B33: =VLOOKUP(A33,N:O,2,0) -> PL | C33: ODYSSEE, TABULA | D33: m2 | E33: 52.5 | F33: 96.3 | G33: 120 | H33: 81 | M33: PL | N33: Poland | O33: PL
A34: Portugal | B34: =VLOOKUP(A34,N:O,2,0) -> PT | C34: ODYSSEE | D34: m2 | E34: 96.7 | F34: 116.1 | G34: 145 | H34: 102 | M34: PT | N34: Portugal | O34: PT
A35: Romania | B35: =VLOOKUP(A35,N:O,2,0) -> RO | C35: ODYSSEE | D35: m2 | E35: 48 | F35: 72.6 | G35: 91 | H35: 61 | M35: RO | N35: Romania | O35: RO
A36: Serbia | B36: =VLOOKUP(A36,N:O,2,0) -> RS | C36: RS-STAT | D36: m2 | E36: 63.6 | F36: 68.8 | G36: 86 | H36: 58 | M36: RS | N36: Serbia | O36: RS
A37: Sweden | B37: =VLOOKUP(A37,N:O,2,0) -> SE | C37: ODYSSEE | D37: m2 | E37: 66.8 | F37: 124.7 | G37: 156 | H37: 107 | M37: SE | N37: Sweden | O37: SE
A38: Slovenia | B38: =VLOOKUP(A38,N:O,2,0) -> SI | C38: Odyssee | D38: m2 | E38: 51.6 | F38: 95.5 | G38: 119 | H38: 80 | M38: SI | N38: Slovenia | O38: SI
A39: Slovakia | B39: =VLOOKUP(A39,N:O,2,0) -> SK | C39: ODYSSEE | D39: m2 | E39: 61.3 | F39: 96.2 | G39: 120 | H39: 81 | M39: SK | N39: Slovakia | O39: SK
A40: United Kingdom | B40: =VLOOKUP(A40,N:O,2,0) -> UK | C40: RES-H, ODYSSEE | D40: m2 | E40: 48.4 | F40: 81.7 | G40: 102 | H40: 77 | M40: UK | N40: United Kingdom | O40: UK
M42: Black value: original data | O42: Black value: original data
M43: Red value: estimated data | O43: Red value: estimated data

Sheet Input
A1: 1e-05 | B1: threshold | E1: =OldHouses!L1 -> AL | F1: =OldHouses!M1 -> AT | G1: =OldHouses!N1 -> BA | H1: =OldHouses!O1 -> BE | I1: =OldHouses!P1 -> BG | J1: =OldHouses!Q1 -> CH | K1: =OldHouses!R1 -> CY | L1: =OldHouses!S1 -> CZ | ... AO1: =OldHouses!AV1 -> UK
B2: 2010 | C2: Rdw_DetH-70 | D2: R_ES-DH-Cook | E2: =SUMIFS(OldHouses!L$2:L$82,OldHouses!$B$2:$B$82,"INPUT",OldHouses!$C$2:$C$82,$C2,OldHouses!$D$2:$D$82,$D2,OldHouses!$G$2:$G$82,$B2) -> 0.0096401693 | F2: =SUMIFS(OldHouses!M$2:M$82,OldHouses!$B$2:$B$82,"INPUT",OldHouses!$C$2:$C$82,$C2,OldHouses!$D$2:$D$82,$D2,OldHouses!$G$2:$G$82,$B2) -> 0.0030415223 | G2: =SUMIFS(OldHouses!N$2:N$82,OldHouses!$B$2:$B$82,"INPUT",OldHouses!$C$2:$C$82,$C2,OldHouses!$D$2:$D$82,$D2,OldHouses!$G$2:$G$82,$B2) -> 0.0042581434 | H2: =SUMIFS(OldHouses!O$2:O$82,OldHouses!$B$2:$B$82,"INPUT",OldHouses!$C$2:$C$82,$C2,OldHouses!$D$2:$D$82,$D2,OldHouses!$G$2:$G$82,$B2) -> 0.0034102939 | I2: =SUMIFS(OldHouses!P$2:P$82,OldHouses!$B$2:$B$82,"INPUT",OldHouses!$C$2:$C$82,$C2,OldHouses!$D$2:$D$82,$D2,OldHouses!$G$2:$G$82,$B2) -> 0.0036540878 | J2: =SUMIFS(OldHouses!Q$2:Q$82,OldHouses!$B$2:$B$82,"INPUT",OldHouses!$C$2:$C$82,$C2,OldHouses!$D$2:$D$82,$D2,OldHouses!$G$2:$G$82,$B2) -> 0.0035508104 | K2: =SUMIFS(OldHouses!R$2:R$82,OldHouses!$B$2:$B$82,"INPUT",OldHouses!$C$2:$C$82,$C2,OldHouses!$D$2:$D$82,$D2,OldHouses!$G$2:$G$82,$B2) -> 0.0031439568 | L2: =SUMIFS(OldHouses!S$2:S$82,OldHouses!$B$2:$B$82,"INPUT",OldHouses!$C$2:$C$82,$C2,OldHouses!$D$2:$D$82,$D2,OldHouses!$G$2:$G$82,$B2) -> 0.002828146 | ... AO2: =SUMIFS(OldHouses!AV$2:AV$82,OldHouses!$B$2:$B$82,"INPUT",OldHouses!$C$2:$C$82,$C2,OldHouses!$D$2:$D$82,$D2,OldHouses!$G$2:$G$82,$B2) -> 0.0020315869
B3: 2010 | C3: Rdw_DetH-70 | D3: R_ES-DH-SpCool | E3: =SUMIFS(OldHouses!L$2:L$82,OldHouses!$B$2:$B$82,"INPUT",OldHouses!$C$2:$C$82,$C3,OldHouses!$D$2:$D$82,$D3,OldHouses!$G$2:$G$82,$B3) -> 0.0033023629 | F3: =SUMIFS(OldHouses!M$2:M$82,OldHouses!$B$2:$B$82,"INPUT",OldHouses!$C$2:$C$82,$C3,OldHouses!$D$2:$D$82,$D3,OldHouses!$G$2:$G$82,$B3) -> 0.00031367532 | G3: =SUMIFS(OldHouses!N$2:N$82,OldHouses!$B$2:$B$82,"INPUT",OldHouses!$C$2:$C$82,$C3,OldHouses!$D$2:$D$82,$D3,OldHouses!$G$2:$G$82,$B3) -> 0.0081355238 | H3: =SUMIFS(OldHouses!O$2:O$82,OldHouses!$B$2:$B$82,"INPUT",OldHouses!$C$2:$C$82,$C3,OldHouses!$D$2:$D$82,$D3,OldHouses!$G$2:$G$82,$B3) -> 0.001064478 | I3: =SUMIFS(OldHouses!P$2:P$82,OldHouses!$B$2:$B$82,"INPUT",OldHouses!$C$2:$C$82,$C3,OldHouses!$D$2:$D$82,$D3,OldHouses!$G$2:$G$82,$B3) -> 0.00053515446 | J3: =SUMIFS(OldHouses!Q$2:Q$82,OldHouses!$B$2:$B$82,"INPUT",OldHouses!$C$2:$C$82,$C3,OldHouses!$D$2:$D$82,$D3,OldHouses!$G$2:$G$82,$B3) -> 0.00031900864 | K3: =SUMIFS(OldHouses!R$2:R$82,OldHouses!$B$2:$B$82,"INPUT",OldHouses!$C$2:$C$82,$C3,OldHouses!$D$2:$D$82,$D3,OldHouses!$G$2:$G$82,$B3) -> 0.0075016642 | L3: =SUMIFS(OldHouses!S$2:S$82,OldHouses!$B$2:$B$82,"INPUT",OldHouses!$C$2:$C$82,$C3,OldHouses!$D$2:$D$82,$D3,OldHouses!$G$2:$G$82,$B3) -> 5.791538e-05 | ... AO3: =SUMIFS(OldHouses!AV$2:AV$82,OldHouses!$B$2:$B$82,"INPUT",OldHouses!$C$2:$C$82,$C3,OldHouses!$D$2:$D$82,$D3,OldHouses!$G$2:$G$82,$B3) -> 0.00012129152
B4: 2004 | C4: Rdw_DetH-70 | D4: R_ES-DH-70-SpHeat-I | E4: =SUMIFS(OldHouses!L$2:L$82,OldHouses!$B$2:$B$82,"INPUT",OldHouses!$C$2:$C$82,$C4,OldHouses!$D$2:$D$82,$D4,OldHouses!$G$2:$G$82,$B4) -> 0.009072442 | F4: =SUMIFS(OldHouses!M$2:M$82,OldHouses!$B$2:$B$82,"INPUT",OldHouses!$C$2:$C$82,$C4,OldHouses!$D$2:$D$82,$D4,OldHouses!$G$2:$G$82,$B4) -> 0.038216553 | G4: =SUMIFS(OldHouses!N$2:N$82,OldHouses!$B$2:$B$82,"INPUT",OldHouses!$C$2:$C$82,$C4,OldHouses!$D$2:$D$82,$D4,OldHouses!$G$2:$G$82,$B4) -> 0.021076246 | H4: =SUMIFS(OldHouses!O$2:O$82,OldHouses!$B$2:$B$82,"INPUT",OldHouses!$C$2:$C$82,$C4,OldHouses!$D$2:$D$82,$D4,OldHouses!$G$2:$G$82,$B4) -> 0.043568869 | I4: =SUMIFS(OldHouses!P$2:P$82,OldHouses!$B$2:$B$82,"INPUT",OldHouses!$C$2:$C$82,$C4,OldHouses!$D$2:$D$82,$D4,OldHouses!$G$2:$G$82,$B4) -> 0.015681843 | J4: =SUMIFS(OldHouses!Q$2:Q$82,OldHouses!$B$2:$B$82,"INPUT",OldHouses!$C$2:$C$82,$C4,OldHouses!$D$2:$D$82,$D4,OldHouses!$G$2:$G$82,$B4) -> 0.039843413 | K4: =SUMIFS(OldHouses!R$2:R$82,OldHouses!$B$2:$B$82,"INPUT",OldHouses!$C$2:$C$82,$C4,OldHouses!$D$2:$D$82,$D4,OldHouses!$G$2:$G$82,$B4) -> 0.02481191 | L4: =SUMIFS(OldHouses!S$2:S$82,OldHouses!$B$2:$B$82,"INPUT",OldHouses!$C$2:$C$82,$C4,OldHouses!$D$2:$D$82,$D4,OldHouses!$G$2:$G$82,$B4) -> 0.039103013 | ... AO4: =SUMIFS(OldHouses!AV$2:AV$82,OldHouses!$B$2:$B$82,"INPUT",OldHouses!$C$2:$C$82,$C4,OldHouses!$D$2:$D$82,$D4,OldHouses!$G$2:$G$82,$B4) -> 0.026105856
B5: 2010 | C5: Rdw_DetH-70 | D5: R_ES-DH-WatHeat | E5: =SUMIFS(OldHouses!L$2:L$82,OldHouses!$B$2:$B$82,"INPUT",OldHouses!$C$2:$C$82,$C5,OldHouses!$D$2:$D$82,$D5,OldHouses!$G$2:$G$82,$B5) -> 0.010671601 | F5: =SUMIFS(OldHouses!M$2:M$82,OldHouses!$B$2:$B$82,"INPUT",OldHouses!$C$2:$C$82,$C5,OldHouses!$D$2:$D$82,$D5,OldHouses!$G$2:$G$82,$B5) -> 0.011251381 | G5: =SUMIFS(OldHouses!N$2:N$82,OldHouses!$B$2:$B$82,"INPUT",OldHouses!$C$2:$C$82,$C5,OldHouses!$D$2:$D$82,$D5,OldHouses!$G$2:$G$82,$B5) -> 0.0056302138 | H5: =SUMIFS(OldHouses!O$2:O$82,OldHouses!$B$2:$B$82,"INPUT",OldHouses!$C$2:$C$82,$C5,OldHouses!$D$2:$D$82,$D5,OldHouses!$G$2:$G$82,$B5) -> 0.0095272111 | I5: =SUMIFS(OldHouses!P$2:P$82,OldHouses!$B$2:$B$82,"INPUT",OldHouses!$C$2:$C$82,$C5,OldHouses!$D$2:$D$82,$D5,OldHouses!$G$2:$G$82,$B5) -> 0.0075855179 | J5: =SUMIFS(OldHouses!Q$2:Q$82,OldHouses!$B$2:$B$82,"INPUT",OldHouses!$C$2:$C$82,$C5,OldHouses!$D$2:$D$82,$D5,OldHouses!$G$2:$G$82,$B5) -> 0.0085103269 | K5: =SUMIFS(OldHouses!R$2:R$82,OldHouses!$B$2:$B$82,"INPUT",OldHouses!$C$2:$C$82,$C5,OldHouses!$D$2:$D$82,$D5,OldHouses!$G$2:$G$82,$B5) -> 0.0094679451 | L5: =SUMIFS(OldHouses!S$2:S$82,OldHouses!$B$2:$B$82,"INPUT",OldHouses!$C$2:$C$82,$C5,OldHouses!$D$2:$D$82,$D5,OldHouses!$G$2:$G$82,$B5) -> 0.0071258839 | ... AO5: =SUMIFS(OldHouses!AV$2:AV$82,OldHouses!$B$2:$B$82,"INPUT",OldHouses!$C$2:$C$82,$C5,OldHouses!$D$2:$D$82,$D5,OldHouses!$G$2:$G$82,$B5) -> 0.0092111061
B6: 2010 | C6: Rdw_Flat | D6: R_ES-FL-Cook | E6: =SUMIFS(OldHouses!L$2:L$82,OldHouses!$B$2:$B$82,"INPUT",OldHouses!$C$2:$C$82,$C6,OldHouses!$D$2:$D$82,$D6,OldHouses!$G$2:$G$82,$B6) -> 0.0096401693 | F6: =SUMIFS(OldHouses!M$2:M$82,OldHouses!$B$2:$B$82,"INPUT",OldHouses!$C$2:$C$82,$C6,OldHouses!$D$2:$D$82,$D6,OldHouses!$G$2:$G$82,$B6) -> 0.0030415223 | G6: =SUMIFS(OldHouses!N$2:N$82,OldHouses!$B$2:$B$82,"INPUT",OldHouses!$C$2:$C$82,$C6,OldHouses!$D$2:$D$82,$D6,OldHouses!$G$2:$G$82,$B6) -> 0.0042581434 | H6: =SUMIFS(OldHouses!O$2:O$82,OldHouses!$B$2:$B$82,"INPUT",OldHouses!$C$2:$C$82,$C6,OldHouses!$D$2:$D$82,$D6,OldHouses!$G$2:$G$82,$B6) -> 0.0034102939 | I6: =SUMIFS(OldHouses!P$2:P$82,OldHouses!$B$2:$B$82,"INPUT",OldHouses!$C$2:$C$82,$C6,OldHouses!$D$2:$D$82,$D6,OldHouses!$G$2:$G$82,$B6) -> 0.0036540878 | J6: =SUMIFS(OldHouses!Q$2:Q$82,OldHouses!$B$2:$B$82,"INPUT",OldHouses!$C$2:$C$82,$C6,OldHouses!$D$2:$D$82,$D6,OldHouses!$G$2:$G$82,$B6) -> 0.0035508104 | K6: =SUMIFS(OldHouses!R$2:R$82,OldHouses!$B$2:$B$82,"INPUT",OldHouses!$C$2:$C$82,$C6,OldHouses!$D$2:$D$82,$D6,OldHouses!$G$2:$G$82,$B6) -> 0.0031439568 | L6: =SUMIFS(OldHouses!S$2:S$82,OldHouses!$B$2:$B$82,"INPUT",OldHouses!$C$2:$C$82,$C6,OldHouses!$D$2:$D$82,$D6,OldHouses!$G$2:$G$82,$B6) -> 0.002828146 | ... AO6: =SUMIFS(OldHouses!AV$2:AV$82,OldHouses!$B$2:$B$82,"INPUT",OldHouses!$C$2:$C$82,$C6,OldHouses!$D$2:$D$82,$D6,OldHouses!$G$2:$G$82,$B6) -> 0.0020315869
B7: 2010 | C7: Rdw_Flat | D7: R_ES-FL-SpCool | E7: =SUMIFS(OldHouses!L$2:L$82,OldHouses!$B$2:$B$82,"INPUT",OldHouses!$C$2:$C$82,$C7,OldHouses!$D$2:$D$82,$D7,OldHouses!$G$2:$G$82,$B7) -> 0.0016511814 | F7: =SUMIFS(OldHouses!M$2:M$82,OldHouses!$B$2:$B$82,"INPUT",OldHouses!$C$2:$C$82,$C7,OldHouses!$D$2:$D$82,$D7,OldHouses!$G$2:$G$82,$B7) -> 0.00015683766 | G7: =SUMIFS(OldHouses!N$2:N$82,OldHouses!$B$2:$B$82,"INPUT",OldHouses!$C$2:$C$82,$C7,OldHouses!$D$2:$D$82,$D7,OldHouses!$G$2:$G$82,$B7) -> 0.0040677619 | H7: =SUMIFS(OldHouses!O$2:O$82,OldHouses!$B$2:$B$82,"INPUT",OldHouses!$C$2:$C$82,$C7,OldHouses!$D$2:$D$82,$D7,OldHouses!$G$2:$G$82,$B7) -> 0.000532239 | I7: =SUMIFS(OldHouses!P$2:P$82,OldHouses!$B$2:$B$82,"INPUT",OldHouses!$C$2:$C$82,$C7,OldHouses!$D$2:$D$82,$D7,OldHouses!$G$2:$G$82,$B7) -> 0.00026757723 | J7: =SUMIFS(OldHouses!Q$2:Q$82,OldHouses!$B$2:$B$82,"INPUT",OldHouses!$C$2:$C$82,$C7,OldHouses!$D$2:$D$82,$D7,OldHouses!$G$2:$G$82,$B7) -> 0.00015950432 | K7: =SUMIFS(OldHouses!R$2:R$82,OldHouses!$B$2:$B$82,"INPUT",OldHouses!$C$2:$C$82,$C7,OldHouses!$D$2:$D$82,$D7,OldHouses!$G$2:$G$82,$B7) -> 0.0037508321 | L7: =SUMIFS(OldHouses!S$2:S$82,OldHouses!$B$2:$B$82,"INPUT",OldHouses!$C$2:$C$82,$C7,OldHouses!$D$2:$D$82,$D7,OldHouses!$G$2:$G$82,$B7) -> 2.895769e-05 | ... AO7: =SUMIFS(OldHouses!AV$2:AV$82,OldHouses!$B$2:$B$82,"INPUT",OldHouses!$C$2:$C$82,$C7,OldHouses!$D$2:$D$82,$D7,OldHouses!$G$2:$G$82,$B7) -> 6.0645759e-05
B8: 2004 | C8: Rdw_Flat | D8: R_ES-FL-SpHeat-I | E8: =SUMIFS(OldHouses!L$2:L$82,OldHouses!$B$2:$B$82,"INPUT",OldHouses!$C$2:$C$82,$C8,OldHouses!$D$2:$D$82,$D8,OldHouses!$G$2:$G$82,$B8) -> 0.0023973967 | F8: =SUMIFS(OldHouses!M$2:M$82,OldHouses!$B$2:$B$82,"INPUT",OldHouses!$C$2:$C$82,$C8,OldHouses!$D$2:$D$82,$D8,OldHouses!$G$2:$G$82,$B8) -> 0.0089647782 | G8: =SUMIFS(OldHouses!N$2:N$82,OldHouses!$B$2:$B$82,"INPUT",OldHouses!$C$2:$C$82,$C8,OldHouses!$D$2:$D$82,$D8,OldHouses!$G$2:$G$82,$B8) -> 0.0065004651 | H8: =SUMIFS(OldHouses!O$2:O$82,OldHouses!$B$2:$B$82,"INPUT",OldHouses!$C$2:$C$82,$C8,OldHouses!$D$2:$D$82,$D8,OldHouses!$G$2:$G$82,$B8) -> 0.010608168 | I8: =SUMIFS(OldHouses!P$2:P$82,OldHouses!$B$2:$B$82,"INPUT",OldHouses!$C$2:$C$82,$C8,OldHouses!$D$2:$D$82,$D8,OldHouses!$G$2:$G$82,$B8) -> 0.0040331239 | J8: =SUMIFS(OldHouses!Q$2:Q$82,OldHouses!$B$2:$B$82,"INPUT",OldHouses!$C$2:$C$82,$C8,OldHouses!$D$2:$D$82,$D8,OldHouses!$G$2:$G$82,$B8) -> 0.0093464046 | K8: =SUMIFS(OldHouses!R$2:R$82,OldHouses!$B$2:$B$82,"INPUT",OldHouses!$C$2:$C$82,$C8,OldHouses!$D$2:$D$82,$D8,OldHouses!$G$2:$G$82,$B8) -> 0.0065101969 | L8: =SUMIFS(OldHouses!S$2:S$82,OldHouses!$B$2:$B$82,"INPUT",OldHouses!$C$2:$C$82,$C8,OldHouses!$D$2:$D$82,$D8,OldHouses!$G$2:$G$82,$B8) -> 0.0092054613 | ... AO8: =SUMIFS(OldHouses!AV$2:AV$82,OldHouses!$B$2:$B$82,"INPUT",OldHouses!$C$2:$C$82,$C8,OldHouses!$D$2:$D$82,$D8,OldHouses!$G$2:$G$82,$B8) -> 0.0043657947
B9: 2010 | C9: Rdw_Flat | D9: R_ES-FL-WatHeat | E9: =SUMIFS(OldHouses!L$2:L$82,OldHouses!$B$2:$B$82,"INPUT",OldHouses!$C$2:$C$82,$C9,OldHouses!$D$2:$D$82,$D9,OldHouses!$G$2:$G$82,$B9) -> 0.0053358007 | F9: =SUMIFS(OldHouses!M$2:M$82,OldHouses!$B$2:$B$82,"INPUT",OldHouses!$C$2:$C$82,$C9,OldHouses!$D$2:$D$82,$D9,OldHouses!$G$2:$G$82,$B9) -> 0.0056256905 | G9: =SUMIFS(OldHouses!N$2:N$82,OldHouses!$B$2:$B$82,"INPUT",OldHouses!$C$2:$C$82,$C9,OldHouses!$D$2:$D$82,$D9,OldHouses!$G$2:$G$82,$B9) -> 0.0028151069 | H9: =SUMIFS(OldHouses!O$2:O$82,OldHouses!$B$2:$B$82,"INPUT",OldHouses!$C$2:$C$82,$C9,OldHouses!$D$2:$D$82,$D9,OldHouses!$G$2:$G$82,$B9) -> 0.0047636056 | I9: =SUMIFS(OldHouses!P$2:P$82,OldHouses!$B$2:$B$82,"INPUT",OldHouses!$C$2:$C$82,$C9,OldHouses!$D$2:$D$82,$D9,OldHouses!$G$2:$G$82,$B9) -> 0.003792759 | J9: =SUMIFS(OldHouses!Q$2:Q$82,OldHouses!$B$2:$B$82,"INPUT",OldHouses!$C$2:$C$82,$C9,OldHouses!$D$2:$D$82,$D9,OldHouses!$G$2:$G$82,$B9) -> 0.0042551634 | K9: =SUMIFS(OldHouses!R$2:R$82,OldHouses!$B$2:$B$82,"INPUT",OldHouses!$C$2:$C$82,$C9,OldHouses!$D$2:$D$82,$D9,OldHouses!$G$2:$G$82,$B9) -> 0.0047339725 | L9: =SUMIFS(OldHouses!S$2:S$82,OldHouses!$B$2:$B$82,"INPUT",OldHouses!$C$2:$C$82,$C9,OldHouses!$D$2:$D$82,$D9,OldHouses!$G$2:$G$82,$B9) -> 0.003562942 | ... AO9: =SUMIFS(OldHouses!AV$2:AV$82,OldHouses!$B$2:$B$82,"INPUT",OldHouses!$C$2:$C$82,$C9,OldHouses!$D$2:$D$82,$D9,OldHouses!$G$2:$G$82,$B9) -> 0.0046055531
B10: 2010 | C10: Rdw_SDetH | D10: R_ES-SD-Cook | E10: =SUMIFS(OldHouses!L$2:L$82,OldHouses!$B$2:$B$82,"INPUT",OldHouses!$C$2:$C$82,$C10,OldHouses!$D$2:$D$82,$D10,OldHouses!$G$2:$G$82,$B10) -> 0.0096401693 | F10: =SUMIFS(OldHouses!M$2:M$82,OldHouses!$B$2:$B$82,"INPUT",OldHouses!$C$2:$C$82,$C10,OldHouses!$D$2:$D$82,$D10,OldHouses!$G$2:$G$82,$B10) -> 0.0030415223 | G10: =SUMIFS(OldHouses!N$2:N$82,OldHouses!$B$2:$B$82,"INPUT",OldHouses!$C$2:$C$82,$C10,OldHouses!$D$2:$D$82,$D10,OldHouses!$G$2:$G$82,$B10) -> 0.0042581434 | H10: =SUMIFS(OldHouses!O$2:O$82,OldHouses!$B$2:$B$82,"INPUT",OldHouses!$C$2:$C$82,$C10,OldHouses!$D$2:$D$82,$D10,OldHouses!$G$2:$G$82,$B10) -> 0.0034102939 | I10: =SUMIFS(OldHouses!P$2:P$82,OldHouses!$B$2:$B$82,"INPUT",OldHouses!$C$2:$C$82,$C10,OldHouses!$D$2:$D$82,$D10,OldHouses!$G$2:$G$82,$B10) -> 0.0036540878 | J10: =SUMIFS(OldHouses!Q$2:Q$82,OldHouses!$B$2:$B$82,"INPUT",OldHouses!$C$2:$C$82,$C10,OldHouses!$D$2:$D$82,$D10,OldHouses!$G$2:$G$82,$B10) -> 0.0035508104 | K10: =SUMIFS(OldHouses!R$2:R$82,OldHouses!$B$2:$B$82,"INPUT",OldHouses!$C$2:$C$82,$C10,OldHouses!$D$2:$D$82,$D10,OldHouses!$G$2:$G$82,$B10) -> 0.0031439568 | L10: =SUMIFS(OldHouses!S$2:S$82,OldHouses!$B$2:$B$82,"INPUT",OldHouses!$C$2:$C$82,$C10,OldHouses!$D$2:$D$82,$D10,OldHouses!$G$2:$G$82,$B10) -> 0.002828146 | ... AO10: =SUMIFS(OldHouses!AV$2:AV$82,OldHouses!$B$2:$B$82,"INPUT",OldHouses!$C$2:$C$82,$C10,OldHouses!$D$2:$D$82,$D10,OldHouses!$G$2:$G$82,$B10) -> 0.0020315869
B11: 2010 | C11: Rdw_SDetH | D11: R_ES-SD-SpCool | E11: =SUMIFS(OldHouses!L$2:L$82,OldHouses!$B$2:$B$82,"INPUT",OldHouses!$C$2:$C$82,$C11,OldHouses!$D$2:$D$82,$D11,OldHouses!$G$2:$G$82,$B11) -> 0.0033023629 | F11: =SUMIFS(OldHouses!M$2:M$82,OldHouses!$B$2:$B$82,"INPUT",OldHouses!$C$2:$C$82,$C11,OldHouses!$D$2:$D$82,$D11,OldHouses!$G$2:$G$82,$B11) -> 0.00031367532 | G11: =SUMIFS(OldHouses!N$2:N$82,OldHouses!$B$2:$B$82,"INPUT",OldHouses!$C$2:$C$82,$C11,OldHouses!$D$2:$D$82,$D11,OldHouses!$G$2:$G$82,$B11) -> 0.0081355238 | H11: =SUMIFS(OldHouses!O$2:O$82,OldHouses!$B$2:$B$82,"INPUT",OldHouses!$C$2:$C$82,$C11,OldHouses!$D$2:$D$82,$D11,OldHouses!$G$2:$G$82,$B11) -> 0.001064478 | I11: =SUMIFS(OldHouses!P$2:P$82,OldHouses!$B$2:$B$82,"INPUT",OldHouses!$C$2:$C$82,$C11,OldHouses!$D$2:$D$82,$D11,OldHouses!$G$2:$G$82,$B11) -> 0.00053515446 | J11: =SUMIFS(OldHouses!Q$2:Q$82,OldHouses!$B$2:$B$82,"INPUT",OldHouses!$C$2:$C$82,$C11,OldHouses!$D$2:$D$82,$D11,OldHouses!$G$2:$G$82,$B11) -> 0.00031900864 | K11: =SUMIFS(OldHouses!R$2:R$82,OldHouses!$B$2:$B$82,"INPUT",OldHouses!$C$2:$C$82,$C11,OldHouses!$D$2:$D$82,$D11,OldHouses!$G$2:$G$82,$B11) -> 0.0075016642 | L11: =SUMIFS(OldHouses!S$2:S$82,OldHouses!$B$2:$B$82,"INPUT",OldHouses!$C$2:$C$82,$C11,OldHouses!$D$2:$D$82,$D11,OldHouses!$G$2:$G$82,$B11) -> 5.791538e-05 | ... AO11: =SUMIFS(OldHouses!AV$2:AV$82,OldHouses!$B$2:$B$82,"INPUT",OldHouses!$C$2:$C$82,$C11,OldHouses!$D$2:$D$82,$D11,OldHouses!$G$2:$G$82,$B11) -> 0.00012129152
B12: 2004 | C12: Rdw_SDetH | D12: R_ES-SD-SpHeat-I | E12: =SUMIFS(OldHouses!L$2:L$82,OldHouses!$B$2:$B$82,"INPUT",OldHouses!$C$2:$C$82,$C12,OldHouses!$D$2:$D$82,$D12,OldHouses!$G$2:$G$82,$B12) -> 0.0045375001 | F12: =SUMIFS(OldHouses!M$2:M$82,OldHouses!$B$2:$B$82,"INPUT",OldHouses!$C$2:$C$82,$C12,OldHouses!$D$2:$D$82,$D12,OldHouses!$G$2:$G$82,$B12) -> 0.01927544 | G12: =SUMIFS(OldHouses!N$2:N$82,OldHouses!$B$2:$B$82,"INPUT",OldHouses!$C$2:$C$82,$C12,OldHouses!$D$2:$D$82,$D12,OldHouses!$G$2:$G$82,$B12) -> 0.010524796 | H12: =SUMIFS(OldHouses!O$2:O$82,OldHouses!$B$2:$B$82,"INPUT",OldHouses!$C$2:$C$82,$C12,OldHouses!$D$2:$D$82,$D12,OldHouses!$G$2:$G$82,$B12) -> 0.023212984 | I12: =SUMIFS(OldHouses!P$2:P$82,OldHouses!$B$2:$B$82,"INPUT",OldHouses!$C$2:$C$82,$C12,OldHouses!$D$2:$D$82,$D12,OldHouses!$G$2:$G$82,$B12) -> 0.0075046921 | J12: =SUMIFS(OldHouses!Q$2:Q$82,OldHouses!$B$2:$B$82,"INPUT",OldHouses!$C$2:$C$82,$C12,OldHouses!$D$2:$D$82,$D12,OldHouses!$G$2:$G$82,$B12) -> 0.020729087 | K12: =SUMIFS(OldHouses!R$2:R$82,OldHouses!$B$2:$B$82,"INPUT",OldHouses!$C$2:$C$82,$C12,OldHouses!$D$2:$D$82,$D12,OldHouses!$G$2:$G$82,$B12) -> 0.01432004 | L12: =SUMIFS(OldHouses!S$2:S$82,OldHouses!$B$2:$B$82,"INPUT",OldHouses!$C$2:$C$82,$C12,OldHouses!$D$2:$D$82,$D12,OldHouses!$G$2:$G$82,$B12) -> 0.019541419 | ... AO12: =SUMIFS(OldHouses!AV$2:AV$82,OldHouses!$B$2:$B$82,"INPUT",OldHouses!$C$2:$C$82,$C12,OldHouses!$D$2:$D$82,$D12,OldHouses!$G$2:$G$82,$B12) -> 0.013718798
B13: 2010 | C13: Rdw_SDetH | D13: R_ES-SD-WatHeat | E13: =SUMIFS(OldHouses!L$2:L$82,OldHouses!$B$2:$B$82,"INPUT",OldHouses!$C$2:$C$82,$C13,OldHouses!$D$2:$D$82,$D13,OldHouses!$G$2:$G$82,$B13) -> 0.010671601 | F13: =SUMIFS(OldHouses!M$2:M$82,OldHouses!$B$2:$B$82,"INPUT",OldHouses!$C$2:$C$82,$C13,OldHouses!$D$2:$D$82,$D13,OldHouses!$G$2:$G$82,$B13) -> 0.011251381 | G13: =SUMIFS(OldHouses!N$2:N$82,OldHouses!$B$2:$B$82,"INPUT",OldHouses!$C$2:$C$82,$C13,OldHouses!$D$2:$D$82,$D13,OldHouses!$G$2:$G$82,$B13) -> 0.0056302138 | H13: =SUMIFS(OldHouses!O$2:O$82,OldHouses!$B$2:$B$82,"INPUT",OldHouses!$C$2:$C$82,$C13,OldHouses!$D$2:$D$82,$D13,OldHouses!$G$2:$G$82,$B13) -> 0.0095272111 | I13: =SUMIFS(OldHouses!P$2:P$82,OldHouses!$B$2:$B$82,"INPUT",OldHouses!$C$2:$C$82,$C13,OldHouses!$D$2:$D$82,$D13,OldHouses!$G$2:$G$82,$B13) -> 0.0075855179 | J13: =SUMIFS(OldHouses!Q$2:Q$82,OldHouses!$B$2:$B$82,"INPUT",OldHouses!$C$2:$C$82,$C13,OldHouses!$D$2:$D$82,$D13,OldHouses!$G$2:$G$82,$B13) -> 0.0085103269 | K13: =SUMIFS(OldHouses!R$2:R$82,OldHouses!$B$2:$B$82,"INPUT",OldHouses!$C$2:$C$82,$C13,OldHouses!$D$2:$D$82,$D13,OldHouses!$G$2:$G$82,$B13) -> 0.0094679451 | L13: =SUMIFS(OldHouses!S$2:S$82,OldHouses!$B$2:$B$82,"INPUT",OldHouses!$C$2:$C$82,$C13,OldHouses!$D$2:$D$82,$D13,OldHouses!$G$2:$G$82,$B13) -> 0.0071258839 | ... AO13: =SUMIFS(OldHouses!AV$2:AV$82,OldHouses!$B$2:$B$82,"INPUT",OldHouses!$C$2:$C$82,$C13,OldHouses!$D$2:$D$82,$D13,OldHouses!$G$2:$G$82,$B13) -> 0.0092111061
A16: ~TFM_INS
A17: Attribute | B17: Year | C17: PSET_PN | D17: CSET_CN | E17: =E1 -> AL | F17: =F1 -> AT | G17: =G1 -> BA | H17: =H1 -> BE | I17: =I1 -> BG | J17: =J1 -> CH | K17: =K1 -> CY | L17: =L1 -> CZ | ... AO17: =AO1 -> UK
A18: INPUT | B18: 2011 | C18: =Stock!$D$2&"-New" -> Rdw_DetH-New | D18: =D2 -> R_ES-DH-Cook | E18: =E2 -> 0.0096401693 | F18: =F2 -> 0.0030415223 | G18: =G2 -> 0.0042581434 | H18: =H2 -> 0.0034102939 | I18: =I2 -> 0.0036540878 | J18: =J2 -> 0.0035508104 | K18: =K2 -> 0.0031439568 | ... AO18: =AO2 -> 0.0020315869
A19: INPUT | B19: 2011 | C19: =Stock!$D$2&"-New" -> Rdw_DetH-New | D19: =D3 -> R_ES-DH-SpCool | E19: =IF(E3<$A$1,"",E3) -> 0.0033023629 | F19: =IF(F3<$A$1,"",F3) -> 0.00031367532 | G19: =IF(G3<$A$1,"",G3) -> 0.0081355238 | H19: =IF(H3<$A$1,"",H3) -> 0.001064478 | I19: =IF(I3<$A$1,"",I3) -> 0.00053515446 | J19: =IF(J3<$A$1,"",J3) -> 0.00031900864 | K19: =IF(K3<$A$1,"",K3) -> 0.0075016642 | L19: =IF(L3<$A$1,"",L3) -> 5.791538e-05 | ... AO19: =IF(AO3<$A$1,"",AO3) -> 0.00012129152
A20: INPUT | B20: 2011 | C20: =Stock!$D$2&"-New" -> Rdw_DetH-New | D20: R_ES-FL-SpHeat-I | E20: =E4 -> 0.009072442 | F20: =F4 -> 0.038216553 | G20: =G4 -> 0.021076246 | H20: =H4 -> 0.043568869 | I20: =I4 -> 0.015681843 | J20: =J4 -> 0.039843413 | K20: =K4 -> 0.02481191 | L20: =L4 -> 0.039103013 | ... AO20: =AO4 -> 0.026105856
A21: INPUT | B21: 2011 | C21: =Stock!$D$2&"-New" -> Rdw_DetH-New | D21: =D5 -> R_ES-DH-WatHeat | E21: =E5 -> 0.010671601 | F21: =F5 -> 0.011251381 | G21: =G5 -> 0.0056302138 | H21: =H5 -> 0.0095272111 | I21: =I5 -> 0.0075855179 | J21: =J5 -> 0.0085103269 | K21: =K5 -> 0.0094679451 | ... AO21: =AO5 -> 0.0092111061
A22: INPUT | B22: 2011 | C22: =C6&"-New" -> Rdw_Flat-New | D22: =D6 -> R_ES-FL-Cook | E22: =E6 -> 0.0096401693 | F22: =F6 -> 0.0030415223 | G22: =G6 -> 0.0042581434 | H22: =H6 -> 0.0034102939 | I22: =I6 -> 0.0036540878 | J22: =J6 -> 0.0035508104 | K22: =K6 -> 0.0031439568 | ... AO22: =AO6 -> 0.0020315869
A23: INPUT | B23: 2011 | C23: =C7&"-New" -> Rdw_Flat-New | D23: =D7 -> R_ES-FL-SpCool | E23: =IF(E7<$A$1,"",E7) -> 0.0016511814 | F23: =IF(F7<$A$1,"",F7) -> 0.00015683766 | G23: =IF(G7<$A$1,"",G7) -> 0.0040677619 | H23: =IF(H7<$A$1,"",H7) -> 0.000532239 | I23: =IF(I7<$A$1,"",I7) -> 0.00026757723 | J23: =IF(J7<$A$1,"",J7) -> 0.00015950432 | K23: =IF(K7<$A$1,"",K7) -> 0.0037508321 | L23: =IF(L7<$A$1,"",L7) -> 2.895769e-05 | ... AO23: =IF(AO7<$A$1,"",AO7) -> 6.0645759e-05
A24: INPUT | B24: 2011 | C24: =C8&"-New" -> Rdw_Flat-New | D24: =D8 -> R_ES-FL-SpHeat-I | E24: =E8 -> 0.0023973967 | F24: =F8 -> 0.0089647782 | G24: =G8 -> 0.0065004651 | H24: =H8 -> 0.010608168 | I24: =I8 -> 0.0040331239 | J24: =J8 -> 0.0093464046 | K24: =K8 -> 0.0065101969 | ... AO24: =AO8 -> 0.0043657947
A25: INPUT | B25: 2011 | C25: =C9&"-New" -> Rdw_Flat-New | D25: =D9 -> R_ES-FL-WatHeat | E25: =E9 -> 0.0053358007 | F25: =F9 -> 0.0056256905 | G25: =G9 -> 0.0028151069 | H25: =H9 -> 0.0047636056 | I25: =I9 -> 0.003792759 | J25: =J9 -> 0.0042551634 | K25: =K9 -> 0.0047339725 | ... AO25: =AO9 -> 0.0046055531
A26: INPUT | B26: 2011 | C26: =C10&"-New" -> Rdw_SDetH-New | D26: =D10 -> R_ES-SD-Cook | E26: =E10 -> 0.0096401693 | F26: =F10 -> 0.0030415223 | G26: =G10 -> 0.0042581434 | H26: =H10 -> 0.0034102939 | I26: =I10 -> 0.0036540878 | J26: =J10 -> 0.0035508104 | K26: =K10 -> 0.0031439568 | ... AO26: =AO10 -> 0.0020315869
A27: INPUT | B27: 2011 | C27: =C11&"-New" -> Rdw_SDetH-New | D27: =D11 -> R_ES-SD-SpCool | E27: =IF(E11<$A$1,"",E11) -> 0.0033023629 | F27: =IF(F11<$A$1,"",F11) -> 0.00031367532 | G27: =IF(G11<$A$1,"",G11) -> 0.0081355238 | H27: =IF(H11<$A$1,"",H11) -> 0.001064478 | I27: =IF(I11<$A$1,"",I11) -> 0.00053515446 | J27: =IF(J11<$A$1,"",J11) -> 0.00031900864 | K27: =IF(K11<$A$1,"",K11) -> 0.0075016642 | L27: =IF(L11<$A$1,"",L11) -> 5.791538e-05 | ... AO27: =IF(AO11<$A$1,"",AO11) -> 0.00012129152
A28: INPUT | B28: 2011 | C28: =C12&"-New" -> Rdw_SDetH-New | D28: =D12 -> R_ES-SD-SpHeat-I | E28: =E12 -> 0.0045375001 | F28: =F12 -> 0.01927544 | G28: =G12 -> 0.010524796 | H28: =H12 -> 0.023212984 | I28: =I12 -> 0.0075046921 | J28: =J12 -> 0.020729087 | K28: =K12 -> 0.01432004 | ... AO28: =AO12 -> 0.013718798
A29: INPUT | B29: 2011 | C29: =C13&"-New" -> Rdw_SDetH-New | D29: =D13 -> R_ES-SD-WatHeat | E29: =E13 -> 0.010671601 | F29: =F13 -> 0.011251381 | G29: =G13 -> 0.0056302138 | H29: =H13 -> 0.0095272111 | I29: =I13 -> 0.0075855179 | J29: =J13 -> 0.0085103269 | K29: =K13 -> 0.0094679451 | ... AO29: =AO13 -> 0.0092111061
A30: * Shell EFF improvement cooling over 50 years | E30: 0.2 | F30: 0.2 | G30: 0.2 | H30: 0.2 | I30: 0.2 | J30: 0.2 | K30: 0.2 | L30: 0.2 | M30: 0.2 | N30: 0.2 | O30: 0.2 | P30: 0.2 | Q30: 0.2 | R30: 0.2 | S30: 0.2 | T30: 0.2 | U30: 0.2 | V30: 0.2 | W30: 0.2 | X30: 0.2 | Y30: 0.2 | Z30: 0.2 | AA30: 0.2 | AB30: 0.2 | AC30: 0.2 | AD30: 0.2 | AE30: 0.2 | AF30: 0.2 | AG30: 0.2 | AH30: 0.2 | AI30: 0.2 | AJ30: 0.2 | AK30: 0.2 | AL30: 0.2 | AM30: 0.2 | AN30: 0.2 | AO30: 0.2
A31: =A19 -> INPUT | B31: 2070 | C31: =C19 -> Rdw_DetH-New | D31: =D19 -> R_ES-DH-SpCool | E31: =IFERROR(E19*(1-E$30),"") -> 0.0026418903 | F31: =IFERROR(F19*(1-F$30),"") -> 0.00025094026 | G31: =IFERROR(G19*(1-G$30),"") -> 0.006508419 | H31: =IFERROR(H19*(1-H$30),"") -> 0.0008515824 | I31: =IFERROR(I19*(1-I$30),"") -> 0.00042812357 | J31: =IFERROR(J19*(1-J$30),"") -> 0.00025520691 | K31: =IFERROR(K19*(1-K$30),"") -> 0.0060013314 | L31: =IFERROR(L19*(1-L$30),"") -> 4.6332304e-05 | ... AO31: =IFERROR(AO19*(1-AO$30),"") -> 9.7033215e-05
A32: =A23 -> INPUT | B32: 2070 | C32: =C23 -> Rdw_Flat-New | D32: =D23 -> R_ES-FL-SpCool | E32: =IFERROR(E23*(1-E$30),"") -> 0.0013209452 | F32: =IFERROR(F23*(1-F$30),"") -> 0.00012547013 | G32: =IFERROR(G23*(1-G$30),"") -> 0.0032542095 | H32: =IFERROR(H23*(1-H$30),"") -> 0.0004257912 | I32: =IFERROR(I23*(1-I$30),"") -> 0.00021406179 | J32: =IFERROR(J23*(1-J$30),"") -> 0.00012760346 | K32: =IFERROR(K23*(1-K$30),"") -> 0.0030006657 | L32: =IFERROR(L23*(1-L$30),"") -> 2.3166152e-05 | ... AO32: =IFERROR(AO23*(1-AO$30),"") -> 4.8516607e-05
A33: =A27 -> INPUT | B33: 2070 | C33: =C27 -> Rdw_SDetH-New | D33: =D27 -> R_ES-SD-SpCool | E33: =IFERROR(E27*(1-E$30),"") -> 0.0026418903 | F33: =IFERROR(F27*(1-F$30),"") -> 0.00025094026 | G33: =IFERROR(G27*(1-G$30),"") -> 0.006508419 | H33: =IFERROR(H27*(1-H$30),"") -> 0.0008515824 | I33: =IFERROR(I27*(1-I$30),"") -> 0.00042812357 | J33: =IFERROR(J27*(1-J$30),"") -> 0.00025520691 | K33: =IFERROR(K27*(1-K$30),"") -> 0.0060013314 | L33: =IFERROR(L27*(1-L$30),"") -> 4.6332304e-05 | ... AO33: =IFERROR(AO27*(1-AO$30),"") -> 9.7033215e-05
A34: * Shell EFF improvement heating | E34: 0.4 | F34: 0.4 | G34: 0.4 | H34: 0.4 | I34: 0.4 | J34: 0.4 | K34: 0.4 | L34: 0.4 | M34: 0.4 | N34: 0.4 | O34: 0.4 | P34: 0.4 | Q34: 0.4 | R34: 0.4 | S34: 0.4 | T34: 0.4 | U34: 0.4 | V34: 0.4 | W34: 0.4 | X34: 0.4 | Y34: 0.4 | Z34: 0.4 | AA34: 0.4 | AB34: 0.4 | AC34: 0.4 | AD34: 0.4 | AE34: 0.4 | AF34: 0.4 | AG34: 0.4 | AH34: 0.4 | AI34: 0.4 | AJ34: 0.4 | AK34: 0.4 | AL34: 0.4 | AM34: 0.4 | AN34: 0.4 | AO34: 0.4
A35: =A26 -> INPUT | B35: 2020 | C35: =C20 -> Rdw_DetH-New | D35: =D20 -> R_ES-FL-SpHeat-I | E35: =E20*(1-E$34) -> 0.0054434652 | F35: =F20*(1-F$34) -> 0.022929932 | G35: =G20*(1-G$34) -> 0.012645747 | H35: =H50 -> 0.016491312 | I35: =I50 -> 0.01152 | J35: =J20*(1-J$34) -> 0.023906048 | K35: =K20*(1-K$34) -> 0.014887146 | L35: =L20*(1-L$34) -> 0.023461808 | M35: =M50 -> 0.0173664 | N35: =N50 -> 0.012024 | O35: =O50 -> 0.01926 | P35: =P20*(1-P$34) -> 0.012853331 | Q35: =Q20*(1-Q$34) -> 0.014808219 | R35: =R20*(1-R$34) -> 0.047923529 | S35: =S50 -> 0.0252 | T35: =T50 -> 0.019439784 | U35: =U20*(1-U$34) -> 0.017179987 | V35: =V50 -> 0.023814 | W35: =W20*(1-W$34) -> 0.066162474 | X35: =X50 -> 0.01006128 | Y35: =Y20*(1-Y$34) -> 0.012220319 | Z35: =Z20*(1-Z$34) -> 0.015573371 | AA35: =AA20*(1-AA$34) -> 0.025058823 | AB35: =AB50 -> 0.04104 | AC35: =AC20*(1-AC$34) -> 0.024065108 | AD35: =AD20*(1-AD$34) -> 0.0086687269 | AE35: =AE20*(1-AE$34) -> 0.0060165645 | AF35: =AF20*(1-AF$34) -> 0.019723872 | AG35: =AG20*(1-AG$34) -> 0.02644083 | AH35: =AH20*(1-AH$34) -> 0.026816996 | AI35: =AI20*(1-AI$34) -> 0.0069328603 | AJ35: =AJ20*(1-AJ$34) -> 0.020623586 | ... AO35: =AO20*(1-AO$34) -> 0.015663514
A36: =A35 -> INPUT | B36: 2020 | C36: =C24 -> Rdw_Flat-New | D36: =D24 -> R_ES-FL-SpHeat-I | E36: =E24*(1-E$34) -> 0.001438438 | F36: =F24*(1-F$34) -> 0.0053788669 | G36: =G24*(1-G$34) -> 0.0039002791 | H36: =H51 -> 0.0085011552 | I36: =I51 -> 0.009288 | J36: =J24*(1-J$34) -> 0.0056078427 | K36: =K24*(1-K$34) -> 0.0039061181 | L36: =L24*(1-L$34) -> 0.0055232768 | M36: =M51 -> 0.00812592 | N36: =N51 -> 0.0056448 | O36: =O51 -> 0.008604 | P36: =P24*(1-P$34) -> 0.0040859835 | Q36: =Q24*(1-Q$34) -> 0.0048077105 | R36: =R24*(1-R$34) -> 0.0087145668 | S36: =S51 -> 0.011862 | T36: =T51 -> 0.014376398 | U36: =U24*(1-U$34) -> 0.0037082295 | V36: =V51 -> 0.010773 | W36: =W24*(1-W$34) -> 0.015187709 | X36: =X51 -> 0.006668352 | Y36: =Y24*(1-Y$34) -> 0.0037690657 | Z36: =Z24*(1-Z$34) -> 0.0032629507 | AA36: =AA24*(1-AA$34) -> 0.0076231571 | AB36: =AB51 -> 0.017613 | AC36: =AC24*(1-AC$34) -> 0.0067142715 | AD36: =AD24*(1-AD$34) -> 0.0025378805 | AE36: =AE24*(1-AE$34) -> 0.0016520668 | AF36: =AF24*(1-AF$34) -> 0.004687265 | AG36: =AG24*(1-AG$34) -> 0.0057127297 | AH36: =AH24*(1-AH$34) -> 0.0051058156 | AI36: =AI24*(1-AI$34) -> 0.0017755911 | AJ36: =AJ24*(1-AJ$34) -> 0.0034015003 | ... AO36: =AO24*(1-AO$34) -> 0.0026194768
A37: =A36 -> INPUT | B37: 2020 | C37: =C28 -> Rdw_SDetH-New | D37: =D28 -> R_ES-SD-SpHeat-I | E37: =E28*(1-E$34) -> 0.0027225 | F37: =F28*(1-F$34) -> 0.011565264 | G37: =G28*(1-G$34) -> 0.0063148776 | H37: =H52 -> 0.012078144 | I37: =I52 -> 0.00792 | J37: =J28*(1-J$34) -> 0.012437452 | K37: =K28*(1-K$34) -> 0.0085920242 | L37: =L28*(1-L$34) -> 0.011724851 | M37: =M52 -> 0.0124416 | N37: =N52 -> 0.00828 | O37: =O52 -> 0.01314 | P37: =P28*(1-P$34) -> 0.0066203214 | Q37: =Q28*(1-Q$34) -> 0.0078365393 | R37: =R28*(1-R$34) -> 0.023391654 | S37: =S52 -> 0.01782 | T37: =T52 -> 0.013110552 | U37: =U28*(1-U$34) -> 0.0086596735 | V37: =V52 -> 0.017334 | W37: =W28*(1-W$34) -> 0.032527398 | X37: =X52 -> 0.00741744 | Y37: =Y28*(1-Y$34) -> 0.0061024322 | Z37: =Z28*(1-Z$34) -> 0.0075911976 | AA37: =AA28*(1-AA$34) -> 0.013573259 | AB37: =AB52 -> 0.027702 | AC37: =AC28*(1-AC$34) -> 0.012326987 | AD37: =AD28*(1-AD$34) -> 0.0041705385 | AE37: =AE28*(1-AE$34) -> 0.0034770875 | AF37: =AF28*(1-AF$34) -> 0.010724011 | AG37: =AG28*(1-AG$34) -> 0.012438193 | AH37: =AH28*(1-AH$34) -> 0.013598498 | AI37: =AI28*(1-AI$34) -> 0.0038366555 | AJ37: =AJ28*(1-AJ$34) -> 0.011260238 | ... AO37: =AO28*(1-AO$34) -> 0.0082312785
A38: =A29 -> INPUT | B38: 2070 | C38: =C35 -> Rdw_DetH-New | D38: =D35 -> R_ES-FL-SpHeat-I | E38: =E35*0.5 -> 0.0027217326 | F38: =F35*0.5 -> 0.011464966 | G38: =G35*0.5 -> 0.0063228737 | H38: =H35*0.5 -> 0.008245656 | I38: =I35*0.5 -> 0.00576 | J38: =J35*0.5 -> 0.011953024 | K38: =K35*0.5 -> 0.0074435731 | L38: =L35*0.5 -> 0.011730904 | ... AO38: =AO35*0.5 -> 0.0078317568
A39: =A38 -> INPUT | B39: 2070 | C39: =C36 -> Rdw_Flat-New | D39: =D36 -> R_ES-FL-SpHeat-I | E39: =E36*0.5 -> 0.00071921901 | F39: =F36*0.5 -> 0.0026894335 | G39: =G36*0.5 -> 0.0019501395 | H39: =H36*0.5 -> 0.0042505776 | I39: =I36*0.5 -> 0.004644 | J39: =J36*0.5 -> 0.0028039214 | K39: =K36*0.5 -> 0.0019530591 | L39: =L36*0.5 -> 0.0027616384 | ... AO39: =AO36*0.5 -> 0.0013097384
A40: =A39 -> INPUT | B40: 2070 | C40: =C37 -> Rdw_SDetH-New | D40: =D37 -> R_ES-SD-SpHeat-I | E40: =E37*0.5 -> 0.00136125 | F40: =F37*0.5 -> 0.0057826321 | G40: =G37*0.5 -> 0.0031574388 | H40: =H37*0.5 -> 0.006039072 | I40: =I37*0.5 -> 0.00396 | J40: =J37*0.5 -> 0.0062187262 | K40: =K37*0.5 -> 0.0042960121 | L40: =L37*0.5 -> 0.0058624257 | ... AO40: =AO37*0.5 -> 0.0041156393
E42: AL | F42: AT | G42: BA | H42: BE | I42: BG | J42: CH | K42: CY | L42: CZ | M42: DE | N42: DK | O42: EE | P42: EL | Q42: ES | R42: FI | S42: FR | T42: HR | U42: HU | V42: IE | W42: IS | X42: IT | Y42: KS | Z42: LT | AA42: LU | AB42: LV | AC42: ME | AD42: MK | AE42: MT | AF42: NL | AG42: NO | AH42: PL | AI42: PT | AJ42: RO | AK42: RS | AL42: SE | AM42: SI | AN42: SK | AO42: UK
F43: AT | H43: BE | I43: BG | K43: CY | L43: CZ | M43: DE | N43: DK | O43: EE | P43: EL | Q43: ES | R43: FI | S43: FR | T43: HR | U43: HU | V43: IE | X43: IT | Z43: LT | AA43: LU | AB43: LV | AE43: MT | AF43: NL | AH43: PL | AI43: PT | AJ43: RO | AL43: SE | AM43: SI | AN43: SK | AO43: UK
D44: kwh/m2 | F44: 160 | H44: 32.26 | I44: 40 | K44: 100 | L44: 0 | M44: 36 | N44: 20 | O44: 50 | P44: 0 | Q44: 0 | R44: 0 | S44: 50 | T44: 62.79 | U44: 0 | V44: 45 | X44: 20.4 | Z44: 0 | AA44: 0 | AB44: 95 | AE44: 40 | AF44: 25 | AH44: 67.11 | AI44: 0 | AJ44: 105.5 | AL44: 58.25 | AM44: 80.71 | AN44: 0 | AO44: 0
D45: Code | E45: AL | F45: AT | G45: BA | H45: BE | I45: BG | J45: CH | K45: CY | L45: CZ | M45: DE | N45: DK | O45: EE | P45: EL | Q45: ES | R45: FI | S45: FR | T45: HR | U45: HU | V45: IE | W45: IS | X45: IT | Y45: KS | Z45: LT | AA45: LU | AB45: LV | AC45: ME | AD45: MK | AE45: MT | AF45: NL | AG45: NO | AH45: PL | AI45: PT | AJ45: RO | AK45: RS | AL45: SE | AM45: SI | AN45: SK | AO45: UK
C46: m2 | D46: SF Detached | E46: 114 | F46: 150 | G46: 86 | H46: 142 | I46: 80 | J46: 150 | K46: 114 | L46: 125 | M46: 134 | N46: 167 | O46: 107 | P46: 114 | Q46: 139 | R46: 121 | S46: 140 | T46: 86 | U46: 116 | V46: 147 | W46: 121 | X46: 137 | Y46: 86 | Z46: 121 | AA46: 109 | AB46: 120 | AC46: 114 | AD46: 86 | AE46: 124 | AF46: 143 | AG46: 156 | AH46: 120 | AI46: 145 | AJ46: 91 | AK46: 86 | AL46: 156 | AM46: 119 | AN46: 120 | AO46: 102
D47: Multi-family | E47: 73 | F47: 71.6 | G47: 63.6 | H47: 73.2 | I47: 64.5 | J47: 71.6 | K47: 73 | L47: 61 | M47: 62.7 | N47: 78.4 | O47: 47.8 | P47: 73 | Q47: 86.4 | R47: 56 | S47: 65.9 | T47: 63.6 | U47: 46.7 | V47: 66.5 | W47: 56 | X47: 90.8 | Y47: 63.6 | Z47: 51.6 | AA47: 85.8 | AB47: 51.5 | AC47: 73 | AD47: 63.6 | AE47: 85 | AF47: 75.8 | AG47: 66.8 | AH47: 52.5 | AI47: 96.7 | AJ47: 48 | AK47: 63.6 | AL47: 66.8 | AM47: 51.6 | AN47: 61.3 | AO47: 48.4
D48: SF Semi-detached | E48: 79 | F48: 102 | G48: 58 | H48: 104 | I48: 55 | J48: 107 | K48: 81 | L48: 86 | M48: 96 | N48: 115 | O48: 73 | P48: 79 | Q48: 103 | R48: 85 | S48: 99 | T48: 58 | U48: 79 | V48: 107 | W48: 86 | X48: 101 | Y48: 58 | Z48: 83 | AA48: 79 | AB48: 81 | AC48: 79 | AD48: 59 | AE48: 97 | AF48: 110 | AG48: 109 | AH48: 81 | AI48: 102 | AJ48: 61 | AK48: 58 | AL48: 107 | AM48: 80 | AN48: 81 | AO48: 77
C50: PJ/building | D50: SF Detached | F50: =F$44*F46*3.6/1000000 -> 0.0864 | H50: =H$44*H46*3.6/1000000 -> 0.016491312 | I50: =I$44*I46*3.6/1000000 -> 0.01152 | K50: =K$44*K46*3.6/1000000 -> 0.04104 | M50: =M$44*M46*3.6/1000000 -> 0.0173664 | N50: =N$44*N46*3.6/1000000 -> 0.012024 | O50: =O$44*O46*3.6/1000000 -> 0.01926 | S50: =S$44*S46*3.6/1000000 -> 0.0252 | T50: =T$44*T46*3.6/1000000 -> 0.019439784 | V50: =V$44*V46*3.6/1000000 -> 0.023814 | X50: =X$44*X46*3.6/1000000 -> 0.01006128 | AB50: =AB$44*AB46*3.6/1000000 -> 0.04104 | AE50: =AE$44*AE46*3.6/1000000 -> 0.017856 | AF50: =AF$44*AF46*3.6/1000000 -> 0.01287 | AH50: =AH$44*AH46*3.6/1000000 -> 0.02899152 | AJ50: =AJ$44*AJ46*3.6/1000000 -> 0.0345618 | AL50: =AL$44*AL46*3.6/1000000 -> 0.0327132 | AM50: =AM$44*AM46*3.6/1000000 -> 0.034576164
D51: Multi-family | F51: =F$44*F47*3.6/1000000 -> 0.0412416 | H51: =H$44*H47*3.6/1000000 -> 0.0085011552 | I51: =I$44*I47*3.6/1000000 -> 0.009288 | K51: =K$44*K47*3.6/1000000 -> 0.02628 | M51: =M$44*M47*3.6/1000000 -> 0.00812592 | N51: =N$44*N47*3.6/1000000 -> 0.0056448 | O51: =O$44*O47*3.6/1000000 -> 0.008604 | S51: =S$44*S47*3.6/1000000 -> 0.011862 | T51: =T$44*T47*3.6/1000000 -> 0.014376398 | V51: =V$44*V47*3.6/1000000 -> 0.010773 | X51: =X$44*X47*3.6/1000000 -> 0.006668352 | AB51: =AB$44*AB47*3.6/1000000 -> 0.017613 | AE51: =AE$44*AE47*3.6/1000000 -> 0.01224 | AF51: =AF$44*AF47*3.6/1000000 -> 0.006822 | AH51: =AH$44*AH47*3.6/1000000 -> 0.01268379 | AJ51: =AJ$44*AJ47*3.6/1000000 -> 0.0182304 | AL51: =AL$44*AL47*3.6/1000000 -> 0.01400796 | AM51: =AM$44*AM47*3.6/1000000 -> 0.01499269
D52: SF Semi-detached | F52: =F$44*F48*3.6/1000000 -> 0.058752 | H52: =H$44*H48*3.6/1000000 -> 0.012078144 | I52: =I$44*I48*3.6/1000000 -> 0.00792 | K52: =K$44*K48*3.6/1000000 -> 0.02916 | M52: =M$44*M48*3.6/1000000 -> 0.0124416 | N52: =N$44*N48*3.6/1000000 -> 0.00828 | O52: =O$44*O48*3.6/1000000 -> 0.01314 | S52: =S$44*S48*3.6/1000000 -> 0.01782 | T52: =T$44*T48*3.6/1000000 -> 0.013110552 | V52: =V$44*V48*3.6/1000000 -> 0.017334 | X52: =X$44*X48*3.6/1000000 -> 0.00741744 | AB52: =AB$44*AB48*3.6/1000000 -> 0.027702 | AE52: =AE$44*AE48*3.6/1000000 -> 0.013968 | AF52: =AF$44*AF48*3.6/1000000 -> 0.0099 | AH52: =AH$44*AH48*3.6/1000000 -> 0.019569276 | AJ52: =AJ$44*AJ48*3.6/1000000 -> 0.0231678 | AL52: =AL$44*AL48*3.6/1000000 -> 0.0224379 | AM52: =AM$44*AM48*3.6/1000000 -> 0.02324448

Sheet Retrofit control
C4: ~TFM_INS
C5: Attribute | D5: Other_Indexes | E5: PSET_PN | F5: CSET_CN | G5: Year | H5: AllRegions
C6: FLO_EMIS | D6: ="R_"&MID(E6,5,20) -> R_Flat | E6: Rdw_Flat | F6: Bldg_FLTPre* | G6: 1940,1957,1975,1985,1995,2004 | H6: 0 | M6: 45
C7: FLO_EMIS | D7: ="R_"&MID(E7,5,20) -> R_DetH | E7: Rdw_DetH | F7: Bldg_DETPre* | G7: 1940,1957,1975,1985,1995,2004 | H7: 0 | M7: 69
C8: FLO_EMIS | D8: =D7 -> R_DetH | E8: Rdw_DetH-70 | F8: Bldg_DETPre* | G8: 1940,1957,1975,1985,1995,2004 | H8: 0 | M8: 79
C9: FLO_EMIS | D9: ="R_"&MID(E9,5,20) -> R_SDetH | E9: Rdw_SDetH | F9: Bldg_SDEPre* | G9: 1940,1957,1975,1985,1995,2004 | H9: 0 | M9: 89 | N9: =G10 -> 1940
C10: FLO_EMIS | D10: ="R_"&MID(E10,5,20) -> R_Flat | E10: Rdw_Flat | F10: ="Bldg_FLTPre"&M6&"*" -> Bldg_FLTPre45* | G10: 1940 | H10: 1 | M10: 99 | N10: =N9&","&G11 -> 1940,1957
C11: FLO_EMIS | D11: ="R_"&MID(E11,5,20) -> R_Flat | E11: Rdw_Flat | F11: ="Bldg_FLTPre"&M7&"*" -> Bldg_FLTPre69* | G11: 1957 | H11: 1 | M11: 09 | N11: =N10&","&G12 -> 1940,1957,1975
C12: FLO_EMIS | D12: ="R_"&MID(E12,5,20) -> R_Flat | E12: Rdw_Flat | F12: ="Bldg_FLTPre"&M8&"*" -> Bldg_FLTPre79* | G12: 1975 | H12: 1 | M12: =M6 -> 45 | N12: =N11&","&G13 -> 1940,1957,1975,1985
C13: FLO_EMIS | D13: ="R_"&MID(E13,5,20) -> R_Flat | E13: Rdw_Flat | F13: ="Bldg_FLTPre"&M9&"*" -> Bldg_FLTPre89* | G13: 1985 | H13: 1 | M13: =M7 -> 69 | N13: =N12&","&G14 -> 1940,1957,1975,1985,1995
C14: FLO_EMIS | D14: ="R_"&MID(E14,5,20) -> R_Flat | E14: Rdw_Flat | F14: ="Bldg_FLTPre"&M10&"*" -> Bldg_FLTPre99* | G14: 1995 | H14: 1 | M14: =M8 -> 79 | N14: =N13&","&G15 -> 1940,1957,1975,1985,1995,2004
C15: FLO_EMIS | D15: ="R_"&MID(E15,5,20) -> R_Flat | E15: Rdw_Flat | F15: ="Bldg_FLTPre"&M11&"*" -> Bldg_FLTPre09* | G15: 2004 | H15: 1 | M15: =M9 -> 89
C16: FLO_EMIS | D16: ="R_"&MID(E16,5,20) -> R_DetH | E16: Rdw_DetH | F16: ="Bldg_DETPre"&M12&"*" -> Bldg_DETPre45* | G16: =G10 -> 1940 | H16: 1 | M16: =M10 -> 99
C17: FLO_EMIS | D17: ="R_"&MID(E17,5,20) -> R_DetH | E17: Rdw_DetH | F17: ="Bldg_DETPre"&M13&"*" -> Bldg_DETPre69* | G17: =G11 -> 1957 | H17: 1 | M17: =M11 -> 09
C18: FLO_EMIS | D18: R_DetH | E18: Rdw_DetH-70 | F18: ="Bldg_DETPre"&M14&"*" -> Bldg_DETPre79* | G18: =G12 -> 1975 | H18: 1 | M18: =M12 -> 45
C19: FLO_EMIS | D19: R_DetH | E19: Rdw_DetH-70 | F19: ="Bldg_DETPre"&M15&"*" -> Bldg_DETPre89* | G19: =G13 -> 1985 | H19: 1 | M19: =M13 -> 69
C20: FLO_EMIS | D20: R_DetH | E20: Rdw_DetH-70 | F20: ="Bldg_DETPre"&M16&"*" -> Bldg_DETPre99* | G20: =G14 -> 1995 | H20: 1 | M20: =M14 -> 79
C21: FLO_EMIS | D21: R_DetH | E21: Rdw_DetH-70 | F21: ="Bldg_DETPre"&M17&"*" -> Bldg_DETPre09* | G21: =G15 -> 2004 | H21: 1 | M21: =M15 -> 89
C22: FLO_EMIS | D22: ="R_"&MID(E22,5,20) -> R_SDetH | E22: Rdw_SDetH | F22: ="Bldg_SDEPre"&M18&"*" -> Bldg_SDEPre45* | G22: =G16 -> 1940 | H22: 1 | M22: =M16 -> 99
C23: FLO_EMIS | D23: ="R_"&MID(E23,5,20) -> R_SDetH | E23: Rdw_SDetH | F23: ="Bldg_SDEPre"&M19&"*" -> Bldg_SDEPre69* | G23: =G17 -> 1957 | H23: 1 | M23: =M17 -> 09
C24: FLO_EMIS | D24: ="R_"&MID(E24,5,20) -> R_SDetH | E24: Rdw_SDetH | F24: ="Bldg_SDEPre"&M20&"*" -> Bldg_SDEPre79* | G24: =G18 -> 1975 | H24: 1
C25: FLO_EMIS | D25: ="R_"&MID(E25,5,20) -> R_SDetH | E25: Rdw_SDetH | F25: ="Bldg_SDEPre"&M21&"*" -> Bldg_SDEPre89* | G25: =G19 -> 1985 | H25: 1
C26: FLO_EMIS | D26: ="R_"&MID(E26,5,20) -> R_SDetH | E26: Rdw_SDetH | F26: ="Bldg_SDEPre"&M22&"*" -> Bldg_SDEPre99* | G26: =G20 -> 1995 | H26: 1
C27: FLO_EMIS | D27: ="R_"&MID(E27,5,20) -> R_SDetH | E27: Rdw_SDetH | F27: ="Bldg_SDEPre"&M23&"*" -> Bldg_SDEPre09* | G27: =G21 -> 2004 | H27: 1
C30: ~TFM_TOPINS
C31: Attribute | D31: Other_Indexes | E31: PSET_PN | F31: CSET_CN | G31: Year | H31: AllRegions
E32: Rdw_Flat | F32: Bldg_FLTPre* | H32: OUT
E33: Rdw_DetH | F33: Bldg_DETPre45*,Bldg_DETPre69* | H33: OUT
E34: Rdw_DetH-70 | F34: Bldg_DETPre79*,Bldg_DETPre89*,Bldg_DETPre99*,Bldg_DETPre09* | H34: OUT
E35: Rdw_SDetH | F35: Bldg_SDEPre* | H35: OUT
H37: ='Data EU Buildings Observatory'!$E$33/100 -> 0.0095230769 | I37: ='Data EU Buildings Observatory'!E4/100 -> 0.0182 | J37: ='Data EU Buildings Observatory'!$E$33/100 -> 0.0095230769 | K37: ='Data EU Buildings Observatory'!E5/100 -> 0.0033 | L37: ='Data EU Buildings Observatory'!$E$33/100 -> 0.0095230769 | M37: ='Data EU Buildings Observatory'!$E$33/100 -> 0.0095230769 | N37: ='Data EU Buildings Observatory'!$E$33/100 -> 0.0095230769 | O37: ='Data EU Buildings Observatory'!E9/100 -> 0.0118 | P37: ='Data EU Buildings Observatory'!E14/100 -> 0.0149 | Q37: ='Data EU Buildings Observatory'!$E$33/100 -> 0.0095230769 | R37: ='Data EU Buildings Observatory'!$E$33/100 -> 0.0095230769 | S37: ='Data EU Buildings Observatory'!$E$33/100 -> 0.0095230769 | T37: ='Data EU Buildings Observatory'!$E$33/100 -> 0.0095230769 | U37: ='Data EU Buildings Observatory'!$E$33/100 -> 0.0095230769 | V37: ='Data EU Buildings Observatory'!E13/100 -> 0.0175 | W37: ='Data EU Buildings Observatory'!$E$33/100 -> 0.0095230769 | X37: ='Data EU Buildings Observatory'!$E$33/100 -> 0.0095230769 | Y37: ='Data EU Buildings Observatory'!$E$33/100 -> 0.0095230769 | Z37: ='Data EU Buildings Observatory'!$E$33/100 -> 0.0095230769 | AA37: ='Data EU Buildings Observatory'!E18/100 -> 0.0077 | AB37: ='Data EU Buildings Observatory'!$E$33/100 -> 0.0095230769 | AC37: ='Data EU Buildings Observatory'!E20/100 -> 0.0113 | AD37: ='Data EU Buildings Observatory'!$E$33/100 -> 0.0095230769 | AE37: ='Data EU Buildings Observatory'!$E$33/100 -> 0.0095230769 | AF37: ='Data EU Buildings Observatory'!$E$33/100 -> 0.0095230769 | AG37: ='Data EU Buildings Observatory'!$E$33/100 -> 0.0095230769 | AH37: ='Data EU Buildings Observatory'!$E$33/100 -> 0.0095230769 | AI37: ='Data EU Buildings Observatory'!E23/100 -> 0.011 | AJ37: ='Data EU Buildings Observatory'!$E$33/100 -> 0.0095230769 | AK37: ='Data EU Buildings Observatory'!E24/100 -> 0.0012 | AL37: ='Data EU Buildings Observatory'!$E$33/100 -> 0.0095230769 | AM37: ='Data EU Buildings Observatory'!$E$33/100 -> 0.0095230769 | AN37: ='Data EU Buildings Observatory'!$E$33/100 -> 0.0095230769 | AO37: ='Data EU Buildings Observatory'!$E$33/100 -> 0.0095230769 | AP37: ='Data EU Buildings Observatory'!$E$33/100 -> 0.0095230769 | AQ37: ='Data EU Buildings Observatory'!$E$33/100 -> 0.0095230769 | AR37: ='Data EU Buildings Observatory'!$E$33/100 -> 0.0095230769
B38: DEACTIVATED | H38: =H37-Stock!E12 -> 0.0075230769 | I38: =I37-Stock!F12 -> 0.0162 | J38: =J37-Stock!G12 -> 0.0075230769 | K38: =K37-Stock!H12 -> 0.0008 | L38: =L37-Stock!I12 -> 0.0075230769 | M38: =M37-Stock!J12 -> 0.0075230769 | N38: =N37-Stock!K12 -> 0.0075230769 | O38: =O37-Stock!L12 -> 0.0098 | ... AJ38: =AJ37-Stock!AG12 -> 0.0075230769 | AK38: 0.001 | AL38: =AL37-Stock!AI12 -> 0.0075230769 | AM38: =AM37-Stock!AJ12 -> 0.0075230769 | AN38: =AN37-Stock!AK12 -> 0.0075230769 | AO38: =AO37-Stock!AL12 -> 0.0083230769 | AP38: =AP37-Stock!AM12 -> 0.0075230769 | AQ38: =AQ37-Stock!AN12 -> 0.0075230769 | AR38: =AR37-Stock!AO12 -> 0.0050930769
B39: TFM_INS
B40: Attribute | C40: PSET_PN | D40: PSET_CI | E40: LimType | F40: Year | G40: Allregions | H40: AL | I40: AT | J40: BA | K40: BE | L40: BG | M40: CH | N40: CY | O40: CZ | P40: DE | Q40: DK | R40: EE | S40: EL | T40: ES | U40: FI | V40: FR | W40: HR | X40: HU | Y40: IE | Z40: IS | AA40: IT | AB40: KS | AC40: LT | AD40: LU | AE40: LV | AF40: ME | AG40: MK | AH40: MT | AI40: NL | AJ40: NO | AK40: PL | AL40: PT | AM40: RO | AN40: RS | AO40: SE | AP40: SI | AQ40: SK | AR40: UK
B41: CAP_BND | C41: *MG3,*MW2,*MR3 | D41: Bldg_DETPre45* | E41: LO | F41: 2012 | G41: 0
B42: CAP_BND | C42: *MG3,*MW2,*MR3 | D42: Bldg_DETPre69* | E42: LO | F42: 2012 | G42: 0
B43: CAP_BND | C43: *MG3,*MW2,*MR3 | D43: Bldg_DETPre79* | E43: LO | F43: 2012 | G43: 0
B44: CAP_BND | C44: *MG3,*MW2,*MR3 | D44: Bldg_DETPre89* | E44: LO | F44: 2012 | G44: 0
B45: CAP_BND | C45: *MG3,*MW2,*MR3 | D45: Bldg_DETPre99* | E45: LO | F45: 2012 | G45: 0
B46: CAP_BND | C46: *MG3,*MW2,*MR3 | D46: Bldg_FLTPre45* | E46: LO | F46: 2012 | G46: 0
B47: CAP_BND | C47: *MG3,*MW2,*MR3 | D47: Bldg_FLTPre69* | E47: LO | F47: 2012 | G47: 0
B48: CAP_BND | C48: *MG3,*MW2,*MR3 | D48: Bldg_FLTPre79* | E48: LO | F48: 2012 | G48: 0
B49: CAP_BND | C49: *MG3,*MW2,*MR3 | D49: Bldg_FLTPre89* | E49: LO | F49: 2012 | G49: 0
B50: CAP_BND | C50: *MG3,*MW2,*MR3 | D50: Bldg_FLTPre99* | E50: LO | F50: 2012 | G50: 0
B51: CAP_BND | C51: *MG3,*MW2,*MR3 | D51: Bldg_SDEPre45* | E51: LO | F51: 2012 | G51: 0
B52: CAP_BND | C52: *MG3,*MW2,*MR3 | D52: Bldg_SDEPre69* | E52: LO | F52: 2012 | G52: 0
... B55: CAP_BND | C55: *MG3,*MW2,*MR3 | D55: Bldg_SDEPre99* | E55: LO | F55: 2012 | G55: 0
B56: CAP_BND | C56: *MG3,*MW2,*MR3 | D56: Bldg_DETPre45* | E56: LO | F56: 2070 | H56: =(1+FV(-H$38,($F$56-$F$41),0,100,1)/100)*H146 -> 2.5202917 | I56: =(1+FV(-I$38,($F$56-$F$41),0,100,1)/100)*I146 -> 149.82575 | J56: =(1+FV(-J$38,($F$56-$F$41),0,100,1)/100)*J146 -> 10.323461 | K56: =(1+FV(-K$38,($F$56-$F$41),0,100,1)/100)*K146 -> 17.057241 | L56: =(1+FV(-L$38,($F$56-$F$41),0,100,1)/100)*L146 -> 30.948292 | M56: =(1+FV(-M$38,($F$56-$F$41),0,100,1)/100)*M146 -> 71.953231 | N56: =(1+FV(-N$38,($F$56-$F$41),0,100,1)/100)*N146 -> 1.1362668 | O56: =(1+FV(-O$38,($F$56-$F$41),0,100,1)/100)*O146 -> 107.84441 | ... AR56: =(1+FV(-AR$38,($F$56-$F$41),0,100,1)/100)*AR146 -> 397.01175
B57: CAP_BND | C57: *MG3,*MW2,*MR3 | D57: Bldg_DETPre69* | E57: LO | F57: 2070 | H57: =(1+FV(-H$38,($F$56-$F$41),0,100,1)/100)*H147 -> 9.1722481 | I57: =(1+FV(-I$38,($F$56-$F$41),0,100,1)/100)*I147 -> 180.76872 | J57: =(1+FV(-J$38,($F$56-$F$41),0,100,1)/100)*J147 -> 23.569597 | K57: =(1+FV(-K$38,($F$56-$F$41),0,100,1)/100)*K147 -> 9.476245 | L57: =(1+FV(-L$38,($F$56-$F$41),0,100,1)/100)*L147 -> 64.06773 | M57: =(1+FV(-M$38,($F$56-$F$41),0,100,1)/100)*M147 -> 86.813467 | N57: =(1+FV(-N$38,($F$56-$F$41),0,100,1)/100)*N147 -> 3.7858625 | O57: =(1+FV(-O$38,($F$56-$F$41),0,100,1)/100)*O147 -> 146.46937 | ... AR57: =(1+FV(-AR$38,($F$56-$F$41),0,100,1)/100)*AR147 -> 249.8132
B58: CAP_BND | C58: *MG3,*MW2,*MR3 | D58: Bldg_DETPre79* | E58: LO | F58: 2070 | H58: =(1+FV(-H$38,($F$56-$F$41),0,100,1)/100)*H148 -> 7.3085981 | I58: =(1+FV(-I$38,($F$56-$F$41),0,100,1)/100)*I148 -> 93.010126 | J58: =(1+FV(-J$38,($F$56-$F$41),0,100,1)/100)*J148 -> 17.597234 | K58: =(1+FV(-K$38,($F$56-$F$41),0,100,1)/100)*K148 -> 5.1284276 | L58: =(1+FV(-L$38,($F$56-$F$41),0,100,1)/100)*L148 -> 37.14583 | M58: =(1+FV(-M$38,($F$56-$F$41),0,100,1)/100)*M148 -> 44.667749 | N58: =(1+FV(-N$38,($F$56-$F$41),0,100,1)/100)*N148 -> 5.1250277 | O58: =(1+FV(-O$38,($F$56-$F$41),0,100,1)/100)*O148 -> 60.016227 | ... AR58: =(1+FV(-AR$38,($F$56-$F$41),0,100,1)/100)*AR148 -> 109.7494
B59: CAP_BND | C59: *MG3,*MW2,*MR3 | D59: Bldg_DETPre89* | E59: LO | F59: 2070 | H59: =(1+FV(-H$38,($F$56-$F$41),0,100,1)/100)*H149 -> 5.594647 | I59: =(1+FV(-I$38,($F$56-$F$41),0,100,1)/100)*I149 -> 73.798003 | J59: =(1+FV(-J$38,($F$56-$F$41),0,100,1)/100)*J149 -> 14.872433 | K59: =(1+FV(-K$38,($F$56-$F$41),0,100,1)/100)*K149 -> 5.1284276 | L59: =(1+FV(-L$38,($F$56-$F$41),0,100,1)/100)*L149 -> 35.003855 | M59: =(1+FV(-M$38,($F$56-$F$41),0,100,1)/100)*M149 -> 35.441202 | N59: =(1+FV(-N$38,($F$56-$F$41),0,100,1)/100)*N149 -> 7.3986143 | O59: =(1+FV(-O$38,($F$56-$F$41),0,100,1)/100)*O149 -> 69.564537 | ... AR59: =(1+FV(-AR$38,($F$56-$F$41),0,100,1)/100)*AR149 -> 77.921251
B60: CAP_BND | C60: *MG3,*MW2,*MR3 | D60: Bldg_DETPre99* | E60: LO | F60: 2070 | H60: =(1+FV(-H$38,($F$56-$F$41),0,100,1)/100)*H150 -> 3.7637905 | I60: =(1+FV(-I$38,($F$56-$F$41),0,100,1)/100)*I150 -> 88.079318 | J60: =(1+FV(-J$38,($F$56-$F$41),0,100,1)/100)*J150 -> 7.2895332 | K60: =(1+FV(-K$38,($F$56-$F$41),0,100,1)/100)*K150 -> 3.7777053 | L60: =(1+FV(-L$38,($F$56-$F$41),0,100,1)/100)*L150 -> 20.215354 | M60: =(1+FV(-M$38,($F$56-$F$41),0,100,1)/100)*M150 -> 42.299747 | N60: =(1+FV(-N$38,($F$56-$F$41),0,100,1)/100)*N150 -> 6.379581 | O60: =(1+FV(-O$38,($F$56-$F$41),0,100,1)/100)*O150 -> 35.9087 | ... AR60: =(1+FV(-AR$38,($F$56-$F$41),0,100,1)/100)*AR150 -> 77.921251
B61: CAP_BND | C61: *MG3,*MW2,*MR3 | D61: Bldg_FLTPre45* | E61: LO | F61: 2070 | H61: =(1+FV(-H$38,($F$56-$F$41),0,100,1)/100)*H151 -> 5.8063755 | I61: =(1+FV(-I$38,($F$56-$F$41),0,100,1)/100)*I151 -> 216.68778 | J61: =(1+FV(-J$38,($F$56-$F$41),0,100,1)/100)*J151 -> 12.548545 | K61: =(1+FV(-K$38,($F$56-$F$41),0,100,1)/100)*K151 -> 16.252033 | L61: =(1+FV(-L$38,($F$56-$F$41),0,100,1)/100)*L151 -> 38.983921 | M61: =(1+FV(-M$38,($F$56-$F$41),0,100,1)/100)*M151 -> 140.92973 | N61: =(1+FV(-N$38,($F$56-$F$41),0,100,1)/100)*N151 -> 0.89681039 | O61: =(1+FV(-O$38,($F$56-$F$41),0,100,1)/100)*O151 -> 231.85033 | ... AR61: =(1+FV(-AR$38,($F$56-$F$41),0,100,1)/100)*AR151 -> 409.22632
B62: CAP_BND | C62: *MG3,*MW2,*MR3 | D62: Bldg_FLTPre69* | E62: LO | F62: 2070 | H62: =(1+FV(-H$38,($F$56-$F$41),0,100,1)/100)*H152 -> 21.131489 | I62: =(1+FV(-I$38,($F$56-$F$41),0,100,1)/100)*I152 -> 261.43951 | J62: =(1+FV(-J$38,($F$56-$F$41),0,100,1)/100)*J152 -> 28.649709 | K62: =(1+FV(-K$38,($F$56-$F$41),0,100,1)/100)*K152 -> 9.0289071 | L62: =(1+FV(-L$38,($F$56-$F$41),0,100,1)/100)*L152 -> 80.702718 | M62: =(1+FV(-M$38,($F$56-$F$41),0,100,1)/100)*M152 -> 170.03543 | N62: =(1+FV(-N$38,($F$56-$F$41),0,100,1)/100)*N152 -> 2.9880313 | O62: =(1+FV(-O$38,($F$56-$F$41),0,100,1)/100)*O152 -> 314.88857 | ... AR62: =(1+FV(-AR$38,($F$56-$F$41),0,100,1)/100)*AR152 -> 257.49902
B63: CAP_BND | C63: *MG3,*MW2,*MR3 | D63: Bldg_FLTPre79* | E63: LO | F63: 2070 | H63: =(1+FV(-H$38,($F$56-$F$41),0,100,1)/100)*H153 -> 16.837918 | I63: =(1+FV(-I$38,($F$56-$F$41),0,100,1)/100)*I153 -> 134.51731 | J63: =(1+FV(-J$38,($F$56-$F$41),0,100,1)/100)*J153 -> 21.390082 | K63: =(1+FV(-K$38,($F$56-$F$41),0,100,1)/100)*K153 -> 4.8863338 | L63: =(1+FV(-L$38,($F$56-$F$41),0,100,1)/100)*L153 -> 46.790631 | M63: =(1+FV(-M$38,($F$56-$F$41),0,100,1)/100)*M153 -> 87.487575 | N63: =(1+FV(-N$38,($F$56-$F$41),0,100,1)/100)*N153 -> 4.0449813 | O63: =(1+FV(-O$38,($F$56-$F$41),0,100,1)/100)*O153 -> 129.02645 | ... AR63: =(1+FV(-AR$38,($F$56-$F$41),0,100,1)/100)*AR153 -> 113.12598
B64: CAP_BND | C64: *MG3,*MW2,*MR3 | D64: Bldg_FLTPre89* | E64: LO | F64: 2070 | H64: =(1+FV(-H$38,($F$56-$F$41),0,100,1)/100)*H154 -> 12.889231 | I64: =(1+FV(-I$38,($F$56-$F$41),0,100,1)/100)*I154 -> 106.73149 | J64: =(1+FV(-J$38,($F$56-$F$41),0,100,1)/100)*J154 -> 18.077987 | K64: =(1+FV(-K$38,($F$56-$F$41),0,100,1)/100)*K154 -> 4.8863338 | L64: =(1+FV(-L$38,($F$56-$F$41),0,100,1)/100)*L154 -> 44.092498 | M64: =(1+FV(-M$38,($F$56-$F$41),0,100,1)/100)*M154 -> 69.416187 | N64: =(1+FV(-N$38,($F$56-$F$41),0,100,1)/100)*N154 -> 5.8394332 | O64: =(1+FV(-O$38,($F$56-$F$41),0,100,1)/100)*O154 -> 149.55398 | ... AR64: =(1+FV(-AR$38,($F$56-$F$41),0,100,1)/100)*AR154 -> 80.318597
B65: CAP_BND | C65: *MG3,*MW2,*MR3 | D65: Bldg_FLTPre99* | E65: LO | F65: 2070 | H65: =(1+FV(-H$38,($F$56-$F$41),0,100,1)/100)*H155 -> 8.6712111 | I65: =(1+FV(-I$38,($F$56-$F$41),0,100,1)/100)*I155 -> 127.38606 | J65: =(1+FV(-J$38,($F$56-$F$41),0,100,1)/100)*J155 -> 8.8606948 | K65: =(1+FV(-K$38,($F$56-$F$41),0,100,1)/100)*K155 -> 3.599374 | L65: =(1+FV(-L$38,($F$56-$F$41),0,100,1)/100)*L155 -> 25.464209 | M65: =(1+FV(-M$38,($F$56-$F$41),0,100,1)/100)*M155 -> 82.849537 | N65: =(1+FV(-N$38,($F$56-$F$41),0,100,1)/100)*N155 -> 5.0351505 | O65: =(1+FV(-O$38,($F$56-$F$41),0,100,1)/100)*O155 -> 77.198658 | ... AR65: =(1+FV(-AR$38,($F$56-$F$41),0,100,1)/100)*AR155 -> 80.318597
B66: CAP_BND | C66: *MG3,*MW2,*MR3 | D66: Bldg_SDEPre45* | E66: LO | F66: 2070 | H66: =(1+FV(-H$38,($F$56-$F$41),0,100,1)/100)*H156 -> 1.4250247 | I66: =(1+FV(-I$38,($F$56-$F$41),0,100,1)/100)*I156 -> 69.431447 | J66: =(1+FV(-J$38,($F$56-$F$41),0,100,1)/100)*J156 -> 3.6945263 | K66: =(1+FV(-K$38,($F$56-$F$41),0,100,1)/100)*K156 -> 28.459386 | L66: =(1+FV(-L$38,($F$56-$F$41),0,100,1)/100)*L156 -> 16.819724 | M66: =(1+FV(-M$38,($F$56-$F$41),0,100,1)/100)*M156 -> 80.720642 | N66: =(1+FV(-N$38,($F$56-$F$41),0,100,1)/100)*N156 -> 1.1604427 | O66: =(1+FV(-O$38,($F$56-$F$41),0,100,1)/100)*O156 -> 63.923905 | ... AR66: =(1+FV(-AR$38,($F$56-$F$41),0,100,1)/100)*AR156 -> 1378.3285
B67: CAP_BND | C67: *MG3,*MW2,*MR3 | D67: Bldg_SDEPre69* | E67: LO | F67: 2070 | H67: =(1+FV(-H$38,($F$56-$F$41),0,100,1)/100)*H157 -> 5.1861777 | I67: =(1+FV(-I$38,($F$56-$F$41),0,100,1)/100)*I157 -> 83.770868 | J67: =(1+FV(-J$38,($F$56-$F$41),0,100,1)/100)*J157 -> 8.4350099 | K67: =(1+FV(-K$38,($F$56-$F$41),0,100,1)/100)*K157 -> 15.81077 | L67: =(1+FV(-L$38,($F$56-$F$41),0,100,1)/100)*L157 -> 34.819418 | M67: =(1+FV(-M$38,($F$56-$F$41),0,100,1)/100)*M157 -> 97.391579 | N67: =(1+FV(-N$38,($F$56-$F$41),0,100,1)/100)*N157 -> 3.8664128 | O67: =(1+FV(-O$38,($F$56-$F$41),0,100,1)/100)*O157 -> 86.818541 | ... AR67: =(1+FV(-AR$38,($F$56-$F$41),0,100,1)/100)*AR157 -> 867.29082
... B70: CAP_BND | C70: *MG3,*MW2,*MR3 | D70: Bldg_SDEPre99* | E70: LO | F70: 2070 | H70: =(1+FV(-H$38,($F$56-$F$41),0,100,1)/100)*H160 -> 2.1281246 | I70: =(1+FV(-I$38,($F$56-$F$41),0,100,1)/100)*I160 -> 40.817245 | J70: =(1+FV(-J$38,($F$56-$F$41),0,100,1)/100)*J160 -> 2.6087542 | K70: =(1+FV(-K$38,($F$56-$F$41),0,100,1)/100)*K160 -> 6.3029638 | L70: =(1+FV(-L$38,($F$56-$F$41),0,100,1)/100)*L160 -> 10.986606 | M70: =(1+FV(-M$38,($F$56-$F$41),0,100,1)/100)*M160 -> 47.453918 | N70: =(1+FV(-N$38,($F$56-$F$41),0,100,1)/100)*N160 -> 6.5153167 | O70: =(1+FV(-O$38,($F$56-$F$41),0,100,1)/100)*O160 -> 21.284592 | ... AR70: =(1+FV(-AR$38,($F$56-$F$41),0,100,1)/100)*AR160 -> 270.52367
B71: CAP_BND | C71: *MG3,*MW2,*MR3 | D71: Bldg_DETPre45* | E71: LO | F71: 0 | G71: 15
B72: CAP_BND | C72: *MG3,*MW2,*MR3 | D72: Bldg_DETPre69* | E72: LO | F72: 0 | G72: 15
B73: CAP_BND | C73: *MG3,*MW2,*MR3 | D73: Bldg_DETPre79* | E73: LO | F73: 0 | G73: 15
B74: CAP_BND | C74: *MG3,*MW2,*MR3 | D74: Bldg_DETPre89* | E74: LO | F74: 0 | G74: 15
B75: CAP_BND | C75: *MG3,*MW2,*MR3 | D75: Bldg_DETPre99* | E75: LO | F75: 0 | G75: 15
B76: CAP_BND | C76: *MG3,*MW2,*MR3 | D76: Bldg_FLTPre45* | E76: LO | F76: 0 | G76: 15
B77: CAP_BND | C77: *MG3,*MW2,*MR3 | D77: Bldg_FLTPre69* | E77: LO | F77: 0 | G77: 15
B78: CAP_BND | C78: *MG3,*MW2,*MR3 | D78: Bldg_FLTPre79* | E78: LO | F78: 0 | G78: 15
B79: CAP_BND | C79: *MG3,*MW2,*MR3 | D79: Bldg_FLTPre89* | E79: LO | F79: 0 | G79: 15
B80: CAP_BND | C80: *MG3,*MW2,*MR3 | D80: Bldg_FLTPre99* | E80: LO | F80: 0 | G80: 15
B81: CAP_BND | C81: *MG3,*MW2,*MR3 | D81: Bldg_SDEPre45* | E81: LO | F81: 0 | G81: 15
B82: CAP_BND | C82: *MG3,*MW2,*MR3 | D82: Bldg_SDEPre69* | E82: LO | F82: 0 | G82: 15
... B85: CAP_BND | C85: *MG3,*MW2,*MR3 | D85: Bldg_SDEPre99* | E85: LO | F85: 0 | G85: 15
B88: ~TFM_INS
B89: Attribute | C89: PSET_PN | D89: PSET_CI | E89: LimType | F89: Year | G89: Allregions | H89: AL | I89: AT | J89: BA | K89: BE | L89: BG | M89: CH | N89: CY | O89: CZ | P89: DE | Q89: DK | R89: EE | S89: EL | T89: ES | U89: FI | V89: FR | W89: HR | X89: HU | Y89: IE | Z89: IS | AA89: IT | AB89: KS | AC89: LT | AD89: LU | AE89: LV | AF89: ME | AG89: MK | AH89: MT | AI89: NL | AJ89: NO | AK89: PL | AL89: PT | AM89: RO | AN89: RS | AO89: SE | AP89: SI | AQ89: SK | AR89: UK
B90: CAP_BND | D90: Bldg_DETPre45* | E90: UP | F90: 2015 | G90: 0
B91: CAP_BND | D91: Bldg_DETPre69* | E91: UP | F91: 2015 | G91: 0
B92: CAP_BND | D92: Bldg_DETPre79* | E92: UP | F92: 2015 | G92: 0
B93: CAP_BND | D93: Bldg_DETPre89* | E93: UP | F93: 2015 | G93: 0
B94: CAP_BND | D94: Bldg_DETPre99* | E94: UP | F94: 2015 | G94: 0
B95: CAP_BND | D95: Bldg_FLTPre45* | E95: UP | F95: 2015 | G95: 0
B96: CAP_BND | D96: Bldg_FLTPre69* | E96: UP | F96: 2015 | G96: 0
B97: CAP_BND | D97: Bldg_FLTPre79* | E97: UP | F97: 2015 | G97: 0
B98: CAP_BND | D98: Bldg_FLTPre89* | E98: UP | F98: 2015 | G98: 0
B99: CAP_BND | D99: Bldg_FLTPre99* | E99: UP | F99: 2015 | G99: 0
B100: CAP_BND | D100: Bldg_SDEPre45* | E100: UP | F100: 2015 | G100: 0
B101: CAP_BND | D101: Bldg_SDEPre69* | E101: UP | F101: 2015 | G101: 0
... B107: CAP_BND | D107: Bldg_SDEPre09* | E107: UP | F107: 2015 | G107: 0
B108: CAP_BND | D108: Bldg_DETPre45* | E108: UP | F108: 2070 | H108: =H146 -> 7.1060889 | I108: =I146 -> 244.72894 | J108: =J146 -> 29.107516 | K108: =K146 -> 376.06049 | L108: =L146 -> 87.260262 | M108: =M146 -> 202.87575 | N108: =N146 -> 3.2037613 | O108: =O146 -> 247.83002 | ... AR108: =AR146 -> 1548.8514
B109: CAP_BND | D109: Bldg_DETPre69* | E109: UP | F109: 2070 | H109: =H147 -> 25.861614 | I109: =I147 -> 295.27191 | J109: =J147 -> 66.455662 | K109: =K147 -> 208.92249 | L109: =L147 -> 180.64218 | M109: =M147 -> 244.77493 | N109: =N147 -> 10.674429 | O109: =O147 -> 336.59146 | ... AR109: =AR147 -> 974.58961
B110: CAP_BND | D110: Bldg_DETPre79* | E110: UP | F110: 2070 | H110: =H148 -> 20.606959 | I110: =I148 -> 151.92494 | J110: =J148 -> 49.616283 | K110: =K148 -> 113.06629 | L110: =L148 -> 104.73453 | M110: =M148 -> 125.94296 | N110: =N148 -> 14.450273 | O110: =O148 -> 137.91927 | ... AR110: =AR148 -> 428.1624
B111: CAP_BND | D111: Bldg_DETPre89* | E111: UP | F111: 2070 | H111: =H149 -> 15.774388 | I111: =I149 -> 120.54341 | J111: =J149 -> 41.93357 | K111: =K149 -> 113.06629 | L111: =L149 -> 98.695125 | M111: =M149 -> 99.928247 | N111: =N149 -> 20.860764 | O111: =O149 -> 159.8616 | ... AR111: =AR149 -> 303.9921
B112: CAP_BND | D112: Bldg_DETPre99* | E112: UP | F112: 2070 | H112: =H150 -> 10.612196 | I112: =I150 -> 143.87085 | J112: =J150 -> 20.553205 | K112: =K150 -> 83.286957 | L112: =L150 -> 56.998206 | M112: =M150 -> 119.26626 | N112: =N150 -> 17.987549 | O112: =O150 -> 82.519378 | ... AR112: =AR150 -> 303.9921
B113: CAP_BND | D113: Bldg_FLTPre45* | E113: UP | F113: 2070 | H113: =H151 -> 16.371367 | I113: =I151 -> 353.94296 | J113: =J151 -> 35.381253 | K113: =K151 -> 358.30809 | L113: =L151 -> 109.91712 | M113: =M151 -> 397.35844 | N113: =N151 -> 2.5286019 | O113: =O151 -> 532.79971 | ... AR113: =AR151 -> 1596.5038
B114: CAP_BND | D114: Bldg_FLTPre69* | E114: UP | F114: 2070 | H114: =H152 -> 59.581295 | I114: =I152 -> 427.04149 | J114: =J152 -> 80.779293 | K114: =K152 -> 199.06005 | L114: =L152 -> 227.54536 | M114: =M152 -> 479.42342 | N114: =N152 -> 8.4249042 | O114: =O152 -> 723.62433 | ... AR114: =AR152 -> 1004.5741
B115: CAP_BND | D115: Bldg_FLTPre79* | E115: UP | F115: 2070 | H115: =H153 -> 47.475355 | I115: =I153 -> 219.72377 | J115: =J153 -> 60.310411 | K115: =K153 -> 107.72886 | L115: =L153 -> 131.92853 | M115: =M153 -> 246.67561 | N115: =N153 -> 11.405028 | O115: =O153 -> 296.50705 | ... AR115: =AR153 -> 441.33536
B116: CAP_BND | D116: Bldg_FLTPre89* | E116: UP | F116: 2070 | H116: =H154 -> 36.341833 | I116: =I154 -> 174.33774 | J116: =J154 -> 50.971791 | K116: =K154 -> 107.72886 | L116: =L154 -> 124.32101 | M116: =M154 -> 195.72242 | N116: =N154 -> 16.464575 | O116: =O154 -> 343.67998 | ... AR116: =AR154 -> 313.34481
B117: CAP_BND | D117: Bldg_FLTPre99* | E117: UP | F117: 2070 | H117: =H155 -> 24.448915 | I117: =I155 -> 208.0754 | J117: =J155 -> 24.983174 | K117: =K155 -> 79.355293 | L117: =L155 -> 71.797614 | M117: =M155 -> 233.59843 | N117: =N155 -> 14.196859 | O117: =O155 -> 177.40507 | ... AR117: =AR155 -> 313.34481
B118: CAP_BND | D118: Bldg_SDEPre45* | E118: UP | F118: 2070 | H118: =H156 -> 4.0179288 | I118: =I156 -> 113.41097 | J118: =J156 -> 10.416902 | K118: =K156 -> 627.44324 | L118: =L156 -> 47.424056 | M118: =M156 -> 227.5959 | N118: =N156 -> 3.2719265 | O118: =O156 -> 146.89924 | ... AR118: =AR156 -> 5377.2362
B119: CAP_BND | D119: Bldg_SDEPre69* | E119: UP | F119: 2070 | H119: =H157 -> 14.622688 | I119: =I157 -> 136.83332 | J119: =J157 -> 23.782934 | K119: =K157 -> 348.57958 | L119: =L157 -> 98.175097 | M119: =M157 -> 274.60044 | N119: =N157 -> 10.901545 | O119: =O157 -> 199.51187 | ... AR119: =AR157 -> 3383.5386
...

Sheet ServBldg
A1: scenario | B1: attribute | C1: process | D1: commodity | E1: lim_type | F1: time_slice | G1: year | H1: commodity_group | I1: currency | J1: stage | K1: sow | L1: AL | M1: AT | N1: BA | O1: BE | P1: BG | Q1: CH | R1: CY | S1: CZ | T1: DE | U1: DK | V1: EE | W1: EL | X1: ES | Y1: FI | Z1: FR | AA1: HR | AB1: HU | AC1: IE | AD1: IS | AE1: IT | AF1: KS | AG1: LT | AH1: LU | AI1: LV | AJ1: ME | AK1: MK | AL1: MT | AM1: NL | AN1: NO | AO1: PL | AP1: PT | AQ1: RO | AR1: RS | AS1: SE | AT1: SI | AU1: SK | AV1: UK | AW1: year2
A2: BASE | B2: PASTI | C2: NRbldg-HoRest | D2: - | E2: - | F2: - | G2: 2010 | H2: - | I2: - | J2: - | K2: - | L2: 0.67999038 | M2: 36.346694 | N2: 0.78448403 | O2: 12.595736 | P2: 1.2 | Q2: 42.373017 | R2: 3.1671023 | S2: 1.479 | T2: 284.6 | U2: 5.321 | V2: 0.572 | W2: 26.057 | X2: 36.218 | Y2: 5.986 | Z2: 64.119 | AA2: 8.778 | AB2: 28.463 | AC2: 6.5120185 | AD2: 0.327157 | AE2: 41.389 | AF2: 0.42918684 | AG2: 2.2448779 | AH2: 1.3372518 | AI2: 1.431 | AJ2: 0.0063291183 | AK2: 0.83488342 | AL2: 0.72452379 | AM2: 13.352 | AN2: 4.5773726 | AO2: 42.693 | AP2: 6.4496276 | AQ2: 5.17 | AR2: 2.8944364 | AS2: 6.458 | AT2: 3.005 | AU2: 5.605 | AV2: 67.399 | AW2: -
A3: BASE | B3: PASTI | C3: NRbldg-Hosp | D3: - | E3: - | F3: - | G3: 2010 | H3: - | I3: - | J3: - | K3: - | L3: 0.27767906 | M3: 4.5699691 | N3: 0.67945644 | O3: 25.700716 | P3: 4.04 | Q3: 5.6389075 | R3: 0.25635962 | S3: 5.142 | T3: 64.374 | U3: 3.667 | V3: 0.538 | W3: 1.96 | X3: 19.056 | Y3: 8.426 | Z3: 116.864 | AA3: 3.15 | AB3: 11.236 | AC3: 2.795731 | AD3: 1.0744942 | AE3: 31.03842 | AF3: 0.22316242 | AG3: 2.79273 | AH3: 1.1946465 | AI3: 1.328 | AJ3: 0.0029917815 | AK3: 0.49677716 | AL3: 0.047529948 | AM3: 5.416 | AN3: 11.750651 | AO3: 10.248 | AP3: 3.4200713 | AQ3: 9.25 | AR3: 2.0523983 | AS3: 19.147 | AT3: 1.243 | AU3: 6.73 | AV3: 23.268 | AW3: -
A4: BASE | B4: PASTI | C4: NRbldg-Offic | D4: - | E4: - | F4: - | G4: 2010 | H4: - | I4: - | J4: - | K4: - | L4: 2.0700539 | M4: 50.124228 | N4: 5.0876389 | O4: 86.946263 | P4: 37.7 | Q4: 61.966293 | R4: 9.1045149 | S4: 48.025 | T4: 554.86356 | U4: 73.372 | V4: 3.914 | W4: 69.816 | X4: 138.112 | Y4: 28.1 | Z4: 394.472 | AA4: 11.62 | AB4: 21.008 | AC4: 27.684687 | AD4: 5.0529767 | AE4: 129.9292 | AF4: 1.7091305 | AG4: 19.599047 | AH4: 6.9747372 | AI4: 8.557 | AJ4: 0.020712536 | AK4: 3.6710913 | AL4: 1.4940635 | AM4: 51.41 | AN4: 43.450124 | AO4: 190.147 | AP4: 24.921274 | AQ4: 25.244 | AR4: 15.43375 | AS4: 83.274 | AT4: 10.908 | AU4: 20.61 | AV4: 229.84 | AW4: -
A5: BASE | B5: PASTI | C5: NRbldg-ShopL | D5: - | E5: - | F5: - | G5: 2010 | H5: - | I5: - | J5: - | K5: - | L5: 0.53191942 | M5: 8.4983247 | N5: 1.338477 | O5: 23.28575 | P5: 7.0763683 | Q5: 10.524958 | R5: 1.7202745 | S5: 9.5258804 | T5: 307.79178 | U5: 7.5360152 | V5: 1.1174708 | W5: 12.93074 | X5: 35.896456 | Y5: 19.244247 | Z5: 103.597 | AA5: 1.4346741 | AB5: 15.641193 | AC5: 24.238728 | AD5: 0.50228381 | AE5: 69.018754 | AF5: 0.44652662 | AG5: 5.2975677 | AH5: 2.4194108 | AI5: 1.319 | AJ5: 0.0053180311 | AK5: 0.95399758 | AL5: 0.26461103 | AM5: 44.4385 | AN5: 4.4465439 | AO5: 57.973601 | AP5: 6.4727724 | AQ5: 11.068166 | AR5: 4.0535138 | AS5: 8.2929241 | AT5: 3.1581048 | AU5: 0.18084052 | AV5: 197.75987 | AW5: -
