Workbook

Sheet Note
B3: This scenario udpates the tlife of existing nuclear power plants
B4: The formulas are flexible

Sheet Update
B2: ~TFM_UPD
B3: Attribute | C3: Pset_PN | D3: AllRegions
B4: NCAP_TLIFE | C4: ='Existing plants_SCEN50yrs'!D2 -> ENBE_DOEL-1_00 | D4: ='Existing plants_SCEN60yrs'!H2 -> 51
B5: NCAP_TLIFE | C5: ='Existing plants_SCEN50yrs'!D3 -> ENBE_DOEL-2_00 | D5: ='Existing plants_SCEN60yrs'!H3 -> 50
B6: NCAP_TLIFE | C6: ='Existing plants_SCEN50yrs'!D4 -> ENBE_DOEL-3_00 | D6: ='Existing plants_SCEN60yrs'!H4 -> 40
B7: NCAP_TLIFE | C7: ='Existing plants_SCEN50yrs'!D5 -> ENBE_DOEL-4_00 | D7: ='Existing plants_SCEN60yrs'!H5 -> 40
B8: NCAP_TLIFE | C8: ='Existing plants_SCEN50yrs'!D6 -> ENBE_TIHANGE-1_00 | D8: ='Existing plants_SCEN60yrs'!H6 -> 50
B9: NCAP_TLIFE | C9: ='Existing plants_SCEN50yrs'!D7 -> ENBE_TIHANGE-2_00 | D9: ='Existing plants_SCEN60yrs'!H7 -> 40
B10: NCAP_TLIFE | C10: ='Existing plants_SCEN50yrs'!D8 -> ENBE_TIHANGE-3_00 | D10: ='Existing plants_SCEN60yrs'!H8 -> 40
B11: NCAP_TLIFE | C11: ='Existing plants_SCEN50yrs'!D9 -> ENBG_KOZLODUY-3_00 | D11: ='Existing plants_SCEN60yrs'!H9 -> 26
B12: NCAP_TLIFE | C12: ='Existing plants_SCEN50yrs'!D10 -> ENBG_KOZLODUY-4_00 | D12: ='Existing plants_SCEN60yrs'!H10 -> 24
B13: NCAP_TLIFE | C13: ='Existing plants_SCEN50yrs'!D11 -> ENBG_KOZLODUY-5_00 | D13: ='Existing plants_SCEN60yrs'!H11 -> 60
B14: NCAP_TLIFE | C14: ='Existing plants_SCEN50yrs'!D12 -> ENBG_KOZLODUY-6_00 | D14: ='Existing plants_SCEN60yrs'!H12 -> 60
B15: NCAP_TLIFE | C15: ='Existing plants_SCEN50yrs'!D13 -> ENCH_BEZNAU-1_00 | D15: ='Existing plants_SCEN60yrs'!H13 -> 50
... B157: NCAP_TLIFE | C157: ='Existing plants_SCEN50yrs'!D155 -> ENUK_WYLFA2_00 | D157: ='Existing plants_SCEN60yrs'!H155 -> 41

Sheet Update (70 year)
B2: ~TFM_UPD
B3: Attribute | C3: Pset_PN | D3: AllRegions
B4: NCAP_TLIFE | C4: ='Existing plants_SCEN50yrs'!D2 -> ENBE_DOEL-1_00 | D4: ='Existing plants_SCEN70yrs'!H2 -> 51
B5: NCAP_TLIFE | C5: ='Existing plants_SCEN50yrs'!D3 -> ENBE_DOEL-2_00 | D5: ='Existing plants_SCEN70yrs'!H3 -> 50
B6: NCAP_TLIFE | C6: ='Existing plants_SCEN50yrs'!D4 -> ENBE_DOEL-3_00 | D6: ='Existing plants_SCEN70yrs'!H4 -> 40
B7: NCAP_TLIFE | C7: ='Existing plants_SCEN50yrs'!D5 -> ENBE_DOEL-4_00 | D7: ='Existing plants_SCEN70yrs'!H5 -> 40
B8: NCAP_TLIFE | C8: ='Existing plants_SCEN50yrs'!D6 -> ENBE_TIHANGE-1_00 | D8: ='Existing plants_SCEN70yrs'!H6 -> 50
B9: NCAP_TLIFE | C9: ='Existing plants_SCEN50yrs'!D7 -> ENBE_TIHANGE-2_00 | D9: ='Existing plants_SCEN70yrs'!H7 -> 40
B10: NCAP_TLIFE | C10: ='Existing plants_SCEN50yrs'!D8 -> ENBE_TIHANGE-3_00 | D10: ='Existing plants_SCEN70yrs'!H8 -> 40
B11: NCAP_TLIFE | C11: ='Existing plants_SCEN50yrs'!D9 -> ENBG_KOZLODUY-3_00 | D11: ='Existing plants_SCEN70yrs'!H9 -> 26
B12: NCAP_TLIFE | C12: ='Existing plants_SCEN50yrs'!D10 -> ENBG_KOZLODUY-4_00 | D12: ='Existing plants_SCEN70yrs'!H10 -> 24
B13: NCAP_TLIFE | C13: ='Existing plants_SCEN50yrs'!D11 -> ENBG_KOZLODUY-5_00 | D13: ='Existing plants_SCEN70yrs'!H11 -> 70
B14: NCAP_TLIFE | C14: ='Existing plants_SCEN50yrs'!D12 -> ENBG_KOZLODUY-6_00 | D14: ='Existing plants_SCEN70yrs'!H12 -> 70
B15: NCAP_TLIFE | C15: ='Existing plants_SCEN50yrs'!D13 -> ENCH_BEZNAU-1_00 | D15: ='Existing plants_SCEN70yrs'!H13 -> 50
... B157: NCAP_TLIFE | C157: ='Existing plants_SCEN50yrs'!D155 -> ENUK_WYLFA2_00 | D157: ='Existing plants_SCEN70yrs'!H155 -> 41

Sheet ShutdownCurve
B2: Year | C2: Remaining Capacity (40 yrs scenario) | D2: Remaining Capacity (50 yrs scenario) | E2: Remaining Capacity (60 yrs scenario) | F2: Remaining Capacity (70 yrs scenario)
B3: 2010 | C3: =SUMIF(Table157[End of life],">="&Table3[[#This Row],[Year]],Table157[Existing capacity GW]) -> 134.455 | D3: =SUMIF(Table15[End of life],">="&Table3[[#This Row],[Year]],Table15[Existing capacity GW]) -> 134.455 | E3: =SUMIF(Table1[End of life],">="&Table3[[#This Row],[Year]],Table1[Existing capacity GW]) -> 134.455 | F3: =SUMIF(Table1[End of life],">="&Table3[[#This Row],[Year]],Table1[Existing capacity GW]) -> 134.455
B4: 2011 | C4: =SUMIF(Table157[End of life],">="&Table3[[#This Row],[Year]],Table157[Existing capacity GW]) -> 134.455 | D4: =SUMIF(Table15[End of life],">="&Table3[[#This Row],[Year]],Table15[Existing capacity GW]) -> 134.455 | E4: =SUMIF(Table1[End of life],">="&Table3[[#This Row],[Year]],Table1[Existing capacity GW]) -> 134.455 | F4: =SUMIF(Table1[End of life],">="&Table3[[#This Row],[Year]],Table1[Existing capacity GW]) -> 134.455
B5: 2012 | C5: =SUMIF(Table157[End of life],">="&Table3[[#This Row],[Year]],Table157[Existing capacity GW]) -> 125.673 | D5: =SUMIF(Table15[End of life],">="&Table3[[#This Row],[Year]],Table15[Existing capacity GW]) -> 126.119 | E5: =SUMIF(Table1[End of life],">="&Table3[[#This Row],[Year]],Table1[Existing capacity GW]) -> 126.119 | F5: =SUMIF(Table1[End of life],">="&Table3[[#This Row],[Year]],Table1[Existing capacity GW]) -> 126.119
B6: 2013 | C6: =SUMIF(Table157[End of life],">="&Table3[[#This Row],[Year]],Table157[Existing capacity GW]) -> 124.966 | D6: =SUMIF(Table15[End of life],">="&Table3[[#This Row],[Year]],Table15[Existing capacity GW]) -> 125.412 | E6: =SUMIF(Table1[End of life],">="&Table3[[#This Row],[Year]],Table1[Existing capacity GW]) -> 125.412 | F6: =SUMIF(Table1[End of life],">="&Table3[[#This Row],[Year]],Table1[Existing capacity GW]) -> 125.412
B7: 2014 | C7: =SUMIF(Table157[End of life],">="&Table3[[#This Row],[Year]],Table157[Existing capacity GW]) -> 124.836 | D7: =SUMIF(Table15[End of life],">="&Table3[[#This Row],[Year]],Table15[Existing capacity GW]) -> 125.412 | E7: =SUMIF(Table1[End of life],">="&Table3[[#This Row],[Year]],Table1[Existing capacity GW]) -> 125.412 | F7: =SUMIF(Table1[End of life],">="&Table3[[#This Row],[Year]],Table1[Existing capacity GW]) -> 125.412
B8: 2015 | C8: =SUMIF(Table157[End of life],">="&Table3[[#This Row],[Year]],Table157[Existing capacity GW]) -> 124.836 | D8: =SUMIF(Table15[End of life],">="&Table3[[#This Row],[Year]],Table15[Existing capacity GW]) -> 125.412 | E8: =SUMIF(Table1[End of life],">="&Table3[[#This Row],[Year]],Table1[Existing capacity GW]) -> 125.412 | F8: =SUMIF(Table1[End of life],">="&Table3[[#This Row],[Year]],Table1[Existing capacity GW]) -> 125.412
B9: 2016 | C9: =SUMIF(Table157[End of life],">="&Table3[[#This Row],[Year]],Table157[Existing capacity GW]) -> 123.071 | D9: =SUMIF(Table15[End of life],">="&Table3[[#This Row],[Year]],Table15[Existing capacity GW]) -> 123.647 | E9: =SUMIF(Table1[End of life],">="&Table3[[#This Row],[Year]],Table1[Existing capacity GW]) -> 123.647 | F9: =SUMIF(Table1[End of life],">="&Table3[[#This Row],[Year]],Table1[Existing capacity GW]) -> 123.647
B10: 2017 | C10: =SUMIF(Table157[End of life],">="&Table3[[#This Row],[Year]],Table157[Existing capacity GW]) -> 123.071 | D10: =SUMIF(Table15[End of life],">="&Table3[[#This Row],[Year]],Table15[Existing capacity GW]) -> 123.647 | E10: =SUMIF(Table1[End of life],">="&Table3[[#This Row],[Year]],Table1[Existing capacity GW]) -> 123.647 | F10: =SUMIF(Table1[End of life],">="&Table3[[#This Row],[Year]],Table1[Existing capacity GW]) -> 123.647
B11: 2018 | C11: =SUMIF(Table157[End of life],">="&Table3[[#This Row],[Year]],Table157[Existing capacity GW]) -> 119.531 | D11: =SUMIF(Table15[End of life],">="&Table3[[#This Row],[Year]],Table15[Existing capacity GW]) -> 120.603 | E11: =SUMIF(Table1[End of life],">="&Table3[[#This Row],[Year]],Table1[Existing capacity GW]) -> 120.603 | F11: =SUMIF(Table1[End of life],">="&Table3[[#This Row],[Year]],Table1[Existing capacity GW]) -> 120.603
B12: 2019 | C12: =SUMIF(Table157[End of life],">="&Table3[[#This Row],[Year]],Table157[Existing capacity GW]) -> 116.358 | D12: =SUMIF(Table15[End of life],">="&Table3[[#This Row],[Year]],Table15[Existing capacity GW]) -> 120.13 | E12: =SUMIF(Table1[End of life],">="&Table3[[#This Row],[Year]],Table1[Existing capacity GW]) -> 120.13 | F12: =SUMIF(Table1[End of life],">="&Table3[[#This Row],[Year]],Table1[Existing capacity GW]) -> 120.13
B13: 2020 | C13: =SUMIF(Table157[End of life],">="&Table3[[#This Row],[Year]],Table157[Existing capacity GW]) -> 110.118 | D13: =SUMIF(Table15[End of life],">="&Table3[[#This Row],[Year]],Table15[Existing capacity GW]) -> 115.65 | E13: =SUMIF(Table1[End of life],">="&Table3[[#This Row],[Year]],Table1[Existing capacity GW]) -> 115.65 | F13: =SUMIF(Table1[End of life],">="&Table3[[#This Row],[Year]],Table1[Existing capacity GW]) -> 115.65
B14: 2021 | C14: =SUMIF(Table157[End of life],">="&Table3[[#This Row],[Year]],Table157[Existing capacity GW]) -> 97.973 | D14: =SUMIF(Table15[End of life],">="&Table3[[#This Row],[Year]],Table15[Existing capacity GW]) -> 113.269 | E14: =SUMIF(Table1[End of life],">="&Table3[[#This Row],[Year]],Table1[Existing capacity GW]) -> 113.269 | F14: =SUMIF(Table1[End of life],">="&Table3[[#This Row],[Year]],Table1[Existing capacity GW]) -> 113.269
... B43: 2050 | C43: =SUMIF(Table157[End of life],">="&Table3[[#This Row],[Year]],Table157[Existing capacity GW]) -> 0 | D43: =SUMIF(Table15[End of life],">="&Table3[[#This Row],[Year]],Table15[Existing capacity GW]) -> 2.576 | E43: =SUMIF(Table1[End of life],">="&Table3[[#This Row],[Year]],Table1[Existing capacity GW]) -> 18.921 | F43: =SUMIF(Table1[End of life],">="&Table3[[#This Row],[Year]],Table1[Existing capacity GW]) -> 18.921

Sheet Existing plants_SCEN40yrs
A1: Generic Lifetime | C1: Member State | D1: Process | E1: Start year | F1: Efficiency PJ/tU | G1: Lifetime Option | H1: Tlife yrs | I1: End of life (fixed) | J1: End of life | K1: Existing capacity GW | L1: Comments | M1: Source
A2: 40 | C2: BE | D2: ENBE_DOEL-1_00 | E2: 1974 | F2: 1.3464165 | G2: fixed | H2: =IF(Table157[[#This Row],[Lifetime Option]]="fixed",Table157[[#This Row],[End of life (fixed)]]-Table157[[#This Row],[Start year]],Table268[Generic Lifetime]) -> 51 | I2: 2025 | J2: =IF(Table157[[#This Row],[Lifetime Option]]="fixed",Table157[[#This Row],[End of life (fixed)]],Table157[[#This Row],[Start year]]+Table268[Generic Lifetime]) -> 2025 | K2: 0.433 | M2: http://www.engie.com/en/journalists/press-releases/agreement-conditions-extending-doel-1-doel-2-new-nuclear-contribution-system/
C3: BE | D3: ENBE_DOEL-2_00 | E3: 1975 | F3: 1.3464165 | G3: fixed | H3: =IF(Table157[[#This Row],[Lifetime Option]]="fixed",Table157[[#This Row],[End of life (fixed)]]-Table157[[#This Row],[Start year]],Table268[Generic Lifetime]) -> 50 | I3: 2025 | J3: =IF(Table157[[#This Row],[Lifetime Option]]="fixed",Table157[[#This Row],[End of life (fixed)]],Table157[[#This Row],[Start year]]+Table268[Generic Lifetime]) -> 2025 | K3: 0.433 | M3: http://www.engie.com/en/journalists/press-releases/agreement-conditions-extending-doel-1-doel-2-new-nuclear-contribution-system/
C4: BE | D4: ENBE_DOEL-3_00 | E4: 1982 | F4: 1.4638774 | G4: fixed | H4: =IF(Table157[[#This Row],[Lifetime Option]]="fixed",Table157[[#This Row],[End of life (fixed)]]-Table157[[#This Row],[Start year]],Table268[Generic Lifetime]) -> 40 | I4: 2022 | J4: =IF(Table157[[#This Row],[Lifetime Option]]="fixed",Table157[[#This Row],[End of life (fixed)]],Table157[[#This Row],[Start year]]+Table268[Generic Lifetime]) -> 2022 | K4: 1.006 | L4: uncertain - follow up | M4: http://www.fanc.fgov.be/nl/news/doel-3/tihange-2-next-steps-of-the-review-process/766.aspx
C5: BE | D5: ENBE_DOEL-4_00 | E5: 1985 | F5: 1.4183133 | G5: fixed | H5: =IF(Table157[[#This Row],[Lifetime Option]]="fixed",Table157[[#This Row],[End of life (fixed)]]-Table157[[#This Row],[Start year]],Table268[Generic Lifetime]) -> 40 | I5: 2025 | J5: =IF(Table157[[#This Row],[Lifetime Option]]="fixed",Table157[[#This Row],[End of life (fixed)]],Table157[[#This Row],[Start year]]+Table268[Generic Lifetime]) -> 2025 | K5: 1.039
C6: BE | D6: ENBE_TIHANGE-1_00 | E6: 1975 | F6: 1.3654688 | G6: fixed | H6: =IF(Table157[[#This Row],[Lifetime Option]]="fixed",Table157[[#This Row],[End of life (fixed)]]-Table157[[#This Row],[Start year]],Table268[Generic Lifetime]) -> 50 | I6: 2025 | J6: =IF(Table157[[#This Row],[Lifetime Option]]="fixed",Table157[[#This Row],[End of life (fixed)]],Table157[[#This Row],[Start year]]+Table268[Generic Lifetime]) -> 2025 | K6: 0.962 | M6: http://economie.fgov.be/fr/consommateurs/Energie/Nucleaire/centrales_nucleaires/sortie_nucleaire/#.Vdb00Y7DVE4
C7: BE | D7: ENBE_TIHANGE-2_00 | E7: 1982 | F7: 1.3387206 | G7: fixed | H7: =IF(Table157[[#This Row],[Lifetime Option]]="fixed",Table157[[#This Row],[End of life (fixed)]]-Table157[[#This Row],[Start year]],Table268[Generic Lifetime]) -> 40 | I7: 2022 | J7: =IF(Table157[[#This Row],[Lifetime Option]]="fixed",Table157[[#This Row],[End of life (fixed)]],Table157[[#This Row],[Start year]]+Table268[Generic Lifetime]) -> 2022 | K7: 1.008 | L7: uncertain - follow up | M7: http://www.fanc.fgov.be/nl/news/doel-3/tihange-2-next-steps-of-the-review-process/766.aspx
C8: BE | D8: ENBE_TIHANGE-3_00 | E8: 1985 | F8: 1.417824 | G8: fixed | H8: =IF(Table157[[#This Row],[Lifetime Option]]="fixed",Table157[[#This Row],[End of life (fixed)]]-Table157[[#This Row],[Start year]],Table268[Generic Lifetime]) -> 40 | I8: 2025 | J8: =IF(Table157[[#This Row],[Lifetime Option]]="fixed",Table157[[#This Row],[End of life (fixed)]],Table157[[#This Row],[Start year]]+Table268[Generic Lifetime]) -> 2025 | K8: 1.046
C9: BG | D9: ENBG_KOZLODUY-3_00 | E9: 1980 | F9: 0.77 | G9: fixed | H9: =IF(Table157[[#This Row],[Lifetime Option]]="fixed",Table157[[#This Row],[End of life (fixed)]]-Table157[[#This Row],[Start year]],Table268[Generic Lifetime]) -> 26 | I9: 2006 | J9: =IF(Table157[[#This Row],[Lifetime Option]]="fixed",Table157[[#This Row],[End of life (fixed)]],Table157[[#This Row],[Start year]]+Table268[Generic Lifetime]) -> 2006 | K9: 0.408 | L9: closed
C10: BG | D10: ENBG_KOZLODUY-4_00 | E10: 1982 | F10: 0.77 | G10: fixed | H10: =IF(Table157[[#This Row],[Lifetime Option]]="fixed",Table157[[#This Row],[End of life (fixed)]]-Table157[[#This Row],[Start year]],Table268[Generic Lifetime]) -> 24 | I10: 2006 | J10: =IF(Table157[[#This Row],[Lifetime Option]]="fixed",Table157[[#This Row],[End of life (fixed)]],Table157[[#This Row],[Start year]]+Table268[Generic Lifetime]) -> 2006 | K10: 0.408 | L10: closed
C11: BG | D11: ENBG_KOZLODUY-5_00 | E11: 1987 | F11: 0.7776 | G11: generic | H11: =IF(Table157[[#This Row],[Lifetime Option]]="fixed",Table157[[#This Row],[End of life (fixed)]]-Table157[[#This Row],[Start year]],Table268[Generic Lifetime]) -> 40 | J11: =IF(Table157[[#This Row],[Lifetime Option]]="fixed",Table157[[#This Row],[End of life (fixed)]],Table157[[#This Row],[Start year]]+Table268[Generic Lifetime]) -> 2027 | K11: 0.953 | M11: http://www.world-nuclear.org/info/Country-Profiles/Countries-A-F/Bulgaria/
C12: BG | D12: ENBG_KOZLODUY-6_00 | E12: 1991 | F12: 0.7776 | G12: generic | H12: =IF(Table157[[#This Row],[Lifetime Option]]="fixed",Table157[[#This Row],[End of life (fixed)]]-Table157[[#This Row],[Start year]],Table268[Generic Lifetime]) -> 40 | J12: =IF(Table157[[#This Row],[Lifetime Option]]="fixed",Table157[[#This Row],[End of life (fixed)]],Table157[[#This Row],[Start year]]+Table268[Generic Lifetime]) -> 2031 | K12: 0.953 | M12: http://www.world-nuclear.org/info/Country-Profiles/Countries-A-F/Bulgaria/
C13: CH | D13: ENCH_BEZNAU-1_00 | E13: 1969 | F13: 1.2203044 | G13: fixed | H13: =IF(Table157[[#This Row],[Lifetime Option]]="fixed",Table157[[#This Row],[End of life (fixed)]]-Table157[[#This Row],[Start year]],Table268[Generic Lifetime]) -> 50 | I13: 2019 | J13: =IF(Table157[[#This Row],[Lifetime Option]]="fixed",Table157[[#This Row],[End of life (fixed)]],Table157[[#This Row],[Start year]]+Table268[Generic Lifetime]) -> 2019 | K13: 0.365 | L13: need to follow up political developments | M13: http://www.world-nuclear.org/info/Country-Profiles/Countries-O-S/Switzerland/
C14: CH | D14: ENCH_BEZNAU-2_00 | E14: 1971 | F14: 1.2203044 | G14: fixed | H14: =IF(Table157[[#This Row],[Lifetime Option]]="fixed",Table157[[#This Row],[End of life (fixed)]]-Table157[[#This Row],[Start year]],Table268[Generic Lifetime]) -> 50 | I14: 2021 | J14: =IF(Table157[[#This Row],[Lifetime Option]]="fixed",Table157[[#This Row],[End of life (fixed)]],Table157[[#This Row],[Start year]]+Table268[Generic Lifetime]) -> 2021 | K14: 0.365 | L14: need to follow up political developments | M14: http://www.world-nuclear.org/info/Country-Profiles/Countries-O-S/Switzerland/
C15: CH | D15: ENCH_GOESGEN_00 | E15: 1979 | F15: 1.5489833 | G15: fixed | H15: =IF(Table157[[#This Row],[Lifetime Option]]="fixed",Table157[[#This Row],[End of life (fixed)]]-Table157[[#This Row],[Start year]],Table268[Generic Lifetime]) -> 50 | I15: 2029 | J15: =IF(Table157[[#This Row],[Lifetime Option]]="fixed",Table157[[#This Row],[End of life (fixed)]],Table157[[#This Row],[Start year]]+Table268[Generic Lifetime]) -> 2029 | K15: 0.985 | L15: need to follow up political developments | M15: http://www.world-nuclear.org/info/Country-Profiles/Countries-O-S/Switzerland/
C16: CH | D16: ENCH_LEIBSTADT_00 | E16: 1984 | F16: 1.28484 | G16: fixed | H16: =IF(Table157[[#This Row],[Lifetime Option]]="fixed",Table157[[#This Row],[End of life (fixed)]]-Table157[[#This Row],[Start year]],Table268[Generic Lifetime]) -> 50 | I16: 2034 | J16: =IF(Table157[[#This Row],[Lifetime Option]]="fixed",Table157[[#This Row],[End of life (fixed)]],Table157[[#This Row],[Start year]]+Table268[Generic Lifetime]) -> 2034 | K16: 1.22 | L16: need to follow up political developments | M16: http://www.world-nuclear.org/info/Country-Profiles/Countries-O-S/Switzerland/
C17: CH | D17: ENCH_MUEHLEBERG_00 | E17: 1971 | F17: 1.474392 | G17: fixed | H17: =IF(Table157[[#This Row],[Lifetime Option]]="fixed",Table157[[#This Row],[End of life (fixed)]]-Table157[[#This Row],[Start year]],Table268[Generic Lifetime]) -> 48 | I17: 2019 | J17: =IF(Table157[[#This Row],[Lifetime Option]]="fixed",Table157[[#This Row],[End of life (fixed)]],Table157[[#This Row],[Start year]]+Table268[Generic Lifetime]) -> 2019 | K17: 0.373 | L17: need to follow up political developments | M17: http://www.world-nuclear.org/info/Country-Profiles/Countries-O-S/Switzerland/
C18: CZ | D18: ENCZ_DUKOVANY-1_00 | E18: 1985 | F18: 1.2607488 | G18: generic | H18: =IF(Table157[[#This Row],[Lifetime Option]]="fixed",Table157[[#This Row],[End of life (fixed)]]-Table157[[#This Row],[Start year]],Table268[Generic Lifetime]) -> 40 | J18: =IF(Table157[[#This Row],[Lifetime Option]]="fixed",Table157[[#This Row],[End of life (fixed)]],Table157[[#This Row],[Start year]]+Table268[Generic Lifetime]) -> 2025 | K18: 0.468 | M18: http://www.oecd-nea.org/ndd/pubs/2014/7197-bb-2014.pdf
C19: CZ | D19: ENCZ_DUKOVANY-2_00 | E19: 1986 | F19: 1.2607488 | G19: generic | H19: =IF(Table157[[#This Row],[Lifetime Option]]="fixed",Table157[[#This Row],[End of life (fixed)]]-Table157[[#This Row],[Start year]],Table268[Generic Lifetime]) -> 40 | J19: =IF(Table157[[#This Row],[Lifetime Option]]="fixed",Table157[[#This Row],[End of life (fixed)]],Table157[[#This Row],[Start year]]+Table268[Generic Lifetime]) -> 2026 | K19: 0.471
C20: CZ | D20: ENCZ_DUKOVANY-3_00 | E20: 1986 | F20: 1.3110781 | G20: generic | H20: =IF(Table157[[#This Row],[Lifetime Option]]="fixed",Table157[[#This Row],[End of life (fixed)]]-Table157[[#This Row],[Start year]],Table268[Generic Lifetime]) -> 40 | J20: =IF(Table157[[#This Row],[Lifetime Option]]="fixed",Table157[[#This Row],[End of life (fixed)]],Table157[[#This Row],[Start year]]+Table268[Generic Lifetime]) -> 2026 | K20: 0.468
C21: CZ | D21: ENCZ_DUKOVANY-4_00 | E21: 1987 | F21: 1.2607488 | G21: generic | H21: =IF(Table157[[#This Row],[Lifetime Option]]="fixed",Table157[[#This Row],[End of life (fixed)]]-Table157[[#This Row],[Start year]],Table268[Generic Lifetime]) -> 40 | J21: =IF(Table157[[#This Row],[Lifetime Option]]="fixed",Table157[[#This Row],[End of life (fixed)]],Table157[[#This Row],[Start year]]+Table268[Generic Lifetime]) -> 2027 | K21: 0.471
C22: CZ | D22: ENCZ_TEMELIN-1_00 | E22: 2000 | F22: 1.312848 | G22: generic | H22: =IF(Table157[[#This Row],[Lifetime Option]]="fixed",Table157[[#This Row],[End of life (fixed)]]-Table157[[#This Row],[Start year]],Table268[Generic Lifetime]) -> 40 | J22: =IF(Table157[[#This Row],[Lifetime Option]]="fixed",Table157[[#This Row],[End of life (fixed)]],Table157[[#This Row],[Start year]]+Table268[Generic Lifetime]) -> 2040 | K22: 0.963
C23: CZ | D23: ENCZ_TEMELIN-2_00 | E23: 2002 | F23: 1.312848 | G23: generic | H23: =IF(Table157[[#This Row],[Lifetime Option]]="fixed",Table157[[#This Row],[End of life (fixed)]]-Table157[[#This Row],[Start year]],Table268[Generic Lifetime]) -> 40 | J23: =IF(Table157[[#This Row],[Lifetime Option]]="fixed",Table157[[#This Row],[End of life (fixed)]],Table157[[#This Row],[Start year]]+Table268[Generic Lifetime]) -> 2042 | K23: 0.963
C24: DE | D24: ENDE_BIBLIS-A_00 | E24: 1974 | F24: 0.940896 | G24: fixed | H24: =IF(Table157[[#This Row],[Lifetime Option]]="fixed",Table157[[#This Row],[End of life (fixed)]]-Table157[[#This Row],[Start year]],Table268[Generic Lifetime]) -> 37 | I24: 2011 | J24: =IF(Table157[[#This Row],[Lifetime Option]]="fixed",Table157[[#This Row],[End of life (fixed)]],Table157[[#This Row],[Start year]]+Table268[Generic Lifetime]) -> 2011 | K24: 1.167 | L24: closed
C25: DE | D25: ENDE_BIBLIS-B_00 | E25: 1976 | F25: 0.940896 | G25: fixed | H25: =IF(Table157[[#This Row],[Lifetime Option]]="fixed",Table157[[#This Row],[End of life (fixed)]]-Table157[[#This Row],[Start year]],Table268[Generic Lifetime]) -> 35 | I25: 2011 | J25: =IF(Table157[[#This Row],[Lifetime Option]]="fixed",Table157[[#This Row],[End of life (fixed)]],Table157[[#This Row],[Start year]]+Table268[Generic Lifetime]) -> 2011 | K25: 1.24 | L25: closed
C26: DE | D26: ENDE_BROKDORF_KBR_00 | E26: 1986 | F26: 1.1147815 | G26: fixed | H26: =IF(Table157[[#This Row],[Lifetime Option]]="fixed",Table157[[#This Row],[End of life (fixed)]]-Table157[[#This Row],[Start year]],Table268[Generic Lifetime]) -> 35 | I26: 2021 | J26: =IF(Table157[[#This Row],[Lifetime Option]]="fixed",Table157[[#This Row],[End of life (fixed)]],Table157[[#This Row],[Start year]]+Table268[Generic Lifetime]) -> 2021 | K26: 1.41
C27: DE | D27: ENDE_BRUNSBUETTEL_00 | E27: 1976 | F27: 0.912384 | G27: fixed | H27: =IF(Table157[[#This Row],[Lifetime Option]]="fixed",Table157[[#This Row],[End of life (fixed)]]-Table157[[#This Row],[Start year]],Table268[Generic Lifetime]) -> 35 | I27: 2011 | J27: =IF(Table157[[#This Row],[Lifetime Option]]="fixed",Table157[[#This Row],[End of life (fixed)]],Table157[[#This Row],[Start year]]+Table268[Generic Lifetime]) -> 2011 | K27: 0.771 | L27: closed
C28: DE | D28: ENDE_EMSLAND_KKE_00 | E28: 1988 | F28: 1.0053818 | G28: fixed | H28: =IF(Table157[[#This Row],[Lifetime Option]]="fixed",Table157[[#This Row],[End of life (fixed)]]-Table157[[#This Row],[Start year]],Table268[Generic Lifetime]) -> 34 | I28: 2022 | J28: =IF(Table157[[#This Row],[Lifetime Option]]="fixed",Table157[[#This Row],[End of life (fixed)]],Table157[[#This Row],[Start year]]+Table268[Generic Lifetime]) -> 2022 | K28: 1.335 | M28: capacity according to operator website
C29: DE | D29: ENDE_GRAFENRHEINFELD_KKG_00 | E29: 1981 | F29: 1.0494215 | G29: fixed | H29: =IF(Table157[[#This Row],[Lifetime Option]]="fixed",Table157[[#This Row],[End of life (fixed)]]-Table157[[#This Row],[Start year]],Table268[Generic Lifetime]) -> 34 | I29: 2015 | J29: =IF(Table157[[#This Row],[Lifetime Option]]="fixed",Table157[[#This Row],[End of life (fixed)]],Table157[[#This Row],[Start year]]+Table268[Generic Lifetime]) -> 2015 | K29: 1.275 | L29: closed
C30: DE | D30: ENDE_GROHNDE_KWG_00 | E30: 1984 | F30: 1.07712 | G30: fixed | H30: =IF(Table157[[#This Row],[Lifetime Option]]="fixed",Table157[[#This Row],[End of life (fixed)]]-Table157[[#This Row],[Start year]],Table268[Generic Lifetime]) -> 37 | I30: 2021 | J30: =IF(Table157[[#This Row],[Lifetime Option]]="fixed",Table157[[#This Row],[End of life (fixed)]],Table157[[#This Row],[Start year]]+Table268[Generic Lifetime]) -> 2021 | K30: 1.36
C31: DE | D31: ENDE_GUNDREM-B_GUN-B_00 | E31: 1984 | F31: 0.8316 | G31: fixed | H31: =IF(Table157[[#This Row],[Lifetime Option]]="fixed",Table157[[#This Row],[End of life (fixed)]]-Table157[[#This Row],[Start year]],Table268[Generic Lifetime]) -> 33 | I31: 2017 | J31: =IF(Table157[[#This Row],[Lifetime Option]]="fixed",Table157[[#This Row],[End of life (fixed)]],Table157[[#This Row],[Start year]]+Table268[Generic Lifetime]) -> 2017 | K31: 1.284
C32: DE | D32: ENDE_GUNDREM-C_GUN-C_00 | E32: 1984 | F32: 0.8316 | G32: fixed | H32: =IF(Table157[[#This Row],[Lifetime Option]]="fixed",Table157[[#This Row],[End of life (fixed)]]-Table157[[#This Row],[Start year]],Table268[Generic Lifetime]) -> 37 | I32: 2021 | J32: =IF(Table157[[#This Row],[Lifetime Option]]="fixed",Table157[[#This Row],[End of life (fixed)]],Table157[[#This Row],[Start year]]+Table268[Generic Lifetime]) -> 2021 | K32: 1.288
C33: DE | D33: ENDE_ISAR-1_00 | E33: 1988 | F33: 1.28304 | G33: fixed | H33: =IF(Table157[[#This Row],[Lifetime Option]]="fixed",Table157[[#This Row],[End of life (fixed)]]-Table157[[#This Row],[Start year]],Table268[Generic Lifetime]) -> 23 | I33: 2011 | J33: =IF(Table157[[#This Row],[Lifetime Option]]="fixed",Table157[[#This Row],[End of life (fixed)]],Table157[[#This Row],[Start year]]+Table268[Generic Lifetime]) -> 2011 | K33: 0.878 | L33: closed
C34: DE | D34: ENDE_ISAR-2_KKI2_00 | E34: 1988 | F34: 1.0394248 | G34: fixed | H34: =IF(Table157[[#This Row],[Lifetime Option]]="fixed",Table157[[#This Row],[End of life (fixed)]]-Table157[[#This Row],[Start year]],Table268[Generic Lifetime]) -> 34 | I34: 2022 | J34: =IF(Table157[[#This Row],[Lifetime Option]]="fixed",Table157[[#This Row],[End of life (fixed)]],Table157[[#This Row],[Start year]]+Table268[Generic Lifetime]) -> 2022 | K34: 1.41
C35: DE | D35: ENDE_KRUEMMEL_00 | E35: 1983 | F35: 0.912384 | G35: fixed | H35: =IF(Table157[[#This Row],[Lifetime Option]]="fixed",Table157[[#This Row],[End of life (fixed)]]-Table157[[#This Row],[Start year]],Table268[Generic Lifetime]) -> 28 | I35: 2011 | J35: =IF(Table157[[#This Row],[Lifetime Option]]="fixed",Table157[[#This Row],[End of life (fixed)]],Table157[[#This Row],[Start year]]+Table268[Generic Lifetime]) -> 2011 | K35: 1.26
C36: DE | D36: ENDE_NECKARWEST-2_GKN2_00 | E36: 1989 | F36: 1.4452364 | G36: fixed | H36: =IF(Table157[[#This Row],[Lifetime Option]]="fixed",Table157[[#This Row],[End of life (fixed)]]-Table157[[#This Row],[Start year]],Table268[Generic Lifetime]) -> 33 | I36: 2022 | J36: =IF(Table157[[#This Row],[Lifetime Option]]="fixed",Table157[[#This Row],[End of life (fixed)]],Table157[[#This Row],[Start year]]+Table268[Generic Lifetime]) -> 2022 | K36: 1.31
C37: DE | D37: ENDE_NECKARWESTHEIM-1_00 | E37: 1976 | F37: 1.0463904 | G37: fixed | H37: =IF(Table157[[#This Row],[Lifetime Option]]="fixed",Table157[[#This Row],[End of life (fixed)]]-Table157[[#This Row],[Start year]],Table268[Generic Lifetime]) -> 35 | I37: 2011 | J37: =IF(Table157[[#This Row],[Lifetime Option]]="fixed",Table157[[#This Row],[End of life (fixed)]],Table157[[#This Row],[Start year]]+Table268[Generic Lifetime]) -> 2011 | K37: 0.785 | L37: closed
C38: DE | D38: ENDE_PHILIPPSBURG-1_00 | E38: 1979 | F38: 1.1376288 | G38: fixed | H38: =IF(Table157[[#This Row],[Lifetime Option]]="fixed",Table157[[#This Row],[End of life (fixed)]]-Table157[[#This Row],[Start year]],Table268[Generic Lifetime]) -> 32 | I38: 2011 | J38: =IF(Table157[[#This Row],[Lifetime Option]]="fixed",Table157[[#This Row],[End of life (fixed)]],Table157[[#This Row],[Start year]]+Table268[Generic Lifetime]) -> 2011 | K38: 0.89 | L38: closed
C39: DE | D39: ENDE_PHILIPPSBURG-2_KKP2_00 | E39: 1984 | F39: 1.0596358 | G39: fixed | H39: =IF(Table157[[#This Row],[Lifetime Option]]="fixed",Table157[[#This Row],[End of life (fixed)]]-Table157[[#This Row],[Start year]],Table268[Generic Lifetime]) -> 35 | I39: 2019 | J39: =IF(Table157[[#This Row],[Lifetime Option]]="fixed",Table157[[#This Row],[End of life (fixed)]],Table157[[#This Row],[Start year]]+Table268[Generic Lifetime]) -> 2019 | K39: 1.402
C40: DE | D40: ENDE_UNTERWESER_00 | E40: 1978 | F40: 1.0093248 | G40: fixed | H40: =IF(Table157[[#This Row],[Lifetime Option]]="fixed",Table157[[#This Row],[End of life (fixed)]]-Table157[[#This Row],[Start year]],Table268[Generic Lifetime]) -> 33 | I40: 2011 | J40: =IF(Table157[[#This Row],[Lifetime Option]]="fixed",Table157[[#This Row],[End of life (fixed)]],Table157[[#This Row],[Start year]]+Table268[Generic Lifetime]) -> 2011 | K40: 1.345 | L40: closed
C41: ES | D41: ENES_ALMARAZ-1_00 | E41: 1983 | F41: 1.776961 | G41: generic | H41: =IF(Table157[[#This Row],[Lifetime Option]]="fixed",Table157[[#This Row],[End of life (fixed)]]-Table157[[#This Row],[Start year]],Table268[Generic Lifetime]) -> 40 | J41: =IF(Table157[[#This Row],[Lifetime Option]]="fixed",Table157[[#This Row],[End of life (fixed)]],Table157[[#This Row],[Start year]]+Table268[Generic Lifetime]) -> 2023 | K41: 1.011
C42: ES | D42: ENES_ALMARAZ-2_00 | E42: 1984 | F42: 1.3773573 | G42: generic | H42: =IF(Table157[[#This Row],[Lifetime Option]]="fixed",Table157[[#This Row],[End of life (fixed)]]-Table157[[#This Row],[Start year]],Table268[Generic Lifetime]) -> 40 | J42: =IF(Table157[[#This Row],[Lifetime Option]]="fixed",Table157[[#This Row],[End of life (fixed)]],Table157[[#This Row],[Start year]]+Table268[Generic Lifetime]) -> 2024 | K42: 1.006
C43: ES | D43: ENES_ASCO-1_00 | E43: 1983 | F43: 1.5325351 | G43: generic | H43: =IF(Table157[[#This Row],[Lifetime Option]]="fixed",Table157[[#This Row],[End of life (fixed)]]-Table157[[#This Row],[Start year]],Table268[Generic Lifetime]) -> 40 | J43: =IF(Table157[[#This Row],[Lifetime Option]]="fixed",Table157[[#This Row],[End of life (fixed)]],Table157[[#This Row],[Start year]]+Table268[Generic Lifetime]) -> 2023 | K43: 0.995
C44: ES | D44: ENES_ASCO-2_00 | E44: 1985 | F44: 1.5236336 | G44: generic | H44: =IF(Table157[[#This Row],[Lifetime Option]]="fixed",Table157[[#This Row],[End of life (fixed)]]-Table157[[#This Row],[Start year]],Table268[Generic Lifetime]) -> 40 | J44: =IF(Table157[[#This Row],[Lifetime Option]]="fixed",Table157[[#This Row],[End of life (fixed)]],Table157[[#This Row],[Start year]]+Table268[Generic Lifetime]) -> 2025 | K44: 0.997
C45: ES | D45: ENES_COFRENTES_00 | E45: 1985 | F45: 1.1658795 | G45: generic | H45: =IF(Table157[[#This Row],[Lifetime Option]]="fixed",Table157[[#This Row],[End of life (fixed)]]-Table157[[#This Row],[Start year]],Table268[Generic Lifetime]) -> 40 | J45: =IF(Table157[[#This Row],[Lifetime Option]]="fixed",Table157[[#This Row],[End of life (fixed)]],Table157[[#This Row],[Start year]]+Table268[Generic Lifetime]) -> 2025 | K45: 1.064
C46: ES | D46: ENES_SANTAMARIADEGARONA_00 | E46: 1971 | F46: 0.9037903 | G46: generic | H46: =IF(Table157[[#This Row],[Lifetime Option]]="fixed",Table157[[#This Row],[End of life (fixed)]]-Table157[[#This Row],[Start year]],Table268[Generic Lifetime]) -> 40 | J46: =IF(Table157[[#This Row],[Lifetime Option]]="fixed",Table157[[#This Row],[End of life (fixed)]],Table157[[#This Row],[Start year]]+Table268[Generic Lifetime]) -> 2011 | K46: 0.446
C47: ES | D47: ENES_TRILLO-1_00 | E47: 1988 | F47: 1.0097605 | G47: generic | H47: =IF(Table157[[#This Row],[Lifetime Option]]="fixed",Table157[[#This Row],[End of life (fixed)]]-Table157[[#This Row],[Start year]],Table268[Generic Lifetime]) -> 40 | J47: =IF(Table157[[#This Row],[Lifetime Option]]="fixed",Table157[[#This Row],[End of life (fixed)]],Table157[[#This Row],[Start year]]+Table268[Generic Lifetime]) -> 2028 | K47: 1.003
C48: ES | D48: ENES_VANDELLOS-2_00 | E48: 1987 | F48: 1.6126482 | G48: generic | H48: =IF(Table157[[#This Row],[Lifetime Option]]="fixed",Table157[[#This Row],[End of life (fixed)]]-Table157[[#This Row],[Start year]],Table268[Generic Lifetime]) -> 40 | J48: =IF(Table157[[#This Row],[Lifetime Option]]="fixed",Table157[[#This Row],[End of life (fixed)]],Table157[[#This Row],[Start year]]+Table268[Generic Lifetime]) -> 2027 | K48: 1.045
C49: FI | D49: ENFI_LOVIISA-1_00 | E49: 1977 | F49: 1.17504 | G49: generic | H49: =IF(Table157[[#This Row],[Lifetime Option]]="fixed",Table157[[#This Row],[End of life (fixed)]]-Table157[[#This Row],[Start year]],Table268[Generic Lifetime]) -> 40 | J49: =IF(Table157[[#This Row],[Lifetime Option]]="fixed",Table157[[#This Row],[End of life (fixed)]],Table157[[#This Row],[Start year]]+Table268[Generic Lifetime]) -> 2017 | K49: 0.496
C50: FI | D50: ENFI_LOVIISA-2_00 | E50: 1980 | F50: 1.17504 | G50: generic | H50: =IF(Table157[[#This Row],[Lifetime Option]]="fixed",Table157[[#This Row],[End of life (fixed)]]-Table157[[#This Row],[Start year]],Table268[Generic Lifetime]) -> 40 | J50: =IF(Table157[[#This Row],[Lifetime Option]]="fixed",Table157[[#This Row],[End of life (fixed)]],Table157[[#This Row],[Start year]]+Table268[Generic Lifetime]) -> 2020 | K50: 0.496
C51: FI | D51: ENFI_OLKILUOTO-1_00 | E51: 1978 | F51: 1.1636352 | G51: generic | H51: =IF(Table157[[#This Row],[Lifetime Option]]="fixed",Table157[[#This Row],[End of life (fixed)]]-Table157[[#This Row],[Start year]],Table268[Generic Lifetime]) -> 40 | J51: =IF(Table157[[#This Row],[Lifetime Option]]="fixed",Table157[[#This Row],[End of life (fixed)]],Table157[[#This Row],[Start year]]+Table268[Generic Lifetime]) -> 2018 | K51: 0.88
C52: FI | D52: ENFI_OLKILUOTO-2_00 | E52: 1980 | F52: 1.1380608 | G52: generic | H52: =IF(Table157[[#This Row],[Lifetime Option]]="fixed",Table157[[#This Row],[End of life (fixed)]]-Table157[[#This Row],[Start year]],Table268[Generic Lifetime]) -> 40 | J52: =IF(Table157[[#This Row],[Lifetime Option]]="fixed",Table157[[#This Row],[End of life (fixed)]],Table157[[#This Row],[Start year]]+Table268[Generic Lifetime]) -> 2020 | K52: 0.88
C53: FR | D53: ENFR_BELLEVILLE-1_00 | E53: 1987 | F53: 1.0181256 | G53: generic | H53: =IF(Table157[[#This Row],[Lifetime Option]]="fixed",Table157[[#This Row],[End of life (fixed)]]-Table157[[#This Row],[Start year]],Table268[Generic Lifetime]) -> 40 | J53: =IF(Table157[[#This Row],[Lifetime Option]]="fixed",Table157[[#This Row],[End of life (fixed)]],Table157[[#This Row],[Start year]]+Table268[Generic Lifetime]) -> 2027 | K53: 1.31 | L53: According to grand carénage | M53: http://www.developpement-durable.gouv.fr/Renforcer-la-surete-nucleaire-et-l,41397.html
C54: FR | D54: ENFR_BELLEVILLE-2_00 | E54: 1988 | F54: 1.0181256 | G54: generic | H54: =IF(Table157[[#This Row],[Lifetime Option]]="fixed",Table157[[#This Row],[End of life (fixed)]]-Table157[[#This Row],[Start year]],Table268[Generic Lifetime]) -> 40 | J54: =IF(Table157[[#This Row],[Lifetime Option]]="fixed",Table157[[#This Row],[End of life (fixed)]],Table157[[#This Row],[Start year]]+Table268[Generic Lifetime]) -> 2028 | K54: 1.31
C55: FR | D55: ENFR_BLAYAIS-1_00 | E55: 1981 | F55: 0.99529031 | G55: generic | H55: =IF(Table157[[#This Row],[Lifetime Option]]="fixed",Table157[[#This Row],[End of life (fixed)]]-Table157[[#This Row],[Start year]],Table268[Generic Lifetime]) -> 40 | J55: =IF(Table157[[#This Row],[Lifetime Option]]="fixed",Table157[[#This Row],[End of life (fixed)]],Table157[[#This Row],[Start year]]+Table268[Generic Lifetime]) -> 2021 | K55: 0.91
C56: FR | D56: ENFR_BLAYAIS-2_00 | E56: 1982 | F56: 0.99529031 | G56: generic | H56: =IF(Table157[[#This Row],[Lifetime Option]]="fixed",Table157[[#This Row],[End of life (fixed)]]-Table157[[#This Row],[Start year]],Table268[Generic Lifetime]) -> 40 | J56: =IF(Table157[[#This Row],[Lifetime Option]]="fixed",Table157[[#This Row],[End of life (fixed)]],Table157[[#This Row],[Start year]]+Table268[Generic Lifetime]) -> 2022 | K56: 0.91
C57: FR | D57: ENFR_BLAYAIS-3_00 | E57: 1983 | F57: 0.99529031 | G57: generic | H57: =IF(Table157[[#This Row],[Lifetime Option]]="fixed",Table157[[#This Row],[End of life (fixed)]]-Table157[[#This Row],[Start year]],Table268[Generic Lifetime]) -> 40 | J57: =IF(Table157[[#This Row],[Lifetime Option]]="fixed",Table157[[#This Row],[End of life (fixed)]],Table157[[#This Row],[Start year]]+Table268[Generic Lifetime]) -> 2023 | K57: 0.91
C58: FR | D58: ENFR_BLAYAIS-4_00 | E58: 1983 | F58: 0.99529031 | G58: generic | H58: =IF(Table157[[#This Row],[Lifetime Option]]="fixed",Table157[[#This Row],[End of life (fixed)]]-Table157[[#This Row],[Start year]],Table268[Generic Lifetime]) -> 40 | J58: =IF(Table157[[#This Row],[Lifetime Option]]="fixed",Table157[[#This Row],[End of life (fixed)]],Table157[[#This Row],[Start year]]+Table268[Generic Lifetime]) -> 2023 | K58: 0.91
C59: FR | D59: ENFR_BUGEY-2_00_00 | E59: 1978 | F59: 0.98901087 | G59: generic | H59: =IF(Table157[[#This Row],[Lifetime Option]]="fixed",Table157[[#This Row],[End of life (fixed)]]-Table157[[#This Row],[Start year]],Table268[Generic Lifetime]) -> 40 | J59: =IF(Table157[[#This Row],[Lifetime Option]]="fixed",Table157[[#This Row],[End of life (fixed)]],Table157[[#This Row],[Start year]]+Table268[Generic Lifetime]) -> 2018 | K59: 0.91
C60: FR | D60: ENFR_BUGEY-3_00_00 | E60: 1978 | F60: 0.98901087 | G60: generic | H60: =IF(Table157[[#This Row],[Lifetime Option]]="fixed",Table157[[#This Row],[End of life (fixed)]]-Table157[[#This Row],[Start year]],Table268[Generic Lifetime]) -> 40 | J60: =IF(Table157[[#This Row],[Lifetime Option]]="fixed",Table157[[#This Row],[End of life (fixed)]],Table157[[#This Row],[Start year]]+Table268[Generic Lifetime]) -> 2018 | K60: 0.91
C61: FR | D61: ENFR_BUGEY-4_00_00 | E61: 1979 | F61: 0.95970685 | G61: generic | H61: =IF(Table157[[#This Row],[Lifetime Option]]="fixed",Table157[[#This Row],[End of life (fixed)]]-Table157[[#This Row],[Start year]],Table268[Generic Lifetime]) -> 40 | J61: =IF(Table157[[#This Row],[Lifetime Option]]="fixed",Table157[[#This Row],[End of life (fixed)]],Table157[[#This Row],[Start year]]+Table268[Generic Lifetime]) -> 2019 | K61: 0.88
C62: FR | D62: ENFR_BUGEY-5_00_00 | E62: 1979 | F62: 0.95970685 | G62: generic | H62: =IF(Table157[[#This Row],[Lifetime Option]]="fixed",Table157[[#This Row],[End of life (fixed)]]-Table157[[#This Row],[Start year]],Table268[Generic Lifetime]) -> 40 | J62: =IF(Table157[[#This Row],[Lifetime Option]]="fixed",Table157[[#This Row],[End of life (fixed)]],Table157[[#This Row],[Start year]]+Table268[Generic Lifetime]) -> 2019 | K62: 0.88
C63: FR | D63: ENFR_CATTENOM-1_00 | E63: 1986 | F63: 1.0173787 | G63: generic | H63: =IF(Table157[[#This Row],[Lifetime Option]]="fixed",Table157[[#This Row],[End of life (fixed)]]-Table157[[#This Row],[Start year]],Table268[Generic Lifetime]) -> 40 | J63: =IF(Table157[[#This Row],[Lifetime Option]]="fixed",Table157[[#This Row],[End of life (fixed)]],Table157[[#This Row],[Start year]]+Table268[Generic Lifetime]) -> 2026 | K63: 1.3
C64: FR | D64: ENFR_CATTENOM-2_00 | E64: 1987 | F64: 1.0173787 | G64: generic | H64: =IF(Table157[[#This Row],[Lifetime Option]]="fixed",Table157[[#This Row],[End of life (fixed)]]-Table157[[#This Row],[Start year]],Table268[Generic Lifetime]) -> 40 | J64: =IF(Table157[[#This Row],[Lifetime Option]]="fixed",Table157[[#This Row],[End of life (fixed)]],Table157[[#This Row],[Start year]]+Table268[Generic Lifetime]) -> 2027 | K64: 1.3
C65: FR | D65: ENFR_CATTENOM-3_00 | E65: 1990 | F65: 1.0173787 | G65: generic | H65: =IF(Table157[[#This Row],[Lifetime Option]]="fixed",Table157[[#This Row],[End of life (fixed)]]-Table157[[#This Row],[Start year]],Table268[Generic Lifetime]) -> 40 | J65: =IF(Table157[[#This Row],[Lifetime Option]]="fixed",Table157[[#This Row],[End of life (fixed)]],Table157[[#This Row],[Start year]]+Table268[Generic Lifetime]) -> 2030 | K65: 1.3
... C82: FR | D82: ENFR_DAMPIERRE-4_00 | E82: 1981 | F82: 0.98063829 | G82: generic | H82: =IF(Table157[[#This Row],[Lifetime Option]]="fixed",Table157[[#This Row],[End of life (fixed)]]-Table157[[#This Row],[Start year]],Table268[Generic Lifetime]) -> 40 | J82: =IF(Table157[[#This Row],[Lifetime Option]]="fixed",Table157[[#This Row],[End of life (fixed)]],Table157[[#This Row],[Start year]]+Table268[Generic Lifetime]) -> 2021 | K82: 0.89
C83: FR | D83: ENFR_FESSENHEIM-1_00 | E83: 1977 | F83: 1.3148391 | G83: fixed | H83: =IF(Table157[[#This Row],[Lifetime Option]]="fixed",Table157[[#This Row],[End of life (fixed)]]-Table157[[#This Row],[Start year]],Table268[Generic Lifetime]) -> 40 | I83: 2017 | J83: =IF(Table157[[#This Row],[Lifetime Option]]="fixed",Table157[[#This Row],[End of life (fixed)]],Table157[[#This Row],[Start year]]+Table268[Generic Lifetime]) -> 2017 | K83: 0.88 | L83: closing date unclear - follow up
C84: FR | D84: ENFR_FESSENHEIM-2_00 | E84: 1977 | F84: 1.3148391 | G84: fixed | H84: =IF(Table157[[#This Row],[Lifetime Option]]="fixed",Table157[[#This Row],[End of life (fixed)]]-Table157[[#This Row],[Start year]],Table268[Generic Lifetime]) -> 40 | I84: 2017 | J84: =IF(Table157[[#This Row],[Lifetime Option]]="fixed",Table157[[#This Row],[End of life (fixed)]],Table157[[#This Row],[Start year]]+Table268[Generic Lifetime]) -> 2017 | K84: 0.88 | L84: closing date unclear - follow up
C85: FR | D85: ENFR_FLAMANVILLE-1_00 | E85: 1985 | F85: 1.0323182 | G85: generic | H85: =IF(Table157[[#This Row],[Lifetime Option]]="fixed",Table157[[#This Row],[End of life (fixed)]]-Table157[[#This Row],[Start year]],Table268[Generic Lifetime]) -> 40 | J85: =IF(Table157[[#This Row],[Lifetime Option]]="fixed",Table157[[#This Row],[End of life (fixed)]],Table157[[#This Row],[Start year]]+Table268[Generic Lifetime]) -> 2025 | K85: 1.33
C86: FR | D86: ENFR_FLAMANVILLE-2_00 | E86: 1986 | F86: 1.0323182 | G86: generic | H86: =IF(Table157[[#This Row],[Lifetime Option]]="fixed",Table157[[#This Row],[End of life (fixed)]]-Table157[[#This Row],[Start year]],Table268[Generic Lifetime]) -> 40 | J86: =IF(Table157[[#This Row],[Lifetime Option]]="fixed",Table157[[#This Row],[End of life (fixed)]],Table157[[#This Row],[Start year]]+Table268[Generic Lifetime]) -> 2026 | K86: 1.33
C87: FR | D87: ENFR_GOLFECH-1_00 | E87: 1990 | F87: 1.0181256 | G87: generic | H87: =IF(Table157[[#This Row],[Lifetime Option]]="fixed",Table157[[#This Row],[End of life (fixed)]]-Table157[[#This Row],[Start year]],Table268[Generic Lifetime]) -> 40 | J87: =IF(Table157[[#This Row],[Lifetime Option]]="fixed",Table157[[#This Row],[End of life (fixed)]],Table157[[#This Row],[Start year]]+Table268[Generic Lifetime]) -> 2030 | K87: 1.31
C88: FR | D88: ENFR_GOLFECH-2_00 | E88: 1993 | F88: 1.0181256 | G88: generic | H88: =IF(Table157[[#This Row],[Lifetime Option]]="fixed",Table157[[#This Row],[End of life (fixed)]]-Table157[[#This Row],[Start year]],Table268[Generic Lifetime]) -> 40 | J88: =IF(Table157[[#This Row],[Lifetime Option]]="fixed",Table157[[#This Row],[End of life (fixed)]],Table157[[#This Row],[Start year]]+Table268[Generic Lifetime]) -> 2033 | K88: 1.31
C89: FR | D89: ENFR_GRAVELINES-1_00 | E89: 1980 | F89: 0.99529031 | G89: generic | H89: =IF(Table157[[#This Row],[Lifetime Option]]="fixed",Table157[[#This Row],[End of life (fixed)]]-Table157[[#This Row],[Start year]],Table268[Generic Lifetime]) -> 40 | J89: =IF(Table157[[#This Row],[Lifetime Option]]="fixed",Table157[[#This Row],[End of life (fixed)]],Table157[[#This Row],[Start year]]+Table268[Generic Lifetime]) -> 2020 | K89: 0.91
C90: FR | D90: ENFR_GRAVELINES-2_00 | E90: 1980 | F90: 0.99529031 | G90: generic | H90: =IF(Table157[[#This Row],[Lifetime Option]]="fixed",Table157[[#This Row],[End of life (fixed)]]-Table157[[#This Row],[Start year]],Table268[Generic Lifetime]) -> 40 | J90: =IF(Table157[[#This Row],[Lifetime Option]]="fixed",Table157[[#This Row],[End of life (fixed)]],Table157[[#This Row],[Start year]]+Table268[Generic Lifetime]) -> 2020 | K90: 0.91
C91: FR | D91: ENFR_GRAVELINES-3_00 | E91: 1980 | F91: 0.99529031 | G91: generic | H91: =IF(Table157[[#This Row],[Lifetime Option]]="fixed",Table157[[#This Row],[End of life (fixed)]]-Table157[[#This Row],[Start year]],Table268[Generic Lifetime]) -> 40 | J91: =IF(Table157[[#This Row],[Lifetime Option]]="fixed",Table157[[#This Row],[End of life (fixed)]],Table157[[#This Row],[Start year]]+Table268[Generic Lifetime]) -> 2020 | K91: 0.91
C92: FR | D92: ENFR_GRAVELINES-4_00 | E92: 1981 | F92: 0.99529031 | G92: generic | H92: =IF(Table157[[#This Row],[Lifetime Option]]="fixed",Table157[[#This Row],[End of life (fixed)]]-Table157[[#This Row],[Start year]],Table268[Generic Lifetime]) -> 40 | J92: =IF(Table157[[#This Row],[Lifetime Option]]="fixed",Table157[[#This Row],[End of life (fixed)]],Table157[[#This Row],[Start year]]+Table268[Generic Lifetime]) -> 2021 | K92: 0.91
C93: FR | D93: ENFR_GRAVELINES-5_00 | E93: 1984 | F93: 1.3866502 | G93: generic | H93: =IF(Table157[[#This Row],[Lifetime Option]]="fixed",Table157[[#This Row],[End of life (fixed)]]-Table157[[#This Row],[Start year]],Table268[Generic Lifetime]) -> 40 | J93: =IF(Table157[[#This Row],[Lifetime Option]]="fixed",Table157[[#This Row],[End of life (fixed)]],Table157[[#This Row],[Start year]]+Table268[Generic Lifetime]) -> 2024 | K93: 0.91
C94: FR | D94: ENFR_GRAVELINES-6_00 | E94: 1985 | F94: 1.3866502 | G94: generic | H94: =IF(Table157[[#This Row],[Lifetime Option]]="fixed",Table157[[#This Row],[End of life (fixed)]]-Table157[[#This Row],[Start year]],Table268[Generic Lifetime]) -> 40 | J94: =IF(Table157[[#This Row],[Lifetime Option]]="fixed",Table157[[#This Row],[End of life (fixed)]],Table157[[#This Row],[Start year]]+Table268[Generic Lifetime]) -> 2025 | K94: 0.91
C95: FR | D95: ENFR_NOGENT-1_00 | E95: 1987 | F95: 1.0181256 | G95: generic | H95: =IF(Table157[[#This Row],[Lifetime Option]]="fixed",Table157[[#This Row],[End of life (fixed)]]-Table157[[#This Row],[Start year]],Table268[Generic Lifetime]) -> 40 | J95: =IF(Table157[[#This Row],[Lifetime Option]]="fixed",Table157[[#This Row],[End of life (fixed)]],Table157[[#This Row],[Start year]]+Table268[Generic Lifetime]) -> 2027 | K95: 1.31
C96: FR | D96: ENFR_NOGENT-2_00 | E96: 1988 | F96: 1.0181256 | G96: generic | H96: =IF(Table157[[#This Row],[Lifetime Option]]="fixed",Table157[[#This Row],[End of life (fixed)]]-Table157[[#This Row],[Start year]],Table268[Generic Lifetime]) -> 40 | J96: =IF(Table157[[#This Row],[Lifetime Option]]="fixed",Table157[[#This Row],[End of life (fixed)]],Table157[[#This Row],[Start year]]+Table268[Generic Lifetime]) -> 2028 | K96: 1.31
... C115: HU | D115: ENHU_PAKS-4_00 | E115: 1987 | F115: 1.0763636 | G115: generic | H115: =IF(Table157[[#This Row],[Lifetime Option]]="fixed",Table157[[#This Row],[End of life (fixed)]]-Table157[[#This Row],[Start year]],Table268[Generic Lifetime]) -> 40 | J115: =IF(Table157[[#This Row],[Lifetime Option]]="fixed",Table157[[#This Row],[End of life (fixed)]],Table157[[#This Row],[Start year]]+Table268[Generic Lifetime]) -> 2027 | K115: 0.473
C116: LT | D116: ENLT_IGNALINA-1 | E116: 1983 | F116: 0.66 | G116: fixed | H116: =IF(Table157[[#This Row],[Lifetime Option]]="fixed",Table157[[#This Row],[End of life (fixed)]]-Table157[[#This Row],[Start year]],Table268[Generic Lifetime]) -> 21 | I116: 2004 | J116: =IF(Table157[[#This Row],[Lifetime Option]]="fixed",Table157[[#This Row],[End of life (fixed)]],Table157[[#This Row],[Start year]]+Table268[Generic Lifetime]) -> 2004 | K116: 1.185 | L116: closed
C117: LT | D117: ENLT_IGNALINA-2 | E117: 1987 | F117: 0.66 | G117: fixed | H117: =IF(Table157[[#This Row],[Lifetime Option]]="fixed",Table157[[#This Row],[End of life (fixed)]]-Table157[[#This Row],[Start year]],Table268[Generic Lifetime]) -> 22 | I117: 2009 | J117: =IF(Table157[[#This Row],[Lifetime Option]]="fixed",Table157[[#This Row],[End of life (fixed)]],Table157[[#This Row],[Start year]]+Table268[Generic Lifetime]) -> 2009 | K117: 1.185 | L117: closed
C118: NL | D118: ENNL_BORSSELE_00 | E118: 1973 | F118: 1.2703836 | G118: fixed | H118: =IF(Table157[[#This Row],[Lifetime Option]]="fixed",Table157[[#This Row],[End of life (fixed)]]-Table157[[#This Row],[Start year]],Table268[Generic Lifetime]) -> 61 | I118: 2034 | J118: =IF(Table157[[#This Row],[Lifetime Option]]="fixed",Table157[[#This Row],[End of life (fixed)]],Table157[[#This Row],[Start year]]+Table268[Generic Lifetime]) -> 2034 | K118: 0.482
C119: RO | D119: ENRO_CERNAVODA-1_00 | E119: 1996 | F119: 0.19866451 | G119: generic | H119: =IF(Table157[[#This Row],[Lifetime Option]]="fixed",Table157[[#This Row],[End of life (fixed)]]-Table157[[#This Row],[Start year]],Table268[Generic Lifetime]) -> 40 | J119: =IF(Table157[[#This Row],[Lifetime Option]]="fixed",Table157[[#This Row],[End of life (fixed)]],Table157[[#This Row],[Start year]]+Table268[Generic Lifetime]) -> 2036 | K119: 0.65
C120: RO | D120: ENRO_CERNAVODA-2 | E120: 2007 | F120: 0.19866451 | G120: generic | H120: =IF(Table157[[#This Row],[Lifetime Option]]="fixed",Table157[[#This Row],[End of life (fixed)]]-Table157[[#This Row],[Start year]],Table268[Generic Lifetime]) -> 40 | J120: =IF(Table157[[#This Row],[Lifetime Option]]="fixed",Table157[[#This Row],[End of life (fixed)]],Table157[[#This Row],[Start year]]+Table268[Generic Lifetime]) -> 2047 | K120: 0.65
C121: SE | D121: ENSE_FORSMARK-1_00 | E121: 1980 | F121: 1.2802426 | G121: generic | H121: =IF(Table157[[#This Row],[Lifetime Option]]="fixed",Table157[[#This Row],[End of life (fixed)]]-Table157[[#This Row],[Start year]],Table268[Generic Lifetime]) -> 40 | J121: =IF(Table157[[#This Row],[Lifetime Option]]="fixed",Table157[[#This Row],[End of life (fixed)]],Table157[[#This Row],[Start year]]+Table268[Generic Lifetime]) -> 2020 | K121: 0.984
C122: SE | D122: ENSE_FORSMARK-2_00 | E122: 1981 | F122: 1.2740459 | G122: generic | H122: =IF(Table157[[#This Row],[Lifetime Option]]="fixed",Table157[[#This Row],[End of life (fixed)]]-Table157[[#This Row],[Start year]],Table268[Generic Lifetime]) -> 40 | J122: =IF(Table157[[#This Row],[Lifetime Option]]="fixed",Table157[[#This Row],[End of life (fixed)]],Table157[[#This Row],[Start year]]+Table268[Generic Lifetime]) -> 2021 | K122: 0.996
C123: SE | D123: ENSE_FORSMARK-3_00 | E123: 1985 | F123: 1.3327593 | G123: generic | H123: =IF(Table157[[#This Row],[Lifetime Option]]="fixed",Table157[[#This Row],[End of life (fixed)]]-Table157[[#This Row],[Start year]],Table268[Generic Lifetime]) -> 40 | J123: =IF(Table157[[#This Row],[Lifetime Option]]="fixed",Table157[[#This Row],[End of life (fixed)]],Table157[[#This Row],[Start year]]+Table268[Generic Lifetime]) -> 2025 | K123: 1.17
C124: SE | D124: ENSE_OSKARSHAMN-1_00 | E124: 1971 | F124: 1.3911971 | G124: fixed | H124: =IF(Table157[[#This Row],[Lifetime Option]]="fixed",Table157[[#This Row],[End of life (fixed)]]-Table157[[#This Row],[Start year]],Table268[Generic Lifetime]) -> 47 | I124: 2018 | J124: =IF(Table157[[#This Row],[Lifetime Option]]="fixed",Table157[[#This Row],[End of life (fixed)]],Table157[[#This Row],[Start year]]+Table268[Generic Lifetime]) -> 2018 | K124: 0.473 | L124: situtation unclear - follow up | M124: http://www.world-nuclear-news.org/C-EOn-supports-early-closure-of-Oskarshamn-units-2306154.html
C125: SE | D125: ENSE_OSKARSHAMN-2_00 | E125: 1974 | F125: 1.42776 | G125: fixed | H125: =IF(Table157[[#This Row],[Lifetime Option]]="fixed",Table157[[#This Row],[End of life (fixed)]]-Table157[[#This Row],[Start year]],Table268[Generic Lifetime]) -> 46 | I125: 2020 | J125: =IF(Table157[[#This Row],[Lifetime Option]]="fixed",Table157[[#This Row],[End of life (fixed)]],Table157[[#This Row],[Start year]]+Table268[Generic Lifetime]) -> 2020 | K125: 0.638 | L125: situtation unclear - follow up
C126: SE | D126: ENSE_OSKARSHAMN-3_00 | E126: 1985 | F126: 1.0279385 | G126: generic | H126: =IF(Table157[[#This Row],[Lifetime Option]]="fixed",Table157[[#This Row],[End of life (fixed)]]-Table157[[#This Row],[Start year]],Table268[Generic Lifetime]) -> 40 | J126: =IF(Table157[[#This Row],[Lifetime Option]]="fixed",Table157[[#This Row],[End of life (fixed)]],Table157[[#This Row],[Start year]]+Table268[Generic Lifetime]) -> 2025 | K126: 1.4
C127: SE | D127: ENSE_RINGHALS-1_00 | E127: 1974 | F127: 1.2454186 | G127: fixed | H127: =IF(Table157[[#This Row],[Lifetime Option]]="fixed",Table157[[#This Row],[End of life (fixed)]]-Table157[[#This Row],[Start year]],Table268[Generic Lifetime]) -> 46 | I127: 2020 | J127: =IF(Table157[[#This Row],[Lifetime Option]]="fixed",Table157[[#This Row],[End of life (fixed)]],Table157[[#This Row],[Start year]]+Table268[Generic Lifetime]) -> 2020 | K127: 0.878 | L127: majority owners announces to discontinue investments | M127: http://corporate.vattenfall.se/press-och-media/engelska/vattenfall-changes-direction-for-operational-lifetimes-of-ringhals-1-and-2/
C128: SE | D128: ENSE_RINGHALS-2_00 | E128: 1974 | F128: 1.3999074 | G128: fixed | H128: =IF(Table157[[#This Row],[Lifetime Option]]="fixed",Table157[[#This Row],[End of life (fixed)]]-Table157[[#This Row],[Start year]],Table268[Generic Lifetime]) -> 46 | I128: 2020 | J128: =IF(Table157[[#This Row],[Lifetime Option]]="fixed",Table157[[#This Row],[End of life (fixed)]],Table157[[#This Row],[Start year]]+Table268[Generic Lifetime]) -> 2020 | K128: 0.865 | L128: majority owners announces to discontinue investments | M128: http://corporate.vattenfall.se/press-och-media/engelska/vattenfall-changes-direction-for-operational-lifetimes-of-ringhals-1-and-2/
C129: SE | D129: ENSE_RINGHALS-3_00 | E129: 1980 | F129: 1.3970618 | G129: generic | H129: =IF(Table157[[#This Row],[Lifetime Option]]="fixed",Table157[[#This Row],[End of life (fixed)]]-Table157[[#This Row],[Start year]],Table268[Generic Lifetime]) -> 40 | J129: =IF(Table157[[#This Row],[Lifetime Option]]="fixed",Table157[[#This Row],[End of life (fixed)]],Table157[[#This Row],[Start year]]+Table268[Generic Lifetime]) -> 2020 | K129: 1.064 | M129: http://corporate.vattenfall.se/press-och-media/engelska/vattenfall-changes-direction-for-operational-lifetimes-of-ringhals-1-and-2/
C130: SE | D130: ENSE_RINGHALS-4_00 | E130: 1982 | F130: 1.4050041 | G130: generic | H130: =IF(Table157[[#This Row],[Lifetime Option]]="fixed",Table157[[#This Row],[End of life (fixed)]]-Table157[[#This Row],[Start year]],Table268[Generic Lifetime]) -> 40 | J130: =IF(Table157[[#This Row],[Lifetime Option]]="fixed",Table157[[#This Row],[End of life (fixed)]],Table157[[#This Row],[Start year]]+Table268[Generic Lifetime]) -> 2022 | K130: 0.94 | M130: http://corporate.vattenfall.se/press-och-media/engelska/vattenfall-changes-direction-for-operational-lifetimes-of-ringhals-1-and-2/
C131: SI | D131: ENSI_KRSKO_00 | E131: 1981 | F131: 1.3869532 | G131: generic | H131: =IF(Table157[[#This Row],[Lifetime Option]]="fixed",Table157[[#This Row],[End of life (fixed)]]-Table157[[#This Row],[Start year]],Table268[Generic Lifetime]) -> 40 | I131: =E131+H131 -> 2021 | J131: =IF(Table157[[#This Row],[Lifetime Option]]="fixed",Table157[[#This Row],[End of life (fixed)]],Table157[[#This Row],[Start year]]+Table268[Generic Lifetime]) -> 2021 | K131: 0.688 | L131: long term operation implemented | M131: https://www.iaea.org/NuclearPower/Downloadable/Meetings/2013/2013-11-05-11-08-TM-NPE/10.Skodlar_Slovenia.pdf
C132: SK | D132: ENSK_BOHUNICE-1_00 | E132: 1978 | F132: 1 | G132: fixed | H132: =IF(Table157[[#This Row],[Lifetime Option]]="fixed",Table157[[#This Row],[End of life (fixed)]]-Table157[[#This Row],[Start year]],Table268[Generic Lifetime]) -> 28 | I132: 2006 | J132: =IF(Table157[[#This Row],[Lifetime Option]]="fixed",Table157[[#This Row],[End of life (fixed)]],Table157[[#This Row],[Start year]]+Table268[Generic Lifetime]) -> 2006 | K132: 0.408 | L132: Decommissioned
C133: SK | D133: ENSK_BOHUNICE-2_00 | E133: 1980 | F133: 1 | G133: fixed | H133: =IF(Table157[[#This Row],[Lifetime Option]]="fixed",Table157[[#This Row],[End of life (fixed)]]-Table157[[#This Row],[Start year]],Table268[Generic Lifetime]) -> 28 | I133: 2008 | J133: =IF(Table157[[#This Row],[Lifetime Option]]="fixed",Table157[[#This Row],[End of life (fixed)]],Table157[[#This Row],[Start year]]+Table268[Generic Lifetime]) -> 2008 | K133: 0.408 | L133: Decommissioned
C134: SK | D134: ENSK_BOHUNICE-3_00 | E134: 1984 | F134: 1.3644269 | G134: generic | H134: =IF(Table157[[#This Row],[Lifetime Option]]="fixed",Table157[[#This Row],[End of life (fixed)]]-Table157[[#This Row],[Start year]],Table268[Generic Lifetime]) -> 40 | I134: =E134+H134 -> 2024 | J134: =IF(Table157[[#This Row],[Lifetime Option]]="fixed",Table157[[#This Row],[End of life (fixed)]],Table157[[#This Row],[Start year]]+Table268[Generic Lifetime]) -> 2024 | K134: 0.472 | L134: LTO programm to run up to 60 years | M134: http://www.seas.sk/data/contentlink/cfakepathebofactsen-web.pdf
...

Sheet Existing plants_SCEN50yrs
A1: Generic Lifetime | C1: Member State | D1: Process | E1: Start year | F1: Efficiency PJ/tU | G1: Lifetime Option | H1: Tlife yrs | I1: End of life (fixed) | J1: End of life | K1: Existing capacity GW | L1: Comments | M1: Source
A2: 50 | C2: BE | D2: ENBE_DOEL-1_00 | E2: 1974 | F2: 1.3464165 | G2: fixed | H2: =IF(Table15[[#This Row],[Lifetime Option]]="fixed",Table15[[#This Row],[End of life (fixed)]]-Table15[[#This Row],[Start year]],Table26[Generic Lifetime]) -> 51 | I2: 2025 | J2: =IF(Table15[[#This Row],[Lifetime Option]]="fixed",Table15[[#This Row],[End of life (fixed)]],Table15[[#This Row],[Start year]]+Table26[Generic Lifetime]) -> 2025 | K2: 0.433 | M2: http://www.engie.com/en/journalists/press-releases/agreement-conditions-extending-doel-1-doel-2-new-nuclear-contribution-system/
C3: BE | D3: ENBE_DOEL-2_00 | E3: 1975 | F3: 1.3464165 | G3: fixed | H3: =IF(Table15[[#This Row],[Lifetime Option]]="fixed",Table15[[#This Row],[End of life (fixed)]]-Table15[[#This Row],[Start year]],Table26[Generic Lifetime]) -> 50 | I3: 2025 | J3: =IF(Table15[[#This Row],[Lifetime Option]]="fixed",Table15[[#This Row],[End of life (fixed)]],Table15[[#This Row],[Start year]]+Table26[Generic Lifetime]) -> 2025 | K3: 0.433 | M3: http://www.engie.com/en/journalists/press-releases/agreement-conditions-extending-doel-1-doel-2-new-nuclear-contribution-system/
C4: BE | D4: ENBE_DOEL-3_00 | E4: 1982 | F4: 1.4638774 | G4: fixed | H4: =IF(Table15[[#This Row],[Lifetime Option]]="fixed",Table15[[#This Row],[End of life (fixed)]]-Table15[[#This Row],[Start year]],Table26[Generic Lifetime]) -> 40 | I4: 2022 | J4: =IF(Table15[[#This Row],[Lifetime Option]]="fixed",Table15[[#This Row],[End of life (fixed)]],Table15[[#This Row],[Start year]]+Table26[Generic Lifetime]) -> 2022 | K4: 1.006 | L4: uncertain - follow up | M4: http://www.fanc.fgov.be/nl/news/doel-3/tihange-2-next-steps-of-the-review-process/766.aspx
C5: BE | D5: ENBE_DOEL-4_00 | E5: 1985 | F5: 1.4183133 | G5: fixed | H5: =IF(Table15[[#This Row],[Lifetime Option]]="fixed",Table15[[#This Row],[End of life (fixed)]]-Table15[[#This Row],[Start year]],Table26[Generic Lifetime]) -> 40 | I5: 2025 | J5: =IF(Table15[[#This Row],[Lifetime Option]]="fixed",Table15[[#This Row],[End of life (fixed)]],Table15[[#This Row],[Start year]]+Table26[Generic Lifetime]) -> 2025 | K5: 1.039
C6: BE | D6: ENBE_TIHANGE-1_00 | E6: 1975 | F6: 1.3654688 | G6: fixed | H6: =IF(Table15[[#This Row],[Lifetime Option]]="fixed",Table15[[#This Row],[End of life (fixed)]]-Table15[[#This Row],[Start year]],Table26[Generic Lifetime]) -> 50 | I6: 2025 | J6: =IF(Table15[[#This Row],[Lifetime Option]]="fixed",Table15[[#This Row],[End of life (fixed)]],Table15[[#This Row],[Start year]]+Table26[Generic Lifetime]) -> 2025 | K6: 0.962 | M6: http://economie.fgov.be/fr/consommateurs/Energie/Nucleaire/centrales_nucleaires/sortie_nucleaire/#.Vdb00Y7DVE4
C7: BE | D7: ENBE_TIHANGE-2_00 | E7: 1982 | F7: 1.3387206 | G7: fixed | H7: =IF(Table15[[#This Row],[Lifetime Option]]="fixed",Table15[[#This Row],[End of life (fixed)]]-Table15[[#This Row],[Start year]],Table26[Generic Lifetime]) -> 40 | I7: 2022 | J7: =IF(Table15[[#This Row],[Lifetime Option]]="fixed",Table15[[#This Row],[End of life (fixed)]],Table15[[#This Row],[Start year]]+Table26[Generic Lifetime]) -> 2022 | K7: 1.008 | L7: uncertain - follow up | M7: http://www.fanc.fgov.be/nl/news/doel-3/tihange-2-next-steps-of-the-review-process/766.aspx
C8: BE | D8: ENBE_TIHANGE-3_00 | E8: 1985 | F8: 1.417824 | G8: fixed | H8: =IF(Table15[[#This Row],[Lifetime Option]]="fixed",Table15[[#This Row],[End of life (fixed)]]-Table15[[#This Row],[Start year]],Table26[Generic Lifetime]) -> 40 | I8: 2025 | J8: =IF(Table15[[#This Row],[Lifetime Option]]="fixed",Table15[[#This Row],[End of life (fixed)]],Table15[[#This Row],[Start year]]+Table26[Generic Lifetime]) -> 2025 | K8: 1.046
C9: BG | D9: ENBG_KOZLODUY-3_00 | E9: 1980 | F9: 0.77 | G9: fixed | H9: =IF(Table15[[#This Row],[Lifetime Option]]="fixed",Table15[[#This Row],[End of life (fixed)]]-Table15[[#This Row],[Start year]],Table26[Generic Lifetime]) -> 26 | I9: 2006 | J9: =IF(Table15[[#This Row],[Lifetime Option]]="fixed",Table15[[#This Row],[End of life (fixed)]],Table15[[#This Row],[Start year]]+Table26[Generic Lifetime]) -> 2006 | K9: 0.408 | L9: closed
C10: BG | D10: ENBG_KOZLODUY-4_00 | E10: 1982 | F10: 0.77 | G10: fixed | H10: =IF(Table15[[#This Row],[Lifetime Option]]="fixed",Table15[[#This Row],[End of life (fixed)]]-Table15[[#This Row],[Start year]],Table26[Generic Lifetime]) -> 24 | I10: 2006 | J10: =IF(Table15[[#This Row],[Lifetime Option]]="fixed",Table15[[#This Row],[End of life (fixed)]],Table15[[#This Row],[Start year]]+Table26[Generic Lifetime]) -> 2006 | K10: 0.408 | L10: closed
C11: BG | D11: ENBG_KOZLODUY-5_00 | E11: 1987 | F11: 0.7776 | G11: generic | H11: =IF(Table15[[#This Row],[Lifetime Option]]="fixed",Table15[[#This Row],[End of life (fixed)]]-Table15[[#This Row],[Start year]],Table26[Generic Lifetime]) -> 50 | J11: =IF(Table15[[#This Row],[Lifetime Option]]="fixed",Table15[[#This Row],[End of life (fixed)]],Table15[[#This Row],[Start year]]+Table26[Generic Lifetime]) -> 2037 | K11: 0.953 | M11: http://www.world-nuclear.org/info/Country-Profiles/Countries-A-F/Bulgaria/
C12: BG | D12: ENBG_KOZLODUY-6_00 | E12: 1991 | F12: 0.7776 | G12: generic | H12: =IF(Table15[[#This Row],[Lifetime Option]]="fixed",Table15[[#This Row],[End of life (fixed)]]-Table15[[#This Row],[Start year]],Table26[Generic Lifetime]) -> 50 | J12: =IF(Table15[[#This Row],[Lifetime Option]]="fixed",Table15[[#This Row],[End of life (fixed)]],Table15[[#This Row],[Start year]]+Table26[Generic Lifetime]) -> 2041 | K12: 0.953 | M12: http://www.world-nuclear.org/info/Country-Profiles/Countries-A-F/Bulgaria/
C13: CH | D13: ENCH_BEZNAU-1_00 | E13: 1969 | F13: 1.2203044 | G13: fixed | H13: =IF(Table15[[#This Row],[Lifetime Option]]="fixed",Table15[[#This Row],[End of life (fixed)]]-Table15[[#This Row],[Start year]],Table26[Generic Lifetime]) -> 50 | I13: 2019 | J13: =IF(Table15[[#This Row],[Lifetime Option]]="fixed",Table15[[#This Row],[End of life (fixed)]],Table15[[#This Row],[Start year]]+Table26[Generic Lifetime]) -> 2019 | K13: 0.365 | L13: need to follow up political developments | M13: http://www.world-nuclear.org/info/Country-Profiles/Countries-O-S/Switzerland/
C14: CH | D14: ENCH_BEZNAU-2_00 | E14: 1971 | F14: 1.2203044 | G14: fixed | H14: =IF(Table15[[#This Row],[Lifetime Option]]="fixed",Table15[[#This Row],[End of life (fixed)]]-Table15[[#This Row],[Start year]],Table26[Generic Lifetime]) -> 50 | I14: 2021 | J14: =IF(Table15[[#This Row],[Lifetime Option]]="fixed",Table15[[#This Row],[End of life (fixed)]],Table15[[#This Row],[Start year]]+Table26[Generic Lifetime]) -> 2021 | K14: 0.365 | L14: need to follow up political developments | M14: http://www.world-nuclear.org/info/Country-Profiles/Countries-O-S/Switzerland/
C15: CH | D15: ENCH_GOESGEN_00 | E15: 1979 | F15: 1.5489833 | G15: fixed | H15: =IF(Table15[[#This Row],[Lifetime Option]]="fixed",Table15[[#This Row],[End of life (fixed)]]-Table15[[#This Row],[Start year]],Table26[Generic Lifetime]) -> 50 | I15: 2029 | J15: =IF(Table15[[#This Row],[Lifetime Option]]="fixed",Table15[[#This Row],[End of life (fixed)]],Table15[[#This Row],[Start year]]+Table26[Generic Lifetime]) -> 2029 | K15: 0.985 | L15: need to follow up political developments | M15: http://www.world-nuclear.org/info/Country-Profiles/Countries-O-S/Switzerland/
C16: CH | D16: ENCH_LEIBSTADT_00 | E16: 1984 | F16: 1.28484 | G16: fixed | H16: =IF(Table15[[#This Row],[Lifetime Option]]="fixed",Table15[[#This Row],[End of life (fixed)]]-Table15[[#This Row],[Start year]],Table26[Generic Lifetime]) -> 50 | I16: 2034 | J16: =IF(Table15[[#This Row],[Lifetime Option]]="fixed",Table15[[#This Row],[End of life (fixed)]],Table15[[#This Row],[Start year]]+Table26[Generic Lifetime]) -> 2034 | K16: 1.22 | L16: need to follow up political developments | M16: http://www.world-nuclear.org/info/Country-Profiles/Countries-O-S/Switzerland/
C17: CH | D17: ENCH_MUEHLEBERG_00 | E17: 1971 | F17: 1.474392 | G17: fixed | H17: =IF(Table15[[#This Row],[Lifetime Option]]="fixed",Table15[[#This Row],[End of life (fixed)]]-Table15[[#This Row],[Start year]],Table26[Generic Lifetime]) -> 48 | I17: 2019 | J17: =IF(Table15[[#This Row],[Lifetime Option]]="fixed",Table15[[#This Row],[End of life (fixed)]],Table15[[#This Row],[Start year]]+Table26[Generic Lifetime]) -> 2019 | K17: 0.373 | L17: need to follow up political developments | M17: http://www.world-nuclear.org/info/Country-Profiles/Countries-O-S/Switzerland/
C18: CZ | D18: ENCZ_DUKOVANY-1_00 | E18: 1985 | F18: 1.2607488 | G18: generic | H18: =IF(Table15[[#This Row],[Lifetime Option]]="fixed",Table15[[#This Row],[End of life (fixed)]]-Table15[[#This Row],[Start year]],Table26[Generic Lifetime]) -> 50 | J18: =IF(Table15[[#This Row],[Lifetime Option]]="fixed",Table15[[#This Row],[End of life (fixed)]],Table15[[#This Row],[Start year]]+Table26[Generic Lifetime]) -> 2035 | K18: 0.468 | M18: http://www.oecd-nea.org/ndd/pubs/2014/7197-bb-2014.pdf
C19: CZ | D19: ENCZ_DUKOVANY-2_00 | E19: 1986 | F19: 1.2607488 | G19: generic | H19: =IF(Table15[[#This Row],[Lifetime Option]]="fixed",Table15[[#This Row],[End of life (fixed)]]-Table15[[#This Row],[Start year]],Table26[Generic Lifetime]) -> 50 | J19: =IF(Table15[[#This Row],[Lifetime Option]]="fixed",Table15[[#This Row],[End of life (fixed)]],Table15[[#This Row],[Start year]]+Table26[Generic Lifetime]) -> 2036 | K19: 0.471
C20: CZ | D20: ENCZ_DUKOVANY-3_00 | E20: 1986 | F20: 1.3110781 | G20: generic | H20: =IF(Table15[[#This Row],[Lifetime Option]]="fixed",Table15[[#This Row],[End of life (fixed)]]-Table15[[#This Row],[Start year]],Table26[Generic Lifetime]) -> 50 | J20: =IF(Table15[[#This Row],[Lifetime Option]]="fixed",Table15[[#This Row],[End of life (fixed)]],Table15[[#This Row],[Start year]]+Table26[Generic Lifetime]) -> 2036 | K20: 0.468
C21: CZ | D21: ENCZ_DUKOVANY-4_00 | E21: 1987 | F21: 1.2607488 | G21: generic | H21: =IF(Table15[[#This Row],[Lifetime Option]]="fixed",Table15[[#This Row],[End of life (fixed)]]-Table15[[#This Row],[Start year]],Table26[Generic Lifetime]) -> 50 | J21: =IF(Table15[[#This Row],[Lifetime Option]]="fixed",Table15[[#This Row],[End of life (fixed)]],Table15[[#This Row],[Start year]]+Table26[Generic Lifetime]) -> 2037 | K21: 0.471
C22: CZ | D22: ENCZ_TEMELIN-1_00 | E22: 2000 | F22: 1.312848 | G22: generic | H22: =IF(Table15[[#This Row],[Lifetime Option]]="fixed",Table15[[#This Row],[End of life (fixed)]]-Table15[[#This Row],[Start year]],Table26[Generic Lifetime]) -> 50 | J22: =IF(Table15[[#This Row],[Lifetime Option]]="fixed",Table15[[#This Row],[End of life (fixed)]],Table15[[#This Row],[Start year]]+Table26[Generic Lifetime]) -> 2050 | K22: 0.963
C23: CZ | D23: ENCZ_TEMELIN-2_00 | E23: 2002 | F23: 1.312848 | G23: generic | H23: =IF(Table15[[#This Row],[Lifetime Option]]="fixed",Table15[[#This Row],[End of life (fixed)]]-Table15[[#This Row],[Start year]],Table26[Generic Lifetime]) -> 50 | J23: =IF(Table15[[#This Row],[Lifetime Option]]="fixed",Table15[[#This Row],[End of life (fixed)]],Table15[[#This Row],[Start year]]+Table26[Generic Lifetime]) -> 2052 | K23: 0.963
C24: DE | D24: ENDE_BIBLIS-A_00 | E24: 1974 | F24: 0.940896 | G24: fixed | H24: =IF(Table15[[#This Row],[Lifetime Option]]="fixed",Table15[[#This Row],[End of life (fixed)]]-Table15[[#This Row],[Start year]],Table26[Generic Lifetime]) -> 37 | I24: 2011 | J24: =IF(Table15[[#This Row],[Lifetime Option]]="fixed",Table15[[#This Row],[End of life (fixed)]],Table15[[#This Row],[Start year]]+Table26[Generic Lifetime]) -> 2011 | K24: 1.167 | L24: closed
C25: DE | D25: ENDE_BIBLIS-B_00 | E25: 1976 | F25: 0.940896 | G25: fixed | H25: =IF(Table15[[#This Row],[Lifetime Option]]="fixed",Table15[[#This Row],[End of life (fixed)]]-Table15[[#This Row],[Start year]],Table26[Generic Lifetime]) -> 35 | I25: 2011 | J25: =IF(Table15[[#This Row],[Lifetime Option]]="fixed",Table15[[#This Row],[End of life (fixed)]],Table15[[#This Row],[Start year]]+Table26[Generic Lifetime]) -> 2011 | K25: 1.24 | L25: closed
C26: DE | D26: ENDE_BROKDORF_KBR_00 | E26: 1986 | F26: 1.1147815 | G26: fixed | H26: =IF(Table15[[#This Row],[Lifetime Option]]="fixed",Table15[[#This Row],[End of life (fixed)]]-Table15[[#This Row],[Start year]],Table26[Generic Lifetime]) -> 35 | I26: 2021 | J26: =IF(Table15[[#This Row],[Lifetime Option]]="fixed",Table15[[#This Row],[End of life (fixed)]],Table15[[#This Row],[Start year]]+Table26[Generic Lifetime]) -> 2021 | K26: 1.41
C27: DE | D27: ENDE_BRUNSBUETTEL_00 | E27: 1976 | F27: 0.912384 | G27: fixed | H27: =IF(Table15[[#This Row],[Lifetime Option]]="fixed",Table15[[#This Row],[End of life (fixed)]]-Table15[[#This Row],[Start year]],Table26[Generic Lifetime]) -> 35 | I27: 2011 | J27: =IF(Table15[[#This Row],[Lifetime Option]]="fixed",Table15[[#This Row],[End of life (fixed)]],Table15[[#This Row],[Start year]]+Table26[Generic Lifetime]) -> 2011 | K27: 0.771 | L27: closed
C28: DE | D28: ENDE_EMSLAND_KKE_00 | E28: 1988 | F28: 1.0053818 | G28: fixed | H28: =IF(Table15[[#This Row],[Lifetime Option]]="fixed",Table15[[#This Row],[End of life (fixed)]]-Table15[[#This Row],[Start year]],Table26[Generic Lifetime]) -> 34 | I28: 2022 | J28: =IF(Table15[[#This Row],[Lifetime Option]]="fixed",Table15[[#This Row],[End of life (fixed)]],Table15[[#This Row],[Start year]]+Table26[Generic Lifetime]) -> 2022 | K28: 1.335 | M28: capacity according to operator website
C29: DE | D29: ENDE_GRAFENRHEINFELD_KKG_00 | E29: 1981 | F29: 1.0494215 | G29: fixed | H29: =IF(Table15[[#This Row],[Lifetime Option]]="fixed",Table15[[#This Row],[End of life (fixed)]]-Table15[[#This Row],[Start year]],Table26[Generic Lifetime]) -> 34 | I29: 2015 | J29: =IF(Table15[[#This Row],[Lifetime Option]]="fixed",Table15[[#This Row],[End of life (fixed)]],Table15[[#This Row],[Start year]]+Table26[Generic Lifetime]) -> 2015 | K29: 1.275 | L29: closed
C30: DE | D30: ENDE_GROHNDE_KWG_00 | E30: 1984 | F30: 1.07712 | G30: fixed | H30: =IF(Table15[[#This Row],[Lifetime Option]]="fixed",Table15[[#This Row],[End of life (fixed)]]-Table15[[#This Row],[Start year]],Table26[Generic Lifetime]) -> 37 | I30: 2021 | J30: =IF(Table15[[#This Row],[Lifetime Option]]="fixed",Table15[[#This Row],[End of life (fixed)]],Table15[[#This Row],[Start year]]+Table26[Generic Lifetime]) -> 2021 | K30: 1.36
C31: DE | D31: ENDE_GUNDREM-B_GUN-B_00 | E31: 1984 | F31: 0.8316 | G31: fixed | H31: =IF(Table15[[#This Row],[Lifetime Option]]="fixed",Table15[[#This Row],[End of life (fixed)]]-Table15[[#This Row],[Start year]],Table26[Generic Lifetime]) -> 33 | I31: 2017 | J31: =IF(Table15[[#This Row],[Lifetime Option]]="fixed",Table15[[#This Row],[End of life (fixed)]],Table15[[#This Row],[Start year]]+Table26[Generic Lifetime]) -> 2017 | K31: 1.284
C32: DE | D32: ENDE_GUNDREM-C_GUN-C_00 | E32: 1984 | F32: 0.8316 | G32: fixed | H32: =IF(Table15[[#This Row],[Lifetime Option]]="fixed",Table15[[#This Row],[End of life (fixed)]]-Table15[[#This Row],[Start year]],Table26[Generic Lifetime]) -> 37 | I32: 2021 | J32: =IF(Table15[[#This Row],[Lifetime Option]]="fixed",Table15[[#This Row],[End of life (fixed)]],Table15[[#This Row],[Start year]]+Table26[Generic Lifetime]) -> 2021 | K32: 1.288
C33: DE | D33: ENDE_ISAR-1_00 | E33: 1988 | F33: 1.28304 | G33: fixed | H33: =IF(Table15[[#This Row],[Lifetime Option]]="fixed",Table15[[#This Row],[End of life (fixed)]]-Table15[[#This Row],[Start year]],Table26[Generic Lifetime]) -> 23 | I33: 2011 | J33: =IF(Table15[[#This Row],[Lifetime Option]]="fixed",Table15[[#This Row],[End of life (fixed)]],Table15[[#This Row],[Start year]]+Table26[Generic Lifetime]) -> 2011 | K33: 0.878 | L33: closed
C34: DE | D34: ENDE_ISAR-2_KKI2_00 | E34: 1988 | F34: 1.0394248 | G34: fixed | H34: =IF(Table15[[#This Row],[Lifetime Option]]="fixed",Table15[[#This Row],[End of life (fixed)]]-Table15[[#This Row],[Start year]],Table26[Generic Lifetime]) -> 34 | I34: 2022 | J34: =IF(Table15[[#This Row],[Lifetime Option]]="fixed",Table15[[#This Row],[End of life (fixed)]],Table15[[#This Row],[Start year]]+Table26[Generic Lifetime]) -> 2022 | K34: 1.41
C35: DE | D35: ENDE_KRUEMMEL_00 | E35: 1983 | F35: 0.912384 | G35: fixed | H35: =IF(Table15[[#This Row],[Lifetime Option]]="fixed",Table15[[#This Row],[End of life (fixed)]]-Table15[[#This Row],[Start year]],Table26[Generic Lifetime]) -> 28 | I35: 2011 | J35: =IF(Table15[[#This Row],[Lifetime Option]]="fixed",Table15[[#This Row],[End of life (fixed)]],Table15[[#This Row],[Start year]]+Table26[Generic Lifetime]) -> 2011 | K35: 1.26
C36: DE | D36: ENDE_NECKARWEST-2_GKN2_00 | E36: 1989 | F36: 1.4452364 | G36: fixed | H36: =IF(Table15[[#This Row],[Lifetime Option]]="fixed",Table15[[#This Row],[End of life (fixed)]]-Table15[[#This Row],[Start year]],Table26[Generic Lifetime]) -> 33 | I36: 2022 | J36: =IF(Table15[[#This Row],[Lifetime Option]]="fixed",Table15[[#This Row],[End of life (fixed)]],Table15[[#This Row],[Start year]]+Table26[Generic Lifetime]) -> 2022 | K36: 1.31
C37: DE | D37: ENDE_NECKARWESTHEIM-1_00 | E37: 1976 | F37: 1.0463904 | G37: fixed | H37: =IF(Table15[[#This Row],[Lifetime Option]]="fixed",Table15[[#This Row],[End of life (fixed)]]-Table15[[#This Row],[Start year]],Table26[Generic Lifetime]) -> 35 | I37: 2011 | J37: =IF(Table15[[#This Row],[Lifetime Option]]="fixed",Table15[[#This Row],[End of life (fixed)]],Table15[[#This Row],[Start year]]+Table26[Generic Lifetime]) -> 2011 | K37: 0.785 | L37: closed
C38: DE | D38: ENDE_PHILIPPSBURG-1_00 | E38: 1979 | F38: 1.1376288 | G38: fixed | H38: =IF(Table15[[#This Row],[Lifetime Option]]="fixed",Table15[[#This Row],[End of life (fixed)]]-Table15[[#This Row],[Start year]],Table26[Generic Lifetime]) -> 32 | I38: 2011 | J38: =IF(Table15[[#This Row],[Lifetime Option]]="fixed",Table15[[#This Row],[End of life (fixed)]],Table15[[#This Row],[Start year]]+Table26[Generic Lifetime]) -> 2011 | K38: 0.89 | L38: closed
C39: DE | D39: ENDE_PHILIPPSBURG-2_KKP2_00 | E39: 1984 | F39: 1.0596358 | G39: fixed | H39: =IF(Table15[[#This Row],[Lifetime Option]]="fixed",Table15[[#This Row],[End of life (fixed)]]-Table15[[#This Row],[Start year]],Table26[Generic Lifetime]) -> 35 | I39: 2019 | J39: =IF(Table15[[#This Row],[Lifetime Option]]="fixed",Table15[[#This Row],[End of life (fixed)]],Table15[[#This Row],[Start year]]+Table26[Generic Lifetime]) -> 2019 | K39: 1.402
C40: DE | D40: ENDE_UNTERWESER_00 | E40: 1978 | F40: 1.0093248 | G40: fixed | H40: =IF(Table15[[#This Row],[Lifetime Option]]="fixed",Table15[[#This Row],[End of life (fixed)]]-Table15[[#This Row],[Start year]],Table26[Generic Lifetime]) -> 33 | I40: 2011 | J40: =IF(Table15[[#This Row],[Lifetime Option]]="fixed",Table15[[#This Row],[End of life (fixed)]],Table15[[#This Row],[Start year]]+Table26[Generic Lifetime]) -> 2011 | K40: 1.345 | L40: closed
C41: ES | D41: ENES_ALMARAZ-1_00 | E41: 1983 | F41: 1.776961 | G41: generic | H41: =IF(Table15[[#This Row],[Lifetime Option]]="fixed",Table15[[#This Row],[End of life (fixed)]]-Table15[[#This Row],[Start year]],Table26[Generic Lifetime]) -> 50 | J41: =IF(Table15[[#This Row],[Lifetime Option]]="fixed",Table15[[#This Row],[End of life (fixed)]],Table15[[#This Row],[Start year]]+Table26[Generic Lifetime]) -> 2033 | K41: 1.011
C42: ES | D42: ENES_ALMARAZ-2_00 | E42: 1984 | F42: 1.3773573 | G42: generic | H42: =IF(Table15[[#This Row],[Lifetime Option]]="fixed",Table15[[#This Row],[End of life (fixed)]]-Table15[[#This Row],[Start year]],Table26[Generic Lifetime]) -> 50 | J42: =IF(Table15[[#This Row],[Lifetime Option]]="fixed",Table15[[#This Row],[End of life (fixed)]],Table15[[#This Row],[Start year]]+Table26[Generic Lifetime]) -> 2034 | K42: 1.006
C43: ES | D43: ENES_ASCO-1_00 | E43: 1983 | F43: 1.5325351 | G43: generic | H43: =IF(Table15[[#This Row],[Lifetime Option]]="fixed",Table15[[#This Row],[End of life (fixed)]]-Table15[[#This Row],[Start year]],Table26[Generic Lifetime]) -> 50 | J43: =IF(Table15[[#This Row],[Lifetime Option]]="fixed",Table15[[#This Row],[End of life (fixed)]],Table15[[#This Row],[Start year]]+Table26[Generic Lifetime]) -> 2033 | K43: 0.995
C44: ES | D44: ENES_ASCO-2_00 | E44: 1985 | F44: 1.5236336 | G44: generic | H44: =IF(Table15[[#This Row],[Lifetime Option]]="fixed",Table15[[#This Row],[End of life (fixed)]]-Table15[[#This Row],[Start year]],Table26[Generic Lifetime]) -> 50 | J44: =IF(Table15[[#This Row],[Lifetime Option]]="fixed",Table15[[#This Row],[End of life (fixed)]],Table15[[#This Row],[Start year]]+Table26[Generic Lifetime]) -> 2035 | K44: 0.997
C45: ES | D45: ENES_COFRENTES_00 | E45: 1985 | F45: 1.1658795 | G45: generic | H45: =IF(Table15[[#This Row],[Lifetime Option]]="fixed",Table15[[#This Row],[End of life (fixed)]]-Table15[[#This Row],[Start year]],Table26[Generic Lifetime]) -> 50 | J45: =IF(Table15[[#This Row],[Lifetime Option]]="fixed",Table15[[#This Row],[End of life (fixed)]],Table15[[#This Row],[Start year]]+Table26[Generic Lifetime]) -> 2035 | K45: 1.064
C46: ES | D46: ENES_SANTAMARIADEGARONA_00 | E46: 1971 | F46: 0.9037903 | G46: generic | H46: =IF(Table15[[#This Row],[Lifetime Option]]="fixed",Table15[[#This Row],[End of life (fixed)]]-Table15[[#This Row],[Start year]],Table26[Generic Lifetime]) -> 50 | J46: =IF(Table15[[#This Row],[Lifetime Option]]="fixed",Table15[[#This Row],[End of life (fixed)]],Table15[[#This Row],[Start year]]+Table26[Generic Lifetime]) -> 2021 | K46: 0.446
C47: ES | D47: ENES_TRILLO-1_00 | E47: 1988 | F47: 1.0097605 | G47: generic | H47: =IF(Table15[[#This Row],[Lifetime Option]]="fixed",Table15[[#This Row],[End of life (fixed)]]-Table15[[#This Row],[Start year]],Table26[Generic Lifetime]) -> 50 | J47: =IF(Table15[[#This Row],[Lifetime Option]]="fixed",Table15[[#This Row],[End of life (fixed)]],Table15[[#This Row],[Start year]]+Table26[Generic Lifetime]) -> 2038 | K47: 1.003
C48: ES | D48: ENES_VANDELLOS-2_00 | E48: 1987 | F48: 1.6126482 | G48: generic | H48: =IF(Table15[[#This Row],[Lifetime Option]]="fixed",Table15[[#This Row],[End of life (fixed)]]-Table15[[#This Row],[Start year]],Table26[Generic Lifetime]) -> 50 | J48: =IF(Table15[[#This Row],[Lifetime Option]]="fixed",Table15[[#This Row],[End of life (fixed)]],Table15[[#This Row],[Start year]]+Table26[Generic Lifetime]) -> 2037 | K48: 1.045
C49: FI | D49: ENFI_LOVIISA-1_00 | E49: 1977 | F49: 1.17504 | G49: generic | H49: =IF(Table15[[#This Row],[Lifetime Option]]="fixed",Table15[[#This Row],[End of life (fixed)]]-Table15[[#This Row],[Start year]],Table26[Generic Lifetime]) -> 50 | J49: =IF(Table15[[#This Row],[Lifetime Option]]="fixed",Table15[[#This Row],[End of life (fixed)]],Table15[[#This Row],[Start year]]+Table26[Generic Lifetime]) -> 2027 | K49: 0.496
C50: FI | D50: ENFI_LOVIISA-2_00 | E50: 1980 | F50: 1.17504 | G50: generic | H50: =IF(Table15[[#This Row],[Lifetime Option]]="fixed",Table15[[#This Row],[End of life (fixed)]]-Table15[[#This Row],[Start year]],Table26[Generic Lifetime]) -> 50 | J50: =IF(Table15[[#This Row],[Lifetime Option]]="fixed",Table15[[#This Row],[End of life (fixed)]],Table15[[#This Row],[Start year]]+Table26[Generic Lifetime]) -> 2030 | K50: 0.496
C51: FI | D51: ENFI_OLKILUOTO-1_00 | E51: 1978 | F51: 1.1636352 | G51: generic | H51: =IF(Table15[[#This Row],[Lifetime Option]]="fixed",Table15[[#This Row],[End of life (fixed)]]-Table15[[#This Row],[Start year]],Table26[Generic Lifetime]) -> 50 | J51: =IF(Table15[[#This Row],[Lifetime Option]]="fixed",Table15[[#This Row],[End of life (fixed)]],Table15[[#This Row],[Start year]]+Table26[Generic Lifetime]) -> 2028 | K51: 0.88
C52: FI | D52: ENFI_OLKILUOTO-2_00 | E52: 1980 | F52: 1.1380608 | G52: generic | H52: =IF(Table15[[#This Row],[Lifetime Option]]="fixed",Table15[[#This Row],[End of life (fixed)]]-Table15[[#This Row],[Start year]],Table26[Generic Lifetime]) -> 50 | J52: =IF(Table15[[#This Row],[Lifetime Option]]="fixed",Table15[[#This Row],[End of life (fixed)]],Table15[[#This Row],[Start year]]+Table26[Generic Lifetime]) -> 2030 | K52: 0.88
C53: FR | D53: ENFR_BELLEVILLE-1_00 | E53: 1987 | F53: 1.0181256 | G53: generic | H53: =IF(Table15[[#This Row],[Lifetime Option]]="fixed",Table15[[#This Row],[End of life (fixed)]]-Table15[[#This Row],[Start year]],Table26[Generic Lifetime]) -> 50 | J53: =IF(Table15[[#This Row],[Lifetime Option]]="fixed",Table15[[#This Row],[End of life (fixed)]],Table15[[#This Row],[Start year]]+Table26[Generic Lifetime]) -> 2037 | K53: 1.31 | L53: According to grand carénage | M53: http://www.developpement-durable.gouv.fr/Renforcer-la-surete-nucleaire-et-l,41397.html
C54: FR | D54: ENFR_BELLEVILLE-2_00 | E54: 1988 | F54: 1.0181256 | G54: generic | H54: =IF(Table15[[#This Row],[Lifetime Option]]="fixed",Table15[[#This Row],[End of life (fixed)]]-Table15[[#This Row],[Start year]],Table26[Generic Lifetime]) -> 50 | J54: =IF(Table15[[#This Row],[Lifetime Option]]="fixed",Table15[[#This Row],[End of life (fixed)]],Table15[[#This Row],[Start year]]+Table26[Generic Lifetime]) -> 2038 | K54: 1.31
C55: FR | D55: ENFR_BLAYAIS-1_00 | E55: 1981 | F55: 0.99529031 | G55: generic | H55: =IF(Table15[[#This Row],[Lifetime Option]]="fixed",Table15[[#This Row],[End of life (fixed)]]-Table15[[#This Row],[Start year]],Table26[Generic Lifetime]) -> 50 | J55: =IF(Table15[[#This Row],[Lifetime Option]]="fixed",Table15[[#This Row],[End of life (fixed)]],Table15[[#This Row],[Start year]]+Table26[Generic Lifetime]) -> 2031 | K55: 0.91
C56: FR | D56: ENFR_BLAYAIS-2_00 | E56: 1982 | F56: 0.99529031 | G56: generic | H56: =IF(Table15[[#This Row],[Lifetime Option]]="fixed",Table15[[#This Row],[End of life (fixed)]]-Table15[[#This Row],[Start year]],Table26[Generic Lifetime]) -> 50 | J56: =IF(Table15[[#This Row],[Lifetime Option]]="fixed",Table15[[#This Row],[End of life (fixed)]],Table15[[#This Row],[Start year]]+Table26[Generic Lifetime]) -> 2032 | K56: 0.91
C57: FR | D57: ENFR_BLAYAIS-3_00 | E57: 1983 | F57: 0.99529031 | G57: generic | H57: =IF(Table15[[#This Row],[Lifetime Option]]="fixed",Table15[[#This Row],[End of life (fixed)]]-Table15[[#This Row],[Start year]],Table26[Generic Lifetime]) -> 50 | J57: =IF(Table15[[#This Row],[Lifetime Option]]="fixed",Table15[[#This Row],[End of life (fixed)]],Table15[[#This Row],[Start year]]+Table26[Generic Lifetime]) -> 2033 | K57: 0.91
C58: FR | D58: ENFR_BLAYAIS-4_00 | E58: 1983 | F58: 0.99529031 | G58: generic | H58: =IF(Table15[[#This Row],[Lifetime Option]]="fixed",Table15[[#This Row],[End of life (fixed)]]-Table15[[#This Row],[Start year]],Table26[Generic Lifetime]) -> 50 | J58: =IF(Table15[[#This Row],[Lifetime Option]]="fixed",Table15[[#This Row],[End of life (fixed)]],Table15[[#This Row],[Start year]]+Table26[Generic Lifetime]) -> 2033 | K58: 0.91
C59: FR | D59: ENFR_BUGEY-2_00_00 | E59: 1978 | F59: 0.98901087 | G59: generic | H59: =IF(Table15[[#This Row],[Lifetime Option]]="fixed",Table15[[#This Row],[End of life (fixed)]]-Table15[[#This Row],[Start year]],Table26[Generic Lifetime]) -> 50 | J59: =IF(Table15[[#This Row],[Lifetime Option]]="fixed",Table15[[#This Row],[End of life (fixed)]],Table15[[#This Row],[Start year]]+Table26[Generic Lifetime]) -> 2028 | K59: 0.91
C60: FR | D60: ENFR_BUGEY-3_00_00 | E60: 1978 | F60: 0.98901087 | G60: generic | H60: =IF(Table15[[#This Row],[Lifetime Option]]="fixed",Table15[[#This Row],[End of life (fixed)]]-Table15[[#This Row],[Start year]],Table26[Generic Lifetime]) -> 50 | J60: =IF(Table15[[#This Row],[Lifetime Option]]="fixed",Table15[[#This Row],[End of life (fixed)]],Table15[[#This Row],[Start year]]+Table26[Generic Lifetime]) -> 2028 | K60: 0.91
C61: FR | D61: ENFR_BUGEY-4_00_00 | E61: 1979 | F61: 0.95970685 | G61: generic | H61: =IF(Table15[[#This Row],[Lifetime Option]]="fixed",Table15[[#This Row],[End of life (fixed)]]-Table15[[#This Row],[Start year]],Table26[Generic Lifetime]) -> 50 | J61: =IF(Table15[[#This Row],[Lifetime Option]]="fixed",Table15[[#This Row],[End of life (fixed)]],Table15[[#This Row],[Start year]]+Table26[Generic Lifetime]) -> 2029 | K61: 0.88
C62: FR | D62: ENFR_BUGEY-5_00_00 | E62: 1979 | F62: 0.95970685 | G62: generic | H62: =IF(Table15[[#This Row],[Lifetime Option]]="fixed",Table15[[#This Row],[End of life (fixed)]]-Table15[[#This Row],[Start year]],Table26[Generic Lifetime]) -> 50 | J62: =IF(Table15[[#This Row],[Lifetime Option]]="fixed",Table15[[#This Row],[End of life (fixed)]],Table15[[#This Row],[Start year]]+Table26[Generic Lifetime]) -> 2029 | K62: 0.88
C63: FR | D63: ENFR_CATTENOM-1_00 | E63: 1986 | F63: 1.0173787 | G63: generic | H63: =IF(Table15[[#This Row],[Lifetime Option]]="fixed",Table15[[#This Row],[End of life (fixed)]]-Table15[[#This Row],[Start year]],Table26[Generic Lifetime]) -> 50 | J63: =IF(Table15[[#This Row],[Lifetime Option]]="fixed",Table15[[#This Row],[End of life (fixed)]],Table15[[#This Row],[Start year]]+Table26[Generic Lifetime]) -> 2036 | K63: 1.3
C64: FR | D64: ENFR_CATTENOM-2_00 | E64: 1987 | F64: 1.0173787 | G64: generic | H64: =IF(Table15[[#This Row],[Lifetime Option]]="fixed",Table15[[#This Row],[End of life (fixed)]]-Table15[[#This Row],[Start year]],Table26[Generic Lifetime]) -> 50 | J64: =IF(Table15[[#This Row],[Lifetime Option]]="fixed",Table15[[#This Row],[End of life (fixed)]],Table15[[#This Row],[Start year]]+Table26[Generic Lifetime]) -> 2037 | K64: 1.3
C65: FR | D65: ENFR_CATTENOM-3_00 | E65: 1990 | F65: 1.0173787 | G65: generic | H65: =IF(Table15[[#This Row],[Lifetime Option]]="fixed",Table15[[#This Row],[End of life (fixed)]]-Table15[[#This Row],[Start year]],Table26[Generic Lifetime]) -> 50 | J65: =IF(Table15[[#This Row],[Lifetime Option]]="fixed",Table15[[#This Row],[End of life (fixed)]],Table15[[#This Row],[Start year]]+Table26[Generic Lifetime]) -> 2040 | K65: 1.3
... C82: FR | D82: ENFR_DAMPIERRE-4_00 | E82: 1981 | F82: 0.98063829 | G82: generic | H82: =IF(Table15[[#This Row],[Lifetime Option]]="fixed",Table15[[#This Row],[End of life (fixed)]]-Table15[[#This Row],[Start year]],Table26[Generic Lifetime]) -> 50 | J82: =IF(Table15[[#This Row],[Lifetime Option]]="fixed",Table15[[#This Row],[End of life (fixed)]],Table15[[#This Row],[Start year]]+Table26[Generic Lifetime]) -> 2031 | K82: 0.89
C83: FR | D83: ENFR_FESSENHEIM-1_00 | E83: 1977 | F83: 1.3148391 | G83: fixed | H83: =IF(Table15[[#This Row],[Lifetime Option]]="fixed",Table15[[#This Row],[End of life (fixed)]]-Table15[[#This Row],[Start year]],Table26[Generic Lifetime]) -> 40 | I83: 2017 | J83: =IF(Table15[[#This Row],[Lifetime Option]]="fixed",Table15[[#This Row],[End of life (fixed)]],Table15[[#This Row],[Start year]]+Table26[Generic Lifetime]) -> 2017 | K83: 0.88 | L83: closing date unclear - follow up
C84: FR | D84: ENFR_FESSENHEIM-2_00 | E84: 1977 | F84: 1.3148391 | G84: fixed | H84: =IF(Table15[[#This Row],[Lifetime Option]]="fixed",Table15[[#This Row],[End of life (fixed)]]-Table15[[#This Row],[Start year]],Table26[Generic Lifetime]) -> 40 | I84: 2017 | J84: =IF(Table15[[#This Row],[Lifetime Option]]="fixed",Table15[[#This Row],[End of life (fixed)]],Table15[[#This Row],[Start year]]+Table26[Generic Lifetime]) -> 2017 | K84: 0.88 | L84: closing date unclear - follow up
C85: FR | D85: ENFR_FLAMANVILLE-1_00 | E85: 1985 | F85: 1.0323182 | G85: generic | H85: =IF(Table15[[#This Row],[Lifetime Option]]="fixed",Table15[[#This Row],[End of life (fixed)]]-Table15[[#This Row],[Start year]],Table26[Generic Lifetime]) -> 50 | J85: =IF(Table15[[#This Row],[Lifetime Option]]="fixed",Table15[[#This Row],[End of life (fixed)]],Table15[[#This Row],[Start year]]+Table26[Generic Lifetime]) -> 2035 | K85: 1.33
C86: FR | D86: ENFR_FLAMANVILLE-2_00 | E86: 1986 | F86: 1.0323182 | G86: generic | H86: =IF(Table15[[#This Row],[Lifetime Option]]="fixed",Table15[[#This Row],[End of life (fixed)]]-Table15[[#This Row],[Start year]],Table26[Generic Lifetime]) -> 50 | J86: =IF(Table15[[#This Row],[Lifetime Option]]="fixed",Table15[[#This Row],[End of life (fixed)]],Table15[[#This Row],[Start year]]+Table26[Generic Lifetime]) -> 2036 | K86: 1.33
C87: FR | D87: ENFR_GOLFECH-1_00 | E87: 1990 | F87: 1.0181256 | G87: generic | H87: =IF(Table15[[#This Row],[Lifetime Option]]="fixed",Table15[[#This Row],[End of life (fixed)]]-Table15[[#This Row],[Start year]],Table26[Generic Lifetime]) -> 50 | J87: =IF(Table15[[#This Row],[Lifetime Option]]="fixed",Table15[[#This Row],[End of life (fixed)]],Table15[[#This Row],[Start year]]+Table26[Generic Lifetime]) -> 2040 | K87: 1.31
C88: FR | D88: ENFR_GOLFECH-2_00 | E88: 1993 | F88: 1.0181256 | G88: generic | H88: =IF(Table15[[#This Row],[Lifetime Option]]="fixed",Table15[[#This Row],[End of life (fixed)]]-Table15[[#This Row],[Start year]],Table26[Generic Lifetime]) -> 50 | J88: =IF(Table15[[#This Row],[Lifetime Option]]="fixed",Table15[[#This Row],[End of life (fixed)]],Table15[[#This Row],[Start year]]+Table26[Generic Lifetime]) -> 2043 | K88: 1.31
C89: FR | D89: ENFR_GRAVELINES-1_00 | E89: 1980 | F89: 0.99529031 | G89: generic | H89: =IF(Table15[[#This Row],[Lifetime Option]]="fixed",Table15[[#This Row],[End of life (fixed)]]-Table15[[#This Row],[Start year]],Table26[Generic Lifetime]) -> 50 | J89: =IF(Table15[[#This Row],[Lifetime Option]]="fixed",Table15[[#This Row],[End of life (fixed)]],Table15[[#This Row],[Start year]]+Table26[Generic Lifetime]) -> 2030 | K89: 0.91
C90: FR | D90: ENFR_GRAVELINES-2_00 | E90: 1980 | F90: 0.99529031 | G90: generic | H90: =IF(Table15[[#This Row],[Lifetime Option]]="fixed",Table15[[#This Row],[End of life (fixed)]]-Table15[[#This Row],[Start year]],Table26[Generic Lifetime]) -> 50 | J90: =IF(Table15[[#This Row],[Lifetime Option]]="fixed",Table15[[#This Row],[End of life (fixed)]],Table15[[#This Row],[Start year]]+Table26[Generic Lifetime]) -> 2030 | K90: 0.91
C91: FR | D91: ENFR_GRAVELINES-3_00 | E91: 1980 | F91: 0.99529031 | G91: generic | H91: =IF(Table15[[#This Row],[Lifetime Option]]="fixed",Table15[[#This Row],[End of life (fixed)]]-Table15[[#This Row],[Start year]],Table26[Generic Lifetime]) -> 50 | J91: =IF(Table15[[#This Row],[Lifetime Option]]="fixed",Table15[[#This Row],[End of life (fixed)]],Table15[[#This Row],[Start year]]+Table26[Generic Lifetime]) -> 2030 | K91: 0.91
C92: FR | D92: ENFR_GRAVELINES-4_00 | E92: 1981 | F92: 0.99529031 | G92: generic | H92: =IF(Table15[[#This Row],[Lifetime Option]]="fixed",Table15[[#This Row],[End of life (fixed)]]-Table15[[#This Row],[Start year]],Table26[Generic Lifetime]) -> 50 | J92: =IF(Table15[[#This Row],[Lifetime Option]]="fixed",Table15[[#This Row],[End of life (fixed)]],Table15[[#This Row],[Start year]]+Table26[Generic Lifetime]) -> 2031 | K92: 0.91
C93: FR | D93: ENFR_GRAVELINES-5_00 | E93: 1984 | F93: 1.3866502 | G93: generic | H93: =IF(Table15[[#This Row],[Lifetime Option]]="fixed",Table15[[#This Row],[End of life (fixed)]]-Table15[[#This Row],[Start year]],Table26[Generic Lifetime]) -> 50 | J93: =IF(Table15[[#This Row],[Lifetime Option]]="fixed",Table15[[#This Row],[End of life (fixed)]],Table15[[#This Row],[Start year]]+Table26[Generic Lifetime]) -> 2034 | K93: 0.91
C94: FR | D94: ENFR_GRAVELINES-6_00 | E94: 1985 | F94: 1.3866502 | G94: generic | H94: =IF(Table15[[#This Row],[Lifetime Option]]="fixed",Table15[[#This Row],[End of life (fixed)]]-Table15[[#This Row],[Start year]],Table26[Generic Lifetime]) -> 50 | J94: =IF(Table15[[#This Row],[Lifetime Option]]="fixed",Table15[[#This Row],[End of life (fixed)]],Table15[[#This Row],[Start year]]+Table26[Generic Lifetime]) -> 2035 | K94: 0.91
C95: FR | D95: ENFR_NOGENT-1_00 | E95: 1987 | F95: 1.0181256 | G95: generic | H95: =IF(Table15[[#This Row],[Lifetime Option]]="fixed",Table15[[#This Row],[End of life (fixed)]]-Table15[[#This Row],[Start year]],Table26[Generic Lifetime]) -> 50 | J95: =IF(Table15[[#This Row],[Lifetime Option]]="fixed",Table15[[#This Row],[End of life (fixed)]],Table15[[#This Row],[Start year]]+Table26[Generic Lifetime]) -> 2037 | K95: 1.31
C96: FR | D96: ENFR_NOGENT-2_00 | E96: 1988 | F96: 1.0181256 | G96: generic | H96: =IF(Table15[[#This Row],[Lifetime Option]]="fixed",Table15[[#This Row],[End of life (fixed)]]-Table15[[#This Row],[Start year]],Table26[Generic Lifetime]) -> 50 | J96: =IF(Table15[[#This Row],[Lifetime Option]]="fixed",Table15[[#This Row],[End of life (fixed)]],Table15[[#This Row],[Start year]]+Table26[Generic Lifetime]) -> 2038 | K96: 1.31
... C115: HU | D115: ENHU_PAKS-4_00 | E115: 1987 | F115: 1.0763636 | G115: generic | H115: =IF(Table15[[#This Row],[Lifetime Option]]="fixed",Table15[[#This Row],[End of life (fixed)]]-Table15[[#This Row],[Start year]],Table26[Generic Lifetime]) -> 50 | J115: =IF(Table15[[#This Row],[Lifetime Option]]="fixed",Table15[[#This Row],[End of life (fixed)]],Table15[[#This Row],[Start year]]+Table26[Generic Lifetime]) -> 2037 | K115: 0.473
C116: LT | D116: ENLT_IGNALINA-1 | E116: 1983 | F116: 0.66 | G116: fixed | H116: =IF(Table15[[#This Row],[Lifetime Option]]="fixed",Table15[[#This Row],[End of life (fixed)]]-Table15[[#This Row],[Start year]],Table26[Generic Lifetime]) -> 21 | I116: 2004 | J116: =IF(Table15[[#This Row],[Lifetime Option]]="fixed",Table15[[#This Row],[End of life (fixed)]],Table15[[#This Row],[Start year]]+Table26[Generic Lifetime]) -> 2004 | K116: 1.185 | L116: closed
C117: LT | D117: ENLT_IGNALINA-2 | E117: 1987 | F117: 0.66 | G117: fixed | H117: =IF(Table15[[#This Row],[Lifetime Option]]="fixed",Table15[[#This Row],[End of life (fixed)]]-Table15[[#This Row],[Start year]],Table26[Generic Lifetime]) -> 22 | I117: 2009 | J117: =IF(Table15[[#This Row],[Lifetime Option]]="fixed",Table15[[#This Row],[End of life (fixed)]],Table15[[#This Row],[Start year]]+Table26[Generic Lifetime]) -> 2009 | K117: 1.185 | L117: closed
C118: NL | D118: ENNL_BORSSELE_00 | E118: 1973 | F118: 1.2703836 | G118: fixed | H118: =IF(Table15[[#This Row],[Lifetime Option]]="fixed",Table15[[#This Row],[End of life (fixed)]]-Table15[[#This Row],[Start year]],Table26[Generic Lifetime]) -> 61 | I118: 2034 | J118: =IF(Table15[[#This Row],[Lifetime Option]]="fixed",Table15[[#This Row],[End of life (fixed)]],Table15[[#This Row],[Start year]]+Table26[Generic Lifetime]) -> 2034 | K118: 0.482
C119: RO | D119: ENRO_CERNAVODA-1_00 | E119: 1996 | F119: 0.19866451 | G119: generic | H119: =IF(Table15[[#This Row],[Lifetime Option]]="fixed",Table15[[#This Row],[End of life (fixed)]]-Table15[[#This Row],[Start year]],Table26[Generic Lifetime]) -> 50 | J119: =IF(Table15[[#This Row],[Lifetime Option]]="fixed",Table15[[#This Row],[End of life (fixed)]],Table15[[#This Row],[Start year]]+Table26[Generic Lifetime]) -> 2046 | K119: 0.65
C120: RO | D120: ENRO_CERNAVODA-2 | E120: 2007 | F120: 0.19866451 | G120: generic | H120: =IF(Table15[[#This Row],[Lifetime Option]]="fixed",Table15[[#This Row],[End of life (fixed)]]-Table15[[#This Row],[Start year]],Table26[Generic Lifetime]) -> 50 | J120: =IF(Table15[[#This Row],[Lifetime Option]]="fixed",Table15[[#This Row],[End of life (fixed)]],Table15[[#This Row],[Start year]]+Table26[Generic Lifetime]) -> 2057 | K120: 0.65
C121: SE | D121: ENSE_FORSMARK-1_00 | E121: 1980 | F121: 1.2802426 | G121: generic | H121: =IF(Table15[[#This Row],[Lifetime Option]]="fixed",Table15[[#This Row],[End of life (fixed)]]-Table15[[#This Row],[Start year]],Table26[Generic Lifetime]) -> 50 | J121: =IF(Table15[[#This Row],[Lifetime Option]]="fixed",Table15[[#This Row],[End of life (fixed)]],Table15[[#This Row],[Start year]]+Table26[Generic Lifetime]) -> 2030 | K121: 0.984
C122: SE | D122: ENSE_FORSMARK-2_00 | E122: 1981 | F122: 1.2740459 | G122: generic | H122: =IF(Table15[[#This Row],[Lifetime Option]]="fixed",Table15[[#This Row],[End of life (fixed)]]-Table15[[#This Row],[Start year]],Table26[Generic Lifetime]) -> 50 | J122: =IF(Table15[[#This Row],[Lifetime Option]]="fixed",Table15[[#This Row],[End of life (fixed)]],Table15[[#This Row],[Start year]]+Table26[Generic Lifetime]) -> 2031 | K122: 0.996
C123: SE | D123: ENSE_FORSMARK-3_00 | E123: 1985 | F123: 1.3327593 | G123: generic | H123: =IF(Table15[[#This Row],[Lifetime Option]]="fixed",Table15[[#This Row],[End of life (fixed)]]-Table15[[#This Row],[Start year]],Table26[Generic Lifetime]) -> 50 | J123: =IF(Table15[[#This Row],[Lifetime Option]]="fixed",Table15[[#This Row],[End of life (fixed)]],Table15[[#This Row],[Start year]]+Table26[Generic Lifetime]) -> 2035 | K123: 1.17
C124: SE | D124: ENSE_OSKARSHAMN-1_00 | E124: 1971 | F124: 1.3911971 | G124: fixed | H124: =IF(Table15[[#This Row],[Lifetime Option]]="fixed",Table15[[#This Row],[End of life (fixed)]]-Table15[[#This Row],[Start year]],Table26[Generic Lifetime]) -> 47 | I124: 2018 | J124: =IF(Table15[[#This Row],[Lifetime Option]]="fixed",Table15[[#This Row],[End of life (fixed)]],Table15[[#This Row],[Start year]]+Table26[Generic Lifetime]) -> 2018 | K124: 0.473 | L124: situtation unclear - follow up | M124: http://www.world-nuclear-news.org/C-EOn-supports-early-closure-of-Oskarshamn-units-2306154.html
C125: SE | D125: ENSE_OSKARSHAMN-2_00 | E125: 1974 | F125: 1.42776 | G125: fixed | H125: =IF(Table15[[#This Row],[Lifetime Option]]="fixed",Table15[[#This Row],[End of life (fixed)]]-Table15[[#This Row],[Start year]],Table26[Generic Lifetime]) -> 46 | I125: 2020 | J125: =IF(Table15[[#This Row],[Lifetime Option]]="fixed",Table15[[#This Row],[End of life (fixed)]],Table15[[#This Row],[Start year]]+Table26[Generic Lifetime]) -> 2020 | K125: 0.638 | L125: situtation unclear - follow up
C126: SE | D126: ENSE_OSKARSHAMN-3_00 | E126: 1985 | F126: 1.0279385 | G126: generic | H126: =IF(Table15[[#This Row],[Lifetime Option]]="fixed",Table15[[#This Row],[End of life (fixed)]]-Table15[[#This Row],[Start year]],Table26[Generic Lifetime]) -> 50 | J126: =IF(Table15[[#This Row],[Lifetime Option]]="fixed",Table15[[#This Row],[End of life (fixed)]],Table15[[#This Row],[Start year]]+Table26[Generic Lifetime]) -> 2035 | K126: 1.4
C127: SE | D127: ENSE_RINGHALS-1_00 | E127: 1974 | F127: 1.2454186 | G127: fixed | H127: =IF(Table15[[#This Row],[Lifetime Option]]="fixed",Table15[[#This Row],[End of life (fixed)]]-Table15[[#This Row],[Start year]],Table26[Generic Lifetime]) -> 46 | I127: 2020 | J127: =IF(Table15[[#This Row],[Lifetime Option]]="fixed",Table15[[#This Row],[End of life (fixed)]],Table15[[#This Row],[Start year]]+Table26[Generic Lifetime]) -> 2020 | K127: 0.878 | L127: majority owners announces to discontinue investments | M127: http://corporate.vattenfall.se/press-och-media/engelska/vattenfall-changes-direction-for-operational-lifetimes-of-ringhals-1-and-2/
C128: SE | D128: ENSE_RINGHALS-2_00 | E128: 1974 | F128: 1.3999074 | G128: fixed | H128: =IF(Table15[[#This Row],[Lifetime Option]]="fixed",Table15[[#This Row],[End of life (fixed)]]-Table15[[#This Row],[Start year]],Table26[Generic Lifetime]) -> 46 | I128: 2020 | J128: =IF(Table15[[#This Row],[Lifetime Option]]="fixed",Table15[[#This Row],[End of life (fixed)]],Table15[[#This Row],[Start year]]+Table26[Generic Lifetime]) -> 2020 | K128: 0.865 | L128: majority owners announces to discontinue investments | M128: http://corporate.vattenfall.se/press-och-media/engelska/vattenfall-changes-direction-for-operational-lifetimes-of-ringhals-1-and-2/
C129: SE | D129: ENSE_RINGHALS-3_00 | E129: 1980 | F129: 1.3970618 | G129: generic | H129: =IF(Table15[[#This Row],[Lifetime Option]]="fixed",Table15[[#This Row],[End of life (fixed)]]-Table15[[#This Row],[Start year]],Table26[Generic Lifetime]) -> 50 | J129: =IF(Table15[[#This Row],[Lifetime Option]]="fixed",Table15[[#This Row],[End of life (fixed)]],Table15[[#This Row],[Start year]]+Table26[Generic Lifetime]) -> 2030 | K129: 1.064 | M129: http://corporate.vattenfall.se/press-och-media/engelska/vattenfall-changes-direction-for-operational-lifetimes-of-ringhals-1-and-2/
C130: SE | D130: ENSE_RINGHALS-4_00 | E130: 1982 | F130: 1.4050041 | G130: generic | H130: =IF(Table15[[#This Row],[Lifetime Option]]="fixed",Table15[[#This Row],[End of life (fixed)]]-Table15[[#This Row],[Start year]],Table26[Generic Lifetime]) -> 50 | J130: =IF(Table15[[#This Row],[Lifetime Option]]="fixed",Table15[[#This Row],[End of life (fixed)]],Table15[[#This Row],[Start year]]+Table26[Generic Lifetime]) -> 2032 | K130: 0.94 | M130: http://corporate.vattenfall.se/press-och-media/engelska/vattenfall-changes-direction-for-operational-lifetimes-of-ringhals-1-and-2/
C131: SI | D131: ENSI_KRSKO_00 | E131: 1981 | F131: 1.3869532 | G131: generic | H131: =IF(Table15[[#This Row],[Lifetime Option]]="fixed",Table15[[#This Row],[End of life (fixed)]]-Table15[[#This Row],[Start year]],Table26[Generic Lifetime]) -> 50 | I131: =E131+H131 -> 2031 | J131: =IF(Table15[[#This Row],[Lifetime Option]]="fixed",Table15[[#This Row],[End of life (fixed)]],Table15[[#This Row],[Start year]]+Table26[Generic Lifetime]) -> 2031 | K131: 0.688 | L131: long term operation implemented | M131: https://www.iaea.org/NuclearPower/Downloadable/Meetings/2013/2013-11-05-11-08-TM-NPE/10.Skodlar_Slovenia.pdf
C132: SK | D132: ENSK_BOHUNICE-1_00 | E132: 1978 | F132: 1 | G132: fixed | H132: =IF(Table15[[#This Row],[Lifetime Option]]="fixed",Table15[[#This Row],[End of life (fixed)]]-Table15[[#This Row],[Start year]],Table26[Generic Lifetime]) -> 28 | I132: 2006 | J132: =IF(Table15[[#This Row],[Lifetime Option]]="fixed",Table15[[#This Row],[End of life (fixed)]],Table15[[#This Row],[Start year]]+Table26[Generic Lifetime]) -> 2006 | K132: 0.408 | L132: Decommissioned
C133: SK | D133: ENSK_BOHUNICE-2_00 | E133: 1980 | F133: 1 | G133: fixed | H133: =IF(Table15[[#This Row],[Lifetime Option]]="fixed",Table15[[#This Row],[End of life (fixed)]]-Table15[[#This Row],[Start year]],Table26[Generic Lifetime]) -> 28 | I133: 2008 | J133: =IF(Table15[[#This Row],[Lifetime Option]]="fixed",Table15[[#This Row],[End of life (fixed)]],Table15[[#This Row],[Start year]]+Table26[Generic Lifetime]) -> 2008 | K133: 0.408 | L133: Decommissioned
C134: SK | D134: ENSK_BOHUNICE-3_00 | E134: 1984 | F134: 1.3644269 | G134: generic | H134: =IF(Table15[[#This Row],[Lifetime Option]]="fixed",Table15[[#This Row],[End of life (fixed)]]-Table15[[#This Row],[Start year]],Table26[Generic Lifetime]) -> 50 | I134: =E134+H134 -> 2034 | J134: =IF(Table15[[#This Row],[Lifetime Option]]="fixed",Table15[[#This Row],[End of life (fixed)]],Table15[[#This Row],[Start year]]+Table26[Generic Lifetime]) -> 2034 | K134: 0.472 | L134: LTO programm to run up to 60 years | M134: http://www.seas.sk/data/contentlink/cfakepathebofactsen-web.pdf
...

Sheet Existing plants_SCEN60yrs
A1: Generic Lifetime | C1: Member State | D1: Process | E1: Start year | F1: Efficiency PJ/tU | G1: Lifetime Option | H1: Tlife yrs | I1: End of life (fixed) | J1: End of life | K1: Existing capacity GW | L1: Comments | M1: Source
A2: 60 | C2: BE | D2: ENBE_DOEL-1_00 | E2: 1974 | F2: 1.3464165 | G2: fixed | H2: =IF(Table1[[#This Row],[Lifetime Option]]="fixed",Table1[[#This Row],[End of life (fixed)]]-Table1[[#This Row],[Start year]],Table2[Generic Lifetime]) -> 51 | I2: 2025 | J2: =IF(Table1[[#This Row],[Lifetime Option]]="fixed",Table1[[#This Row],[End of life (fixed)]],Table1[[#This Row],[Start year]]+Table2[Generic Lifetime]) -> 2025 | K2: 0.433 | M2: http://www.engie.com/en/journalists/press-releases/agreement-conditions-extending-doel-1-doel-2-new-nuclear-contribution-system/
C3: BE | D3: ENBE_DOEL-2_00 | E3: 1975 | F3: 1.3464165 | G3: fixed | H3: =IF(Table1[[#This Row],[Lifetime Option]]="fixed",Table1[[#This Row],[End of life (fixed)]]-Table1[[#This Row],[Start year]],Table2[Generic Lifetime]) -> 50 | I3: 2025 | J3: =IF(Table1[[#This Row],[Lifetime Option]]="fixed",Table1[[#This Row],[End of life (fixed)]],Table1[[#This Row],[Start year]]+Table2[Generic Lifetime]) -> 2025 | K3: 0.433 | M3: http://www.engie.com/en/journalists/press-releases/agreement-conditions-extending-doel-1-doel-2-new-nuclear-contribution-system/
C4: BE | D4: ENBE_DOEL-3_00 | E4: 1982 | F4: 1.4638774 | G4: fixed | H4: =IF(Table1[[#This Row],[Lifetime Option]]="fixed",Table1[[#This Row],[End of life (fixed)]]-Table1[[#This Row],[Start year]],Table2[Generic Lifetime]) -> 40 | I4: 2022 | J4: =IF(Table1[[#This Row],[Lifetime Option]]="fixed",Table1[[#This Row],[End of life (fixed)]],Table1[[#This Row],[Start year]]+Table2[Generic Lifetime]) -> 2022 | K4: 1.006 | L4: uncertain - follow up | M4: http://www.fanc.fgov.be/nl/news/doel-3/tihange-2-next-steps-of-the-review-process/766.aspx
C5: BE | D5: ENBE_DOEL-4_00 | E5: 1985 | F5: 1.4183133 | G5: fixed | H5: =IF(Table1[[#This Row],[Lifetime Option]]="fixed",Table1[[#This Row],[End of life (fixed)]]-Table1[[#This Row],[Start year]],Table2[Generic Lifetime]) -> 40 | I5: 2025 | J5: =IF(Table1[[#This Row],[Lifetime Option]]="fixed",Table1[[#This Row],[End of life (fixed)]],Table1[[#This Row],[Start year]]+Table2[Generic Lifetime]) -> 2025 | K5: 1.039
C6: BE | D6: ENBE_TIHANGE-1_00 | E6: 1975 | F6: 1.3654688 | G6: fixed | H6: =IF(Table1[[#This Row],[Lifetime Option]]="fixed",Table1[[#This Row],[End of life (fixed)]]-Table1[[#This Row],[Start year]],Table2[Generic Lifetime]) -> 50 | I6: 2025 | J6: =IF(Table1[[#This Row],[Lifetime Option]]="fixed",Table1[[#This Row],[End of life (fixed)]],Table1[[#This Row],[Start year]]+Table2[Generic Lifetime]) -> 2025 | K6: 0.962 | M6: http://economie.fgov.be/fr/consommateurs/Energie/Nucleaire/centrales_nucleaires/sortie_nucleaire/#.Vdb00Y7DVE4
C7: BE | D7: ENBE_TIHANGE-2_00 | E7: 1982 | F7: 1.3387206 | G7: fixed | H7: =IF(Table1[[#This Row],[Lifetime Option]]="fixed",Table1[[#This Row],[End of life (fixed)]]-Table1[[#This Row],[Start year]],Table2[Generic Lifetime]) -> 40 | I7: 2022 | J7: =IF(Table1[[#This Row],[Lifetime Option]]="fixed",Table1[[#This Row],[End of life (fixed)]],Table1[[#This Row],[Start year]]+Table2[Generic Lifetime]) -> 2022 | K7: 1.008 | L7: uncertain - follow up | M7: http://www.fanc.fgov.be/nl/news/doel-3/tihange-2-next-steps-of-the-review-process/766.aspx
C8: BE | D8: ENBE_TIHANGE-3_00 | E8: 1985 | F8: 1.417824 | G8: fixed | H8: =IF(Table1[[#This Row],[Lifetime Option]]="fixed",Table1[[#This Row],[End of life (fixed)]]-Table1[[#This Row],[Start year]],Table2[Generic Lifetime]) -> 40 | I8: 2025 | J8: =IF(Table1[[#This Row],[Lifetime Option]]="fixed",Table1[[#This Row],[End of life (fixed)]],Table1[[#This Row],[Start year]]+Table2[Generic Lifetime]) -> 2025 | K8: 1.046
C9: BG | D9: ENBG_KOZLODUY-3_00 | E9: 1980 | F9: 0.77 | G9: fixed | H9: =IF(Table1[[#This Row],[Lifetime Option]]="fixed",Table1[[#This Row],[End of life (fixed)]]-Table1[[#This Row],[Start year]],Table2[Generic Lifetime]) -> 26 | I9: 2006 | J9: =IF(Table1[[#This Row],[Lifetime Option]]="fixed",Table1[[#This Row],[End of life (fixed)]],Table1[[#This Row],[Start year]]+Table2[Generic Lifetime]) -> 2006 | K9: 0.408 | L9: closed
C10: BG | D10: ENBG_KOZLODUY-4_00 | E10: 1982 | F10: 0.77 | G10: fixed | H10: =IF(Table1[[#This Row],[Lifetime Option]]="fixed",Table1[[#This Row],[End of life (fixed)]]-Table1[[#This Row],[Start year]],Table2[Generic Lifetime]) -> 24 | I10: 2006 | J10: =IF(Table1[[#This Row],[Lifetime Option]]="fixed",Table1[[#This Row],[End of life (fixed)]],Table1[[#This Row],[Start year]]+Table2[Generic Lifetime]) -> 2006 | K10: 0.408 | L10: closed
C11: BG | D11: ENBG_KOZLODUY-5_00 | E11: 1987 | F11: 0.7776 | G11: generic | H11: =IF(Table1[[#This Row],[Lifetime Option]]="fixed",Table1[[#This Row],[End of life (fixed)]]-Table1[[#This Row],[Start year]],Table2[Generic Lifetime]) -> 60 | J11: =IF(Table1[[#This Row],[Lifetime Option]]="fixed",Table1[[#This Row],[End of life (fixed)]],Table1[[#This Row],[Start year]]+Table2[Generic Lifetime]) -> 2047 | K11: 0.953 | M11: http://www.world-nuclear.org/info/Country-Profiles/Countries-A-F/Bulgaria/
C12: BG | D12: ENBG_KOZLODUY-6_00 | E12: 1991 | F12: 0.7776 | G12: generic | H12: =IF(Table1[[#This Row],[Lifetime Option]]="fixed",Table1[[#This Row],[End of life (fixed)]]-Table1[[#This Row],[Start year]],Table2[Generic Lifetime]) -> 60 | J12: =IF(Table1[[#This Row],[Lifetime Option]]="fixed",Table1[[#This Row],[End of life (fixed)]],Table1[[#This Row],[Start year]]+Table2[Generic Lifetime]) -> 2051 | K12: 0.953 | M12: http://www.world-nuclear.org/info/Country-Profiles/Countries-A-F/Bulgaria/
C13: CH | D13: ENCH_BEZNAU-1_00 | E13: 1969 | F13: 1.2203044 | G13: fixed | H13: =IF(Table1[[#This Row],[Lifetime Option]]="fixed",Table1[[#This Row],[End of life (fixed)]]-Table1[[#This Row],[Start year]],Table2[Generic Lifetime]) -> 50 | I13: 2019 | J13: =IF(Table1[[#This Row],[Lifetime Option]]="fixed",Table1[[#This Row],[End of life (fixed)]],Table1[[#This Row],[Start year]]+Table2[Generic Lifetime]) -> 2019 | K13: 0.365 | L13: need to follow up political developments | M13: http://www.world-nuclear.org/info/Country-Profiles/Countries-O-S/Switzerland/
C14: CH | D14: ENCH_BEZNAU-2_00 | E14: 1971 | F14: 1.2203044 | G14: fixed | H14: =IF(Table1[[#This Row],[Lifetime Option]]="fixed",Table1[[#This Row],[End of life (fixed)]]-Table1[[#This Row],[Start year]],Table2[Generic Lifetime]) -> 50 | I14: 2021 | J14: =IF(Table1[[#This Row],[Lifetime Option]]="fixed",Table1[[#This Row],[End of life (fixed)]],Table1[[#This Row],[Start year]]+Table2[Generic Lifetime]) -> 2021 | K14: 0.365 | L14: need to follow up political developments | M14: http://www.world-nuclear.org/info/Country-Profiles/Countries-O-S/Switzerland/
C15: CH | D15: ENCH_GOESGEN_00 | E15: 1979 | F15: 1.5489833 | G15: fixed | H15: =IF(Table1[[#This Row],[Lifetime Option]]="fixed",Table1[[#This Row],[End of life (fixed)]]-Table1[[#This Row],[Start year]],Table2[Generic Lifetime]) -> 50 | I15: 2029 | J15: =IF(Table1[[#This Row],[Lifetime Option]]="fixed",Table1[[#This Row],[End of life (fixed)]],Table1[[#This Row],[Start year]]+Table2[Generic Lifetime]) -> 2029 | K15: 0.985 | L15: need to follow up political developments | M15: http://www.world-nuclear.org/info/Country-Profiles/Countries-O-S/Switzerland/
C16: CH | D16: ENCH_LEIBSTADT_00 | E16: 1984 | F16: 1.28484 | G16: fixed | H16: =IF(Table1[[#This Row],[Lifetime Option]]="fixed",Table1[[#This Row],[End of life (fixed)]]-Table1[[#This Row],[Start year]],Table2[Generic Lifetime]) -> 50 | I16: 2034 | J16: =IF(Table1[[#This Row],[Lifetime Option]]="fixed",Table1[[#This Row],[End of life (fixed)]],Table1[[#This Row],[Start year]]+Table2[Generic Lifetime]) -> 2034 | K16: 1.22 | L16: need to follow up political developments | M16: http://www.world-nuclear.org/info/Country-Profiles/Countries-O-S/Switzerland/
C17: CH | D17: ENCH_MUEHLEBERG_00 | E17: 1971 | F17: 1.474392 | G17: fixed | H17: =IF(Table1[[#This Row],[Lifetime Option]]="fixed",Table1[[#This Row],[End of life (fixed)]]-Table1[[#This Row],[Start year]],Table2[Generic Lifetime]) -> 48 | I17: 2019 | J17: =IF(Table1[[#This Row],[Lifetime Option]]="fixed",Table1[[#This Row],[End of life (fixed)]],Table1[[#This Row],[Start year]]+Table2[Generic Lifetime]) -> 2019 | K17: 0.373 | L17: need to follow up political developments | M17: http://www.world-nuclear.org/info/Country-Profiles/Countries-O-S/Switzerland/
C18: CZ | D18: ENCZ_DUKOVANY-1_00 | E18: 1985 | F18: 1.2607488 | G18: generic | H18: =IF(Table1[[#This Row],[Lifetime Option]]="fixed",Table1[[#This Row],[End of life (fixed)]]-Table1[[#This Row],[Start year]],Table2[Generic Lifetime]) -> 60 | J18: =IF(Table1[[#This Row],[Lifetime Option]]="fixed",Table1[[#This Row],[End of life (fixed)]],Table1[[#This Row],[Start year]]+Table2[Generic Lifetime]) -> 2045 | K18: 0.468 | M18: http://www.oecd-nea.org/ndd/pubs/2014/7197-bb-2014.pdf
C19: CZ | D19: ENCZ_DUKOVANY-2_00 | E19: 1986 | F19: 1.2607488 | G19: generic | H19: =IF(Table1[[#This Row],[Lifetime Option]]="fixed",Table1[[#This Row],[End of life (fixed)]]-Table1[[#This Row],[Start year]],Table2[Generic Lifetime]) -> 60 | J19: =IF(Table1[[#This Row],[Lifetime Option]]="fixed",Table1[[#This Row],[End of life (fixed)]],Table1[[#This Row],[Start year]]+Table2[Generic Lifetime]) -> 2046 | K19: 0.471
C20: CZ | D20: ENCZ_DUKOVANY-3_00 | E20: 1986 | F20: 1.3110781 | G20: generic | H20: =IF(Table1[[#This Row],[Lifetime Option]]="fixed",Table1[[#This Row],[End of life (fixed)]]-Table1[[#This Row],[Start year]],Table2[Generic Lifetime]) -> 60 | J20: =IF(Table1[[#This Row],[Lifetime Option]]="fixed",Table1[[#This Row],[End of life (fixed)]],Table1[[#This Row],[Start year]]+Table2[Generic Lifetime]) -> 2046 | K20: 0.468
C21: CZ | D21: ENCZ_DUKOVANY-4_00 | E21: 1987 | F21: 1.2607488 | G21: generic | H21: =IF(Table1[[#This Row],[Lifetime Option]]="fixed",Table1[[#This Row],[End of life (fixed)]]-Table1[[#This Row],[Start year]],Table2[Generic Lifetime]) -> 60 | J21: =IF(Table1[[#This Row],[Lifetime Option]]="fixed",Table1[[#This Row],[End of life (fixed)]],Table1[[#This Row],[Start year]]+Table2[Generic Lifetime]) -> 2047 | K21: 0.471
C22: CZ | D22: ENCZ_TEMELIN-1_00 | E22: 2000 | F22: 1.312848 | G22: generic | H22: =IF(Table1[[#This Row],[Lifetime Option]]="fixed",Table1[[#This Row],[End of life (fixed)]]-Table1[[#This Row],[Start year]],Table2[Generic Lifetime]) -> 60 | J22: =IF(Table1[[#This Row],[Lifetime Option]]="fixed",Table1[[#This Row],[End of life (fixed)]],Table1[[#This Row],[Start year]]+Table2[Generic Lifetime]) -> 2060 | K22: 0.963
C23: CZ | D23: ENCZ_TEMELIN-2_00 | E23: 2002 | F23: 1.312848 | G23: generic | H23: =IF(Table1[[#This Row],[Lifetime Option]]="fixed",Table1[[#This Row],[End of life (fixed)]]-Table1[[#This Row],[Start year]],Table2[Generic Lifetime]) -> 60 | J23: =IF(Table1[[#This Row],[Lifetime Option]]="fixed",Table1[[#This Row],[End of life (fixed)]],Table1[[#This Row],[Start year]]+Table2[Generic Lifetime]) -> 2062 | K23: 0.963
C24: DE | D24: ENDE_BIBLIS-A_00 | E24: 1974 | F24: 0.940896 | G24: fixed | H24: =IF(Table1[[#This Row],[Lifetime Option]]="fixed",Table1[[#This Row],[End of life (fixed)]]-Table1[[#This Row],[Start year]],Table2[Generic Lifetime]) -> 37 | I24: 2011 | J24: =IF(Table1[[#This Row],[Lifetime Option]]="fixed",Table1[[#This Row],[End of life (fixed)]],Table1[[#This Row],[Start year]]+Table2[Generic Lifetime]) -> 2011 | K24: 1.167 | L24: closed
C25: DE | D25: ENDE_BIBLIS-B_00 | E25: 1976 | F25: 0.940896 | G25: fixed | H25: =IF(Table1[[#This Row],[Lifetime Option]]="fixed",Table1[[#This Row],[End of life (fixed)]]-Table1[[#This Row],[Start year]],Table2[Generic Lifetime]) -> 35 | I25: 2011 | J25: =IF(Table1[[#This Row],[Lifetime Option]]="fixed",Table1[[#This Row],[End of life (fixed)]],Table1[[#This Row],[Start year]]+Table2[Generic Lifetime]) -> 2011 | K25: 1.24 | L25: closed
C26: DE | D26: ENDE_BROKDORF_KBR_00 | E26: 1986 | F26: 1.1147815 | G26: fixed | H26: =IF(Table1[[#This Row],[Lifetime Option]]="fixed",Table1[[#This Row],[End of life (fixed)]]-Table1[[#This Row],[Start year]],Table2[Generic Lifetime]) -> 35 | I26: 2021 | J26: =IF(Table1[[#This Row],[Lifetime Option]]="fixed",Table1[[#This Row],[End of life (fixed)]],Table1[[#This Row],[Start year]]+Table2[Generic Lifetime]) -> 2021 | K26: 1.41
C27: DE | D27: ENDE_BRUNSBUETTEL_00 | E27: 1976 | F27: 0.912384 | G27: fixed | H27: =IF(Table1[[#This Row],[Lifetime Option]]="fixed",Table1[[#This Row],[End of life (fixed)]]-Table1[[#This Row],[Start year]],Table2[Generic Lifetime]) -> 35 | I27: 2011 | J27: =IF(Table1[[#This Row],[Lifetime Option]]="fixed",Table1[[#This Row],[End of life (fixed)]],Table1[[#This Row],[Start year]]+Table2[Generic Lifetime]) -> 2011 | K27: 0.771 | L27: closed
C28: DE | D28: ENDE_EMSLAND_KKE_00 | E28: 1988 | F28: 1.0053818 | G28: fixed | H28: =IF(Table1[[#This Row],[Lifetime Option]]="fixed",Table1[[#This Row],[End of life (fixed)]]-Table1[[#This Row],[Start year]],Table2[Generic Lifetime]) -> 34 | I28: 2022 | J28: =IF(Table1[[#This Row],[Lifetime Option]]="fixed",Table1[[#This Row],[End of life (fixed)]],Table1[[#This Row],[Start year]]+Table2[Generic Lifetime]) -> 2022 | K28: 1.335 | M28: capacity according to operator website
C29: DE | D29: ENDE_GRAFENRHEINFELD_KKG_00 | E29: 1981 | F29: 1.0494215 | G29: fixed | H29: =IF(Table1[[#This Row],[Lifetime Option]]="fixed",Table1[[#This Row],[End of life (fixed)]]-Table1[[#This Row],[Start year]],Table2[Generic Lifetime]) -> 34 | I29: 2015 | J29: =IF(Table1[[#This Row],[Lifetime Option]]="fixed",Table1[[#This Row],[End of life (fixed)]],Table1[[#This Row],[Start year]]+Table2[Generic Lifetime]) -> 2015 | K29: 1.275 | L29: closed
C30: DE | D30: ENDE_GROHNDE_KWG_00 | E30: 1984 | F30: 1.07712 | G30: fixed | H30: =IF(Table1[[#This Row],[Lifetime Option]]="fixed",Table1[[#This Row],[End of life (fixed)]]-Table1[[#This Row],[Start year]],Table2[Generic Lifetime]) -> 37 | I30: 2021 | J30: =IF(Table1[[#This Row],[Lifetime Option]]="fixed",Table1[[#This Row],[End of life (fixed)]],Table1[[#This Row],[Start year]]+Table2[Generic Lifetime]) -> 2021 | K30: 1.36
C31: DE | D31: ENDE_GUNDREM-B_GUN-B_00 | E31: 1984 | F31: 0.8316 | G31: fixed | H31: =IF(Table1[[#This Row],[Lifetime Option]]="fixed",Table1[[#This Row],[End of life (fixed)]]-Table1[[#This Row],[Start year]],Table2[Generic Lifetime]) -> 33 | I31: 2017 | J31: =IF(Table1[[#This Row],[Lifetime Option]]="fixed",Table1[[#This Row],[End of life (fixed)]],Table1[[#This Row],[Start year]]+Table2[Generic Lifetime]) -> 2017 | K31: 1.284
C32: DE | D32: ENDE_GUNDREM-C_GUN-C_00 | E32: 1984 | F32: 0.8316 | G32: fixed | H32: =IF(Table1[[#This Row],[Lifetime Option]]="fixed",Table1[[#This Row],[End of life (fixed)]]-Table1[[#This Row],[Start year]],Table2[Generic Lifetime]) -> 37 | I32: 2021 | J32: =IF(Table1[[#This Row],[Lifetime Option]]="fixed",Table1[[#This Row],[End of life (fixed)]],Table1[[#This Row],[Start year]]+Table2[Generic Lifetime]) -> 2021 | K32: 1.288
C33: DE | D33: ENDE_ISAR-1_00 | E33: 1988 | F33: 1.28304 | G33: fixed | H33: =IF(Table1[[#This Row],[Lifetime Option]]="fixed",Table1[[#This Row],[End of life (fixed)]]-Table1[[#This Row],[Start year]],Table2[Generic Lifetime]) -> 23 | I33: 2011 | J33: =IF(Table1[[#This Row],[Lifetime Option]]="fixed",Table1[[#This Row],[End of life (fixed)]],Table1[[#This Row],[Start year]]+Table2[Generic Lifetime]) -> 2011 | K33: 0.878 | L33: closed
C34: DE | D34: ENDE_ISAR-2_KKI2_00 | E34: 1988 | F34: 1.0394248 | G34: fixed | H34: =IF(Table1[[#This Row],[Lifetime Option]]="fixed",Table1[[#This Row],[End of life (fixed)]]-Table1[[#This Row],[Start year]],Table2[Generic Lifetime]) -> 34 | I34: 2022 | J34: =IF(Table1[[#This Row],[Lifetime Option]]="fixed",Table1[[#This Row],[End of life (fixed)]],Table1[[#This Row],[Start year]]+Table2[Generic Lifetime]) -> 2022 | K34: 1.41
C35: DE | D35: ENDE_KRUEMMEL_00 | E35: 1983 | F35: 0.912384 | G35: fixed | H35: =IF(Table1[[#This Row],[Lifetime Option]]="fixed",Table1[[#This Row],[End of life (fixed)]]-Table1[[#This Row],[Start year]],Table2[Generic Lifetime]) -> 28 | I35: 2011 | J35: =IF(Table1[[#This Row],[Lifetime Option]]="fixed",Table1[[#This Row],[End of life (fixed)]],Table1[[#This Row],[Start year]]+Table2[Generic Lifetime]) -> 2011 | K35: 1.26
C36: DE | D36: ENDE_NECKARWEST-2_GKN2_00 | E36: 1989 | F36: 1.4452364 | G36: fixed | H36: =IF(Table1[[#This Row],[Lifetime Option]]="fixed",Table1[[#This Row],[End of life (fixed)]]-Table1[[#This Row],[Start year]],Table2[Generic Lifetime]) -> 33 | I36: 2022 | J36: =IF(Table1[[#This Row],[Lifetime Option]]="fixed",Table1[[#This Row],[End of life (fixed)]],Table1[[#This Row],[Start year]]+Table2[Generic Lifetime]) -> 2022 | K36: 1.31
C37: DE | D37: ENDE_NECKARWESTHEIM-1_00 | E37: 1976 | F37: 1.0463904 | G37: fixed | H37: =IF(Table1[[#This Row],[Lifetime Option]]="fixed",Table1[[#This Row],[End of life (fixed)]]-Table1[[#This Row],[Start year]],Table2[Generic Lifetime]) -> 35 | I37: 2011 | J37: =IF(Table1[[#This Row],[Lifetime Option]]="fixed",Table1[[#This Row],[End of life (fixed)]],Table1[[#This Row],[Start year]]+Table2[Generic Lifetime]) -> 2011 | K37: 0.785 | L37: closed
C38: DE | D38: ENDE_PHILIPPSBURG-1_00 | E38: 1979 | F38: 1.1376288 | G38: fixed | H38: =IF(Table1[[#This Row],[Lifetime Option]]="fixed",Table1[[#This Row],[End of life (fixed)]]-Table1[[#This Row],[Start year]],Table2[Generic Lifetime]) -> 32 | I38: 2011 | J38: =IF(Table1[[#This Row],[Lifetime Option]]="fixed",Table1[[#This Row],[End of life (fixed)]],Table1[[#This Row],[Start year]]+Table2[Generic Lifetime]) -> 2011 | K38: 0.89 | L38: closed
C39: DE | D39: ENDE_PHILIPPSBURG-2_KKP2_00 | E39: 1984 | F39: 1.0596358 | G39: fixed | H39: =IF(Table1[[#This Row],[Lifetime Option]]="fixed",Table1[[#This Row],[End of life (fixed)]]-Table1[[#This Row],[Start year]],Table2[Generic Lifetime]) -> 35 | I39: 2019 | J39: =IF(Table1[[#This Row],[Lifetime Option]]="fixed",Table1[[#This Row],[End of life (fixed)]],Table1[[#This Row],[Start year]]+Table2[Generic Lifetime]) -> 2019 | K39: 1.402
C40: DE | D40: ENDE_UNTERWESER_00 | E40: 1978 | F40: 1.0093248 | G40: fixed | H40: =IF(Table1[[#This Row],[Lifetime Option]]="fixed",Table1[[#This Row],[End of life (fixed)]]-Table1[[#This Row],[Start year]],Table2[Generic Lifetime]) -> 33 | I40: 2011 | J40: =IF(Table1[[#This Row],[Lifetime Option]]="fixed",Table1[[#This Row],[End of life (fixed)]],Table1[[#This Row],[Start year]]+Table2[Generic Lifetime]) -> 2011 | K40: 1.345 | L40: closed
C41: ES | D41: ENES_ALMARAZ-1_00 | E41: 1983 | F41: 1.776961 | G41: generic | H41: =IF(Table1[[#This Row],[Lifetime Option]]="fixed",Table1[[#This Row],[End of life (fixed)]]-Table1[[#This Row],[Start year]],Table2[Generic Lifetime]) -> 60 | J41: =IF(Table1[[#This Row],[Lifetime Option]]="fixed",Table1[[#This Row],[End of life (fixed)]],Table1[[#This Row],[Start year]]+Table2[Generic Lifetime]) -> 2043 | K41: 1.011
C42: ES | D42: ENES_ALMARAZ-2_00 | E42: 1984 | F42: 1.3773573 | G42: generic | H42: =IF(Table1[[#This Row],[Lifetime Option]]="fixed",Table1[[#This Row],[End of life (fixed)]]-Table1[[#This Row],[Start year]],Table2[Generic Lifetime]) -> 60 | J42: =IF(Table1[[#This Row],[Lifetime Option]]="fixed",Table1[[#This Row],[End of life (fixed)]],Table1[[#This Row],[Start year]]+Table2[Generic Lifetime]) -> 2044 | K42: 1.006
C43: ES | D43: ENES_ASCO-1_00 | E43: 1983 | F43: 1.5325351 | G43: generic | H43: =IF(Table1[[#This Row],[Lifetime Option]]="fixed",Table1[[#This Row],[End of life (fixed)]]-Table1[[#This Row],[Start year]],Table2[Generic Lifetime]) -> 60 | J43: =IF(Table1[[#This Row],[Lifetime Option]]="fixed",Table1[[#This Row],[End of life (fixed)]],Table1[[#This Row],[Start year]]+Table2[Generic Lifetime]) -> 2043 | K43: 0.995
C44: ES | D44: ENES_ASCO-2_00 | E44: 1985 | F44: 1.5236336 | G44: generic | H44: =IF(Table1[[#This Row],[Lifetime Option]]="fixed",Table1[[#This Row],[End of life (fixed)]]-Table1[[#This Row],[Start year]],Table2[Generic Lifetime]) -> 60 | J44: =IF(Table1[[#This Row],[Lifetime Option]]="fixed",Table1[[#This Row],[End of life (fixed)]],Table1[[#This Row],[Start year]]+Table2[Generic Lifetime]) -> 2045 | K44: 0.997
C45: ES | D45: ENES_COFRENTES_00 | E45: 1985 | F45: 1.1658795 | G45: generic | H45: =IF(Table1[[#This Row],[Lifetime Option]]="fixed",Table1[[#This Row],[End of life (fixed)]]-Table1[[#This Row],[Start year]],Table2[Generic Lifetime]) -> 60 | J45: =IF(Table1[[#This Row],[Lifetime Option]]="fixed",Table1[[#This Row],[End of life (fixed)]],Table1[[#This Row],[Start year]]+Table2[Generic Lifetime]) -> 2045 | K45: 1.064
C46: ES | D46: ENES_SANTAMARIADEGARONA_00 | E46: 1971 | F46: 0.9037903 | G46: generic | H46: =IF(Table1[[#This Row],[Lifetime Option]]="fixed",Table1[[#This Row],[End of life (fixed)]]-Table1[[#This Row],[Start year]],Table2[Generic Lifetime]) -> 60 | J46: =IF(Table1[[#This Row],[Lifetime Option]]="fixed",Table1[[#This Row],[End of life (fixed)]],Table1[[#This Row],[Start year]]+Table2[Generic Lifetime]) -> 2031 | K46: 0.446
C47: ES | D47: ENES_TRILLO-1_00 | E47: 1988 | F47: 1.0097605 | G47: generic | H47: =IF(Table1[[#This Row],[Lifetime Option]]="fixed",Table1[[#This Row],[End of life (fixed)]]-Table1[[#This Row],[Start year]],Table2[Generic Lifetime]) -> 60 | J47: =IF(Table1[[#This Row],[Lifetime Option]]="fixed",Table1[[#This Row],[End of life (fixed)]],Table1[[#This Row],[Start year]]+Table2[Generic Lifetime]) -> 2048 | K47: 1.003
C48: ES | D48: ENES_VANDELLOS-2_00 | E48: 1987 | F48: 1.6126482 | G48: generic | H48: =IF(Table1[[#This Row],[Lifetime Option]]="fixed",Table1[[#This Row],[End of life (fixed)]]-Table1[[#This Row],[Start year]],Table2[Generic Lifetime]) -> 60 | J48: =IF(Table1[[#This Row],[Lifetime Option]]="fixed",Table1[[#This Row],[End of life (fixed)]],Table1[[#This Row],[Start year]]+Table2[Generic Lifetime]) -> 2047 | K48: 1.045
C49: FI | D49: ENFI_LOVIISA-1_00 | E49: 1977 | F49: 1.17504 | G49: generic | H49: =IF(Table1[[#This Row],[Lifetime Option]]="fixed",Table1[[#This Row],[End of life (fixed)]]-Table1[[#This Row],[Start year]],Table2[Generic Lifetime]) -> 60 | J49: =IF(Table1[[#This Row],[Lifetime Option]]="fixed",Table1[[#This Row],[End of life (fixed)]],Table1[[#This Row],[Start year]]+Table2[Generic Lifetime]) -> 2037 | K49: 0.496
C50: FI | D50: ENFI_LOVIISA-2_00 | E50: 1980 | F50: 1.17504 | G50: generic | H50: =IF(Table1[[#This Row],[Lifetime Option]]="fixed",Table1[[#This Row],[End of life (fixed)]]-Table1[[#This Row],[Start year]],Table2[Generic Lifetime]) -> 60 | J50: =IF(Table1[[#This Row],[Lifetime Option]]="fixed",Table1[[#This Row],[End of life (fixed)]],Table1[[#This Row],[Start year]]+Table2[Generic Lifetime]) -> 2040 | K50: 0.496
C51: FI | D51: ENFI_OLKILUOTO-1_00 | E51: 1978 | F51: 1.1636352 | G51: generic | H51: =IF(Table1[[#This Row],[Lifetime Option]]="fixed",Table1[[#This Row],[End of life (fixed)]]-Table1[[#This Row],[Start year]],Table2[Generic Lifetime]) -> 60 | J51: =IF(Table1[[#This Row],[Lifetime Option]]="fixed",Table1[[#This Row],[End of life (fixed)]],Table1[[#This Row],[Start year]]+Table2[Generic Lifetime]) -> 2038 | K51: 0.88
C52: FI | D52: ENFI_OLKILUOTO-2_00 | E52: 1980 | F52: 1.1380608 | G52: generic | H52: =IF(Table1[[#This Row],[Lifetime Option]]="fixed",Table1[[#This Row],[End of life (fixed)]]-Table1[[#This Row],[Start year]],Table2[Generic Lifetime]) -> 60 | J52: =IF(Table1[[#This Row],[Lifetime Option]]="fixed",Table1[[#This Row],[End of life (fixed)]],Table1[[#This Row],[Start year]]+Table2[Generic Lifetime]) -> 2040 | K52: 0.88
C53: FR | D53: ENFR_BELLEVILLE-1_00 | E53: 1987 | F53: 1.0181256 | G53: generic | H53: =IF(Table1[[#This Row],[Lifetime Option]]="fixed",Table1[[#This Row],[End of life (fixed)]]-Table1[[#This Row],[Start year]],Table2[Generic Lifetime]) -> 60 | J53: =IF(Table1[[#This Row],[Lifetime Option]]="fixed",Table1[[#This Row],[End of life (fixed)]],Table1[[#This Row],[Start year]]+Table2[Generic Lifetime]) -> 2047 | K53: 1.31 | L53: According to grand carénage | M53: http://www.developpement-durable.gouv.fr/Renforcer-la-surete-nucleaire-et-l,41397.html
C54: FR | D54: ENFR_BELLEVILLE-2_00 | E54: 1988 | F54: 1.0181256 | G54: generic | H54: =IF(Table1[[#This Row],[Lifetime Option]]="fixed",Table1[[#This Row],[End of life (fixed)]]-Table1[[#This Row],[Start year]],Table2[Generic Lifetime]) -> 60 | J54: =IF(Table1[[#This Row],[Lifetime Option]]="fixed",Table1[[#This Row],[End of life (fixed)]],Table1[[#This Row],[Start year]]+Table2[Generic Lifetime]) -> 2048 | K54: 1.31
C55: FR | D55: ENFR_BLAYAIS-1_00 | E55: 1981 | F55: 0.99529031 | G55: generic | H55: =IF(Table1[[#This Row],[Lifetime Option]]="fixed",Table1[[#This Row],[End of life (fixed)]]-Table1[[#This Row],[Start year]],Table2[Generic Lifetime]) -> 60 | J55: =IF(Table1[[#This Row],[Lifetime Option]]="fixed",Table1[[#This Row],[End of life (fixed)]],Table1[[#This Row],[Start year]]+Table2[Generic Lifetime]) -> 2041 | K55: 0.91
C56: FR | D56: ENFR_BLAYAIS-2_00 | E56: 1982 | F56: 0.99529031 | G56: generic | H56: =IF(Table1[[#This Row],[Lifetime Option]]="fixed",Table1[[#This Row],[End of life (fixed)]]-Table1[[#This Row],[Start year]],Table2[Generic Lifetime]) -> 60 | J56: =IF(Table1[[#This Row],[Lifetime Option]]="fixed",Table1[[#This Row],[End of life (fixed)]],Table1[[#This Row],[Start year]]+Table2[Generic Lifetime]) -> 2042 | K56: 0.91
C57: FR | D57: ENFR_BLAYAIS-3_00 | E57: 1983 | F57: 0.99529031 | G57: generic | H57: =IF(Table1[[#This Row],[Lifetime Option]]="fixed",Table1[[#This Row],[End of life (fixed)]]-Table1[[#This Row],[Start year]],Table2[Generic Lifetime]) -> 60 | J57: =IF(Table1[[#This Row],[Lifetime Option]]="fixed",Table1[[#This Row],[End of life (fixed)]],Table1[[#This Row],[Start year]]+Table2[Generic Lifetime]) -> 2043 | K57: 0.91
C58: FR | D58: ENFR_BLAYAIS-4_00 | E58: 1983 | F58: 0.99529031 | G58: generic | H58: =IF(Table1[[#This Row],[Lifetime Option]]="fixed",Table1[[#This Row],[End of life (fixed)]]-Table1[[#This Row],[Start year]],Table2[Generic Lifetime]) -> 60 | J58: =IF(Table1[[#This Row],[Lifetime Option]]="fixed",Table1[[#This Row],[End of life (fixed)]],Table1[[#This Row],[Start year]]+Table2[Generic Lifetime]) -> 2043 | K58: 0.91
C59: FR | D59: ENFR_BUGEY-2_00_00 | E59: 1978 | F59: 0.98901087 | G59: generic | H59: =IF(Table1[[#This Row],[Lifetime Option]]="fixed",Table1[[#This Row],[End of life (fixed)]]-Table1[[#This Row],[Start year]],Table2[Generic Lifetime]) -> 60 | J59: =IF(Table1[[#This Row],[Lifetime Option]]="fixed",Table1[[#This Row],[End of life (fixed)]],Table1[[#This Row],[Start year]]+Table2[Generic Lifetime]) -> 2038 | K59: 0.91
C60: FR | D60: ENFR_BUGEY-3_00_00 | E60: 1978 | F60: 0.98901087 | G60: generic | H60: =IF(Table1[[#This Row],[Lifetime Option]]="fixed",Table1[[#This Row],[End of life (fixed)]]-Table1[[#This Row],[Start year]],Table2[Generic Lifetime]) -> 60 | J60: =IF(Table1[[#This Row],[Lifetime Option]]="fixed",Table1[[#This Row],[End of life (fixed)]],Table1[[#This Row],[Start year]]+Table2[Generic Lifetime]) -> 2038 | K60: 0.91
C61: FR | D61: ENFR_BUGEY-4_00_00 | E61: 1979 | F61: 0.95970685 | G61: generic | H61: =IF(Table1[[#This Row],[Lifetime Option]]="fixed",Table1[[#This Row],[End of life (fixed)]]-Table1[[#This Row],[Start year]],Table2[Generic Lifetime]) -> 60 | J61: =IF(Table1[[#This Row],[Lifetime Option]]="fixed",Table1[[#This Row],[End of life (fixed)]],Table1[[#This Row],[Start year]]+Table2[Generic Lifetime]) -> 2039 | K61: 0.88
C62: FR | D62: ENFR_BUGEY-5_00_00 | E62: 1979 | F62: 0.95970685 | G62: generic | H62: =IF(Table1[[#This Row],[Lifetime Option]]="fixed",Table1[[#This Row],[End of life (fixed)]]-Table1[[#This Row],[Start year]],Table2[Generic Lifetime]) -> 60 | J62: =IF(Table1[[#This Row],[Lifetime Option]]="fixed",Table1[[#This Row],[End of life (fixed)]],Table1[[#This Row],[Start year]]+Table2[Generic Lifetime]) -> 2039 | K62: 0.88
C63: FR | D63: ENFR_CATTENOM-1_00 | E63: 1986 | F63: 1.0173787 | G63: generic | H63: =IF(Table1[[#This Row],[Lifetime Option]]="fixed",Table1[[#This Row],[End of life (fixed)]]-Table1[[#This Row],[Start year]],Table2[Generic Lifetime]) -> 60 | J63: =IF(Table1[[#This Row],[Lifetime Option]]="fixed",Table1[[#This Row],[End of life (fixed)]],Table1[[#This Row],[Start year]]+Table2[Generic Lifetime]) -> 2046 | K63: 1.3
C64: FR | D64: ENFR_CATTENOM-2_00 | E64: 1987 | F64: 1.0173787 | G64: generic | H64: =IF(Table1[[#This Row],[Lifetime Option]]="fixed",Table1[[#This Row],[End of life (fixed)]]-Table1[[#This Row],[Start year]],Table2[Generic Lifetime]) -> 60 | J64: =IF(Table1[[#This Row],[Lifetime Option]]="fixed",Table1[[#This Row],[End of life (fixed)]],Table1[[#This Row],[Start year]]+Table2[Generic Lifetime]) -> 2047 | K64: 1.3
C65: FR | D65: ENFR_CATTENOM-3_00 | E65: 1990 | F65: 1.0173787 | G65: generic | H65: =IF(Table1[[#This Row],[Lifetime Option]]="fixed",Table1[[#This Row],[End of life (fixed)]]-Table1[[#This Row],[Start year]],Table2[Generic Lifetime]) -> 60 | J65: =IF(Table1[[#This Row],[Lifetime Option]]="fixed",Table1[[#This Row],[End of life (fixed)]],Table1[[#This Row],[Start year]]+Table2[Generic Lifetime]) -> 2050 | K65: 1.3
... C82: FR | D82: ENFR_DAMPIERRE-4_00 | E82: 1981 | F82: 0.98063829 | G82: generic | H82: =IF(Table1[[#This Row],[Lifetime Option]]="fixed",Table1[[#This Row],[End of life (fixed)]]-Table1[[#This Row],[Start year]],Table2[Generic Lifetime]) -> 60 | J82: =IF(Table1[[#This Row],[Lifetime Option]]="fixed",Table1[[#This Row],[End of life (fixed)]],Table1[[#This Row],[Start year]]+Table2[Generic Lifetime]) -> 2041 | K82: 0.89
C83: FR | D83: ENFR_FESSENHEIM-1_00 | E83: 1977 | F83: 1.3148391 | G83: fixed | H83: =IF(Table1[[#This Row],[Lifetime Option]]="fixed",Table1[[#This Row],[End of life (fixed)]]-Table1[[#This Row],[Start year]],Table2[Generic Lifetime]) -> 40 | I83: 2017 | J83: =IF(Table1[[#This Row],[Lifetime Option]]="fixed",Table1[[#This Row],[End of life (fixed)]],Table1[[#This Row],[Start year]]+Table2[Generic Lifetime]) -> 2017 | K83: 0.88 | L83: closing date unclear - follow up
C84: FR | D84: ENFR_FESSENHEIM-2_00 | E84: 1977 | F84: 1.3148391 | G84: fixed | H84: =IF(Table1[[#This Row],[Lifetime Option]]="fixed",Table1[[#This Row],[End of life (fixed)]]-Table1[[#This Row],[Start year]],Table2[Generic Lifetime]) -> 40 | I84: 2017 | J84: =IF(Table1[[#This Row],[Lifetime Option]]="fixed",Table1[[#This Row],[End of life (fixed)]],Table1[[#This Row],[Start year]]+Table2[Generic Lifetime]) -> 2017 | K84: 0.88 | L84: closing date unclear - follow up
C85: FR | D85: ENFR_FLAMANVILLE-1_00 | E85: 1985 | F85: 1.0323182 | G85: generic | H85: =IF(Table1[[#This Row],[Lifetime Option]]="fixed",Table1[[#This Row],[End of life (fixed)]]-Table1[[#This Row],[Start year]],Table2[Generic Lifetime]) -> 60 | J85: =IF(Table1[[#This Row],[Lifetime Option]]="fixed",Table1[[#This Row],[End of life (fixed)]],Table1[[#This Row],[Start year]]+Table2[Generic Lifetime]) -> 2045 | K85: 1.33
C86: FR | D86: ENFR_FLAMANVILLE-2_00 | E86: 1986 | F86: 1.0323182 | G86: generic | H86: =IF(Table1[[#This Row],[Lifetime Option]]="fixed",Table1[[#This Row],[End of life (fixed)]]-Table1[[#This Row],[Start year]],Table2[Generic Lifetime]) -> 60 | J86: =IF(Table1[[#This Row],[Lifetime Option]]="fixed",Table1[[#This Row],[End of life (fixed)]],Table1[[#This Row],[Start year]]+Table2[Generic Lifetime]) -> 2046 | K86: 1.33
C87: FR | D87: ENFR_GOLFECH-1_00 | E87: 1990 | F87: 1.0181256 | G87: generic | H87: =IF(Table1[[#This Row],[Lifetime Option]]="fixed",Table1[[#This Row],[End of life (fixed)]]-Table1[[#This Row],[Start year]],Table2[Generic Lifetime]) -> 60 | J87: =IF(Table1[[#This Row],[Lifetime Option]]="fixed",Table1[[#This Row],[End of life (fixed)]],Table1[[#This Row],[Start year]]+Table2[Generic Lifetime]) -> 2050 | K87: 1.31
C88: FR | D88: ENFR_GOLFECH-2_00 | E88: 1993 | F88: 1.0181256 | G88: generic | H88: =IF(Table1[[#This Row],[Lifetime Option]]="fixed",Table1[[#This Row],[End of life (fixed)]]-Table1[[#This Row],[Start year]],Table2[Generic Lifetime]) -> 60 | J88: =IF(Table1[[#This Row],[Lifetime Option]]="fixed",Table1[[#This Row],[End of life (fixed)]],Table1[[#This Row],[Start year]]+Table2[Generic Lifetime]) -> 2053 | K88: 1.31
C89: FR | D89: ENFR_GRAVELINES-1_00 | E89: 1980 | F89: 0.99529031 | G89: generic | H89: =IF(Table1[[#This Row],[Lifetime Option]]="fixed",Table1[[#This Row],[End of life (fixed)]]-Table1[[#This Row],[Start year]],Table2[Generic Lifetime]) -> 60 | J89: =IF(Table1[[#This Row],[Lifetime Option]]="fixed",Table1[[#This Row],[End of life (fixed)]],Table1[[#This Row],[Start year]]+Table2[Generic Lifetime]) -> 2040 | K89: 0.91
C90: FR | D90: ENFR_GRAVELINES-2_00 | E90: 1980 | F90: 0.99529031 | G90: generic | H90: =IF(Table1[[#This Row],[Lifetime Option]]="fixed",Table1[[#This Row],[End of life (fixed)]]-Table1[[#This Row],[Start year]],Table2[Generic Lifetime]) -> 60 | J90: =IF(Table1[[#This Row],[Lifetime Option]]="fixed",Table1[[#This Row],[End of life (fixed)]],Table1[[#This Row],[Start year]]+Table2[Generic Lifetime]) -> 2040 | K90: 0.91
C91: FR | D91: ENFR_GRAVELINES-3_00 | E91: 1980 | F91: 0.99529031 | G91: generic | H91: =IF(Table1[[#This Row],[Lifetime Option]]="fixed",Table1[[#This Row],[End of life (fixed)]]-Table1[[#This Row],[Start year]],Table2[Generic Lifetime]) -> 60 | J91: =IF(Table1[[#This Row],[Lifetime Option]]="fixed",Table1[[#This Row],[End of life (fixed)]],Table1[[#This Row],[Start year]]+Table2[Generic Lifetime]) -> 2040 | K91: 0.91
C92: FR | D92: ENFR_GRAVELINES-4_00 | E92: 1981 | F92: 0.99529031 | G92: generic | H92: =IF(Table1[[#This Row],[Lifetime Option]]="fixed",Table1[[#This Row],[End of life (fixed)]]-Table1[[#This Row],[Start year]],Table2[Generic Lifetime]) -> 60 | J92: =IF(Table1[[#This Row],[Lifetime Option]]="fixed",Table1[[#This Row],[End of life (fixed)]],Table1[[#This Row],[Start year]]+Table2[Generic Lifetime]) -> 2041 | K92: 0.91
C93: FR | D93: ENFR_GRAVELINES-5_00 | E93: 1984 | F93: 1.3866502 | G93: generic | H93: =IF(Table1[[#This Row],[Lifetime Option]]="fixed",Table1[[#This Row],[End of life (fixed)]]-Table1[[#This Row],[Start year]],Table2[Generic Lifetime]) -> 60 | J93: =IF(Table1[[#This Row],[Lifetime Option]]="fixed",Table1[[#This Row],[End of life (fixed)]],Table1[[#This Row],[Start year]]+Table2[Generic Lifetime]) -> 2044 | K93: 0.91
C94: FR | D94: ENFR_GRAVELINES-6_00 | E94: 1985 | F94: 1.3866502 | G94: generic | H94: =IF(Table1[[#This Row],[Lifetime Option]]="fixed",Table1[[#This Row],[End of life (fixed)]]-Table1[[#This Row],[Start year]],Table2[Generic Lifetime]) -> 60 | J94: =IF(Table1[[#This Row],[Lifetime Option]]="fixed",Table1[[#This Row],[End of life (fixed)]],Table1[[#This Row],[Start year]]+Table2[Generic Lifetime]) -> 2045 | K94: 0.91
C95: FR | D95: ENFR_NOGENT-1_00 | E95: 1987 | F95: 1.0181256 | G95: generic | H95: =IF(Table1[[#This Row],[Lifetime Option]]="fixed",Table1[[#This Row],[End of life (fixed)]]-Table1[[#This Row],[Start year]],Table2[Generic Lifetime]) -> 60 | J95: =IF(Table1[[#This Row],[Lifetime Option]]="fixed",Table1[[#This Row],[End of life (fixed)]],Table1[[#This Row],[Start year]]+Table2[Generic Lifetime]) -> 2047 | K95: 1.31
C96: FR | D96: ENFR_NOGENT-2_00 | E96: 1988 | F96: 1.0181256 | G96: generic | H96: =IF(Table1[[#This Row],[Lifetime Option]]="fixed",Table1[[#This Row],[End of life (fixed)]]-Table1[[#This Row],[Start year]],Table2[Generic Lifetime]) -> 60 | J96: =IF(Table1[[#This Row],[Lifetime Option]]="fixed",Table1[[#This Row],[End of life (fixed)]],Table1[[#This Row],[Start year]]+Table2[Generic Lifetime]) -> 2048 | K96: 1.31
... C115: HU | D115: ENHU_PAKS-4_00 | E115: 1987 | F115: 1.0763636 | G115: generic | H115: =IF(Table1[[#This Row],[Lifetime Option]]="fixed",Table1[[#This Row],[End of life (fixed)]]-Table1[[#This Row],[Start year]],Table2[Generic Lifetime]) -> 60 | J115: =IF(Table1[[#This Row],[Lifetime Option]]="fixed",Table1[[#This Row],[End of life (fixed)]],Table1[[#This Row],[Start year]]+Table2[Generic Lifetime]) -> 2047 | K115: 0.473
C116: LT | D116: ENLT_IGNALINA-1 | E116: 1983 | F116: 0.66 | G116: fixed | H116: =IF(Table1[[#This Row],[Lifetime Option]]="fixed",Table1[[#This Row],[End of life (fixed)]]-Table1[[#This Row],[Start year]],Table2[Generic Lifetime]) -> 21 | I116: 2004 | J116: =IF(Table1[[#This Row],[Lifetime Option]]="fixed",Table1[[#This Row],[End of life (fixed)]],Table1[[#This Row],[Start year]]+Table2[Generic Lifetime]) -> 2004 | K116: 1.185 | L116: closed
C117: LT | D117: ENLT_IGNALINA-2 | E117: 1987 | F117: 0.66 | G117: fixed | H117: =IF(Table1[[#This Row],[Lifetime Option]]="fixed",Table1[[#This Row],[End of life (fixed)]]-Table1[[#This Row],[Start year]],Table2[Generic Lifetime]) -> 22 | I117: 2009 | J117: =IF(Table1[[#This Row],[Lifetime Option]]="fixed",Table1[[#This Row],[End of life (fixed)]],Table1[[#This Row],[Start year]]+Table2[Generic Lifetime]) -> 2009 | K117: 1.185 | L117: closed
C118: NL | D118: ENNL_BORSSELE_00 | E118: 1973 | F118: 1.2703836 | G118: fixed | H118: =IF(Table1[[#This Row],[Lifetime Option]]="fixed",Table1[[#This Row],[End of life (fixed)]]-Table1[[#This Row],[Start year]],Table2[Generic Lifetime]) -> 61 | I118: 2034 | J118: =IF(Table1[[#This Row],[Lifetime Option]]="fixed",Table1[[#This Row],[End of life (fixed)]],Table1[[#This Row],[Start year]]+Table2[Generic Lifetime]) -> 2034 | K118: 0.482
C119: RO | D119: ENRO_CERNAVODA-1_00 | E119: 1996 | F119: 0.19866451 | G119: generic | H119: =IF(Table1[[#This Row],[Lifetime Option]]="fixed",Table1[[#This Row],[End of life (fixed)]]-Table1[[#This Row],[Start year]],Table2[Generic Lifetime]) -> 60 | J119: =IF(Table1[[#This Row],[Lifetime Option]]="fixed",Table1[[#This Row],[End of life (fixed)]],Table1[[#This Row],[Start year]]+Table2[Generic Lifetime]) -> 2056 | K119: 0.65
C120: RO | D120: ENRO_CERNAVODA-2 | E120: 2007 | F120: 0.19866451 | G120: generic | H120: =IF(Table1[[#This Row],[Lifetime Option]]="fixed",Table1[[#This Row],[End of life (fixed)]]-Table1[[#This Row],[Start year]],Table2[Generic Lifetime]) -> 60 | J120: =IF(Table1[[#This Row],[Lifetime Option]]="fixed",Table1[[#This Row],[End of life (fixed)]],Table1[[#This Row],[Start year]]+Table2[Generic Lifetime]) -> 2067 | K120: 0.65
C121: SE | D121: ENSE_FORSMARK-1_00 | E121: 1980 | F121: 1.2802426 | G121: generic | H121: =IF(Table1[[#This Row],[Lifetime Option]]="fixed",Table1[[#This Row],[End of life (fixed)]]-Table1[[#This Row],[Start year]],Table2[Generic Lifetime]) -> 60 | J121: =IF(Table1[[#This Row],[Lifetime Option]]="fixed",Table1[[#This Row],[End of life (fixed)]],Table1[[#This Row],[Start year]]+Table2[Generic Lifetime]) -> 2040 | K121: 0.984
C122: SE | D122: ENSE_FORSMARK-2_00 | E122: 1981 | F122: 1.2740459 | G122: generic | H122: =IF(Table1[[#This Row],[Lifetime Option]]="fixed",Table1[[#This Row],[End of life (fixed)]]-Table1[[#This Row],[Start year]],Table2[Generic Lifetime]) -> 60 | J122: =IF(Table1[[#This Row],[Lifetime Option]]="fixed",Table1[[#This Row],[End of life (fixed)]],Table1[[#This Row],[Start year]]+Table2[Generic Lifetime]) -> 2041 | K122: 0.996
C123: SE | D123: ENSE_FORSMARK-3_00 | E123: 1985 | F123: 1.3327593 | G123: generic | H123: =IF(Table1[[#This Row],[Lifetime Option]]="fixed",Table1[[#This Row],[End of life (fixed)]]-Table1[[#This Row],[Start year]],Table2[Generic Lifetime]) -> 60 | J123: =IF(Table1[[#This Row],[Lifetime Option]]="fixed",Table1[[#This Row],[End of life (fixed)]],Table1[[#This Row],[Start year]]+Table2[Generic Lifetime]) -> 2045 | K123: 1.17
C124: SE | D124: ENSE_OSKARSHAMN-1_00 | E124: 1971 | F124: 1.3911971 | G124: fixed | H124: =IF(Table1[[#This Row],[Lifetime Option]]="fixed",Table1[[#This Row],[End of life (fixed)]]-Table1[[#This Row],[Start year]],Table2[Generic Lifetime]) -> 47 | I124: 2018 | J124: =IF(Table1[[#This Row],[Lifetime Option]]="fixed",Table1[[#This Row],[End of life (fixed)]],Table1[[#This Row],[Start year]]+Table2[Generic Lifetime]) -> 2018 | K124: 0.473 | L124: situtation unclear - follow up | M124: http://www.world-nuclear-news.org/C-EOn-supports-early-closure-of-Oskarshamn-units-2306154.html
C125: SE | D125: ENSE_OSKARSHAMN-2_00 | E125: 1974 | F125: 1.42776 | G125: fixed | H125: =IF(Table1[[#This Row],[Lifetime Option]]="fixed",Table1[[#This Row],[End of life (fixed)]]-Table1[[#This Row],[Start year]],Table2[Generic Lifetime]) -> 46 | I125: 2020 | J125: =IF(Table1[[#This Row],[Lifetime Option]]="fixed",Table1[[#This Row],[End of life (fixed)]],Table1[[#This Row],[Start year]]+Table2[Generic Lifetime]) -> 2020 | K125: 0.638 | L125: situtation unclear - follow up
C126: SE | D126: ENSE_OSKARSHAMN-3_00 | E126: 1985 | F126: 1.0279385 | G126: generic | H126: =IF(Table1[[#This Row],[Lifetime Option]]="fixed",Table1[[#This Row],[End of life (fixed)]]-Table1[[#This Row],[Start year]],Table2[Generic Lifetime]) -> 60 | J126: =IF(Table1[[#This Row],[Lifetime Option]]="fixed",Table1[[#This Row],[End of life (fixed)]],Table1[[#This Row],[Start year]]+Table2[Generic Lifetime]) -> 2045 | K126: 1.4
C127: SE | D127: ENSE_RINGHALS-1_00 | E127: 1974 | F127: 1.2454186 | G127: fixed | H127: =IF(Table1[[#This Row],[Lifetime Option]]="fixed",Table1[[#This Row],[End of life (fixed)]]-Table1[[#This Row],[Start year]],Table2[Generic Lifetime]) -> 46 | I127: 2020 | J127: =IF(Table1[[#This Row],[Lifetime Option]]="fixed",Table1[[#This Row],[End of life (fixed)]],Table1[[#This Row],[Start year]]+Table2[Generic Lifetime]) -> 2020 | K127: 0.878 | L127: majority owners announces to discontinue investments | M127: http://corporate.vattenfall.se/press-och-media/engelska/vattenfall-changes-direction-for-operational-lifetimes-of-ringhals-1-and-2/
C128: SE | D128: ENSE_RINGHALS-2_00 | E128: 1974 | F128: 1.3999074 | G128: fixed | H128: =IF(Table1[[#This Row],[Lifetime Option]]="fixed",Table1[[#This Row],[End of life (fixed)]]-Table1[[#This Row],[Start year]],Table2[Generic Lifetime]) -> 46 | I128: 2020 | J128: =IF(Table1[[#This Row],[Lifetime Option]]="fixed",Table1[[#This Row],[End of life (fixed)]],Table1[[#This Row],[Start year]]+Table2[Generic Lifetime]) -> 2020 | K128: 0.865 | L128: majority owners announces to discontinue investments | M128: http://corporate.vattenfall.se/press-och-media/engelska/vattenfall-changes-direction-for-operational-lifetimes-of-ringhals-1-and-2/
C129: SE | D129: ENSE_RINGHALS-3_00 | E129: 1980 | F129: 1.3970618 | G129: generic | H129: =IF(Table1[[#This Row],[Lifetime Option]]="fixed",Table1[[#This Row],[End of life (fixed)]]-Table1[[#This Row],[Start year]],Table2[Generic Lifetime]) -> 60 | J129: =IF(Table1[[#This Row],[Lifetime Option]]="fixed",Table1[[#This Row],[End of life (fixed)]],Table1[[#This Row],[Start year]]+Table2[Generic Lifetime]) -> 2040 | K129: 1.064 | M129: http://corporate.vattenfall.se/press-och-media/engelska/vattenfall-changes-direction-for-operational-lifetimes-of-ringhals-1-and-2/
C130: SE | D130: ENSE_RINGHALS-4_00 | E130: 1982 | F130: 1.4050041 | G130: generic | H130: =IF(Table1[[#This Row],[Lifetime Option]]="fixed",Table1[[#This Row],[End of life (fixed)]]-Table1[[#This Row],[Start year]],Table2[Generic Lifetime]) -> 60 | J130: =IF(Table1[[#This Row],[Lifetime Option]]="fixed",Table1[[#This Row],[End of life (fixed)]],Table1[[#This Row],[Start year]]+Table2[Generic Lifetime]) -> 2042 | K130: 0.94 | M130: http://corporate.vattenfall.se/press-och-media/engelska/vattenfall-changes-direction-for-operational-lifetimes-of-ringhals-1-and-2/
C131: SI | D131: ENSI_KRSKO_00 | E131: 1981 | F131: 1.3869532 | G131: generic | H131: =IF(Table1[[#This Row],[Lifetime Option]]="fixed",Table1[[#This Row],[End of life (fixed)]]-Table1[[#This Row],[Start year]],Table2[Generic Lifetime]) -> 60 | I131: =E131+H131 -> 2041 | J131: =IF(Table1[[#This Row],[Lifetime Option]]="fixed",Table1[[#This Row],[End of life (fixed)]],Table1[[#This Row],[Start year]]+Table2[Generic Lifetime]) -> 2041 | K131: 0.688 | L131: long term operation implemented | M131: https://www.iaea.org/NuclearPower/Downloadable/Meetings/2013/2013-11-05-11-08-TM-NPE/10.Skodlar_Slovenia.pdf
C132: SK | D132: ENSK_BOHUNICE-1_00 | E132: 1978 | F132: 1 | G132: fixed | H132: =IF(Table1[[#This Row],[Lifetime Option]]="fixed",Table1[[#This Row],[End of life (fixed)]]-Table1[[#This Row],[Start year]],Table2[Generic Lifetime]) -> 28 | I132: 2006 | J132: =IF(Table1[[#This Row],[Lifetime Option]]="fixed",Table1[[#This Row],[End of life (fixed)]],Table1[[#This Row],[Start year]]+Table2[Generic Lifetime]) -> 2006 | K132: 0.408 | L132: Decommissioned
C133: SK | D133: ENSK_BOHUNICE-2_00 | E133: 1980 | F133: 1 | G133: fixed | H133: =IF(Table1[[#This Row],[Lifetime Option]]="fixed",Table1[[#This Row],[End of life (fixed)]]-Table1[[#This Row],[Start year]],Table2[Generic Lifetime]) -> 28 | I133: 2008 | J133: =IF(Table1[[#This Row],[Lifetime Option]]="fixed",Table1[[#This Row],[End of life (fixed)]],Table1[[#This Row],[Start year]]+Table2[Generic Lifetime]) -> 2008 | K133: 0.408 | L133: Decommissioned
C134: SK | D134: ENSK_BOHUNICE-3_00 | E134: 1984 | F134: 1.3644269 | G134: generic | H134: =IF(Table1[[#This Row],[Lifetime Option]]="fixed",Table1[[#This Row],[End of life (fixed)]]-Table1[[#This Row],[Start year]],Table2[Generic Lifetime]) -> 60 | I134: =E134+H134 -> 2044 | J134: =IF(Table1[[#This Row],[Lifetime Option]]="fixed",Table1[[#This Row],[End of life (fixed)]],Table1[[#This Row],[Start year]]+Table2[Generic Lifetime]) -> 2044 | K134: 0.472 | L134: LTO programm to run up to 60 years | M134: http://www.seas.sk/data/contentlink/cfakepathebofactsen-web.pdf
...

Sheet Existing plants_SCEN70yrs
A1: Generic Lifetime | C1: Member State | D1: Process | E1: Start year | F1: Efficiency PJ/tU | G1: Lifetime Option | H1: Tlife yrs | I1: End of life (fixed) | J1: End of life | K1: Existing capacity GW | L1: Comments | M1: Source
A2: 70 | C2: BE | D2: ENBE_DOEL-1_00 | E2: 1974 | F2: 1.3464165 | G2: fixed | H2: =IF(Table19[[#This Row],[Lifetime Option]]="fixed",Table19[[#This Row],[End of life (fixed)]]-Table19[[#This Row],[Start year]],Table210[Generic Lifetime]) -> 51 | I2: 2025 | J2: =IF(Table19[[#This Row],[Lifetime Option]]="fixed",Table19[[#This Row],[End of life (fixed)]],Table19[[#This Row],[Start year]]+Table210[Generic Lifetime]) -> 2025 | K2: 0.433 | M2: http://www.engie.com/en/journalists/press-releases/agreement-conditions-extending-doel-1-doel-2-new-nuclear-contribution-system/
C3: BE | D3: ENBE_DOEL-2_00 | E3: 1975 | F3: 1.3464165 | G3: fixed | H3: =IF(Table19[[#This Row],[Lifetime Option]]="fixed",Table19[[#This Row],[End of life (fixed)]]-Table19[[#This Row],[Start year]],Table210[Generic Lifetime]) -> 50 | I3: 2025 | J3: =IF(Table19[[#This Row],[Lifetime Option]]="fixed",Table19[[#This Row],[End of life (fixed)]],Table19[[#This Row],[Start year]]+Table210[Generic Lifetime]) -> 2025 | K3: 0.433 | M3: http://www.engie.com/en/journalists/press-releases/agreement-conditions-extending-doel-1-doel-2-new-nuclear-contribution-system/
C4: BE | D4: ENBE_DOEL-3_00 | E4: 1982 | F4: 1.4638774 | G4: fixed | H4: =IF(Table19[[#This Row],[Lifetime Option]]="fixed",Table19[[#This Row],[End of life (fixed)]]-Table19[[#This Row],[Start year]],Table210[Generic Lifetime]) -> 40 | I4: 2022 | J4: =IF(Table19[[#This Row],[Lifetime Option]]="fixed",Table19[[#This Row],[End of life (fixed)]],Table19[[#This Row],[Start year]]+Table210[Generic Lifetime]) -> 2022 | K4: 1.006 | L4: uncertain - follow up | M4: http://www.fanc.fgov.be/nl/news/doel-3/tihange-2-next-steps-of-the-review-process/766.aspx
C5: BE | D5: ENBE_DOEL-4_00 | E5: 1985 | F5: 1.4183133 | G5: fixed | H5: =IF(Table19[[#This Row],[Lifetime Option]]="fixed",Table19[[#This Row],[End of life (fixed)]]-Table19[[#This Row],[Start year]],Table210[Generic Lifetime]) -> 40 | I5: 2025 | J5: =IF(Table19[[#This Row],[Lifetime Option]]="fixed",Table19[[#This Row],[End of life (fixed)]],Table19[[#This Row],[Start year]]+Table210[Generic Lifetime]) -> 2025 | K5: 1.039
C6: BE | D6: ENBE_TIHANGE-1_00 | E6: 1975 | F6: 1.3654688 | G6: fixed | H6: =IF(Table19[[#This Row],[Lifetime Option]]="fixed",Table19[[#This Row],[End of life (fixed)]]-Table19[[#This Row],[Start year]],Table210[Generic Lifetime]) -> 50 | I6: 2025 | J6: =IF(Table19[[#This Row],[Lifetime Option]]="fixed",Table19[[#This Row],[End of life (fixed)]],Table19[[#This Row],[Start year]]+Table210[Generic Lifetime]) -> 2025 | K6: 0.962 | M6: http://economie.fgov.be/fr/consommateurs/Energie/Nucleaire/centrales_nucleaires/sortie_nucleaire/#.Vdb00Y7DVE4
C7: BE | D7: ENBE_TIHANGE-2_00 | E7: 1982 | F7: 1.3387206 | G7: fixed | H7: =IF(Table19[[#This Row],[Lifetime Option]]="fixed",Table19[[#This Row],[End of life (fixed)]]-Table19[[#This Row],[Start year]],Table210[Generic Lifetime]) -> 40 | I7: 2022 | J7: =IF(Table19[[#This Row],[Lifetime Option]]="fixed",Table19[[#This Row],[End of life (fixed)]],Table19[[#This Row],[Start year]]+Table210[Generic Lifetime]) -> 2022 | K7: 1.008 | L7: uncertain - follow up | M7: http://www.fanc.fgov.be/nl/news/doel-3/tihange-2-next-steps-of-the-review-process/766.aspx
C8: BE | D8: ENBE_TIHANGE-3_00 | E8: 1985 | F8: 1.417824 | G8: fixed | H8: =IF(Table19[[#This Row],[Lifetime Option]]="fixed",Table19[[#This Row],[End of life (fixed)]]-Table19[[#This Row],[Start year]],Table210[Generic Lifetime]) -> 40 | I8: 2025 | J8: =IF(Table19[[#This Row],[Lifetime Option]]="fixed",Table19[[#This Row],[End of life (fixed)]],Table19[[#This Row],[Start year]]+Table210[Generic Lifetime]) -> 2025 | K8: 1.046
C9: BG | D9: ENBG_KOZLODUY-3_00 | E9: 1980 | F9: 0.77 | G9: fixed | H9: =IF(Table19[[#This Row],[Lifetime Option]]="fixed",Table19[[#This Row],[End of life (fixed)]]-Table19[[#This Row],[Start year]],Table210[Generic Lifetime]) -> 26 | I9: 2006 | J9: =IF(Table19[[#This Row],[Lifetime Option]]="fixed",Table19[[#This Row],[End of life (fixed)]],Table19[[#This Row],[Start year]]+Table210[Generic Lifetime]) -> 2006 | K9: 0.408 | L9: closed
C10: BG | D10: ENBG_KOZLODUY-4_00 | E10: 1982 | F10: 0.77 | G10: fixed | H10: =IF(Table19[[#This Row],[Lifetime Option]]="fixed",Table19[[#This Row],[End of life (fixed)]]-Table19[[#This Row],[Start year]],Table210[Generic Lifetime]) -> 24 | I10: 2006 | J10: =IF(Table19[[#This Row],[Lifetime Option]]="fixed",Table19[[#This Row],[End of life (fixed)]],Table19[[#This Row],[Start year]]+Table210[Generic Lifetime]) -> 2006 | K10: 0.408 | L10: closed
C11: BG | D11: ENBG_KOZLODUY-5_00 | E11: 1987 | F11: 0.7776 | G11: generic | H11: =IF(Table19[[#This Row],[Lifetime Option]]="fixed",Table19[[#This Row],[End of life (fixed)]]-Table19[[#This Row],[Start year]],Table210[Generic Lifetime]) -> 70 | J11: =IF(Table19[[#This Row],[Lifetime Option]]="fixed",Table19[[#This Row],[End of life (fixed)]],Table19[[#This Row],[Start year]]+Table210[Generic Lifetime]) -> 2057 | K11: 0.953 | M11: http://www.world-nuclear.org/info/Country-Profiles/Countries-A-F/Bulgaria/
C12: BG | D12: ENBG_KOZLODUY-6_00 | E12: 1991 | F12: 0.7776 | G12: generic | H12: =IF(Table19[[#This Row],[Lifetime Option]]="fixed",Table19[[#This Row],[End of life (fixed)]]-Table19[[#This Row],[Start year]],Table210[Generic Lifetime]) -> 70 | J12: =IF(Table19[[#This Row],[Lifetime Option]]="fixed",Table19[[#This Row],[End of life (fixed)]],Table19[[#This Row],[Start year]]+Table210[Generic Lifetime]) -> 2061 | K12: 0.953 | M12: http://www.world-nuclear.org/info/Country-Profiles/Countries-A-F/Bulgaria/
C13: CH | D13: ENCH_BEZNAU-1_00 | E13: 1969 | F13: 1.2203044 | G13: fixed | H13: =IF(Table19[[#This Row],[Lifetime Option]]="fixed",Table19[[#This Row],[End of life (fixed)]]-Table19[[#This Row],[Start year]],Table210[Generic Lifetime]) -> 50 | I13: 2019 | J13: =IF(Table19[[#This Row],[Lifetime Option]]="fixed",Table19[[#This Row],[End of life (fixed)]],Table19[[#This Row],[Start year]]+Table210[Generic Lifetime]) -> 2019 | K13: 0.365 | L13: need to follow up political developments | M13: http://www.world-nuclear.org/info/Country-Profiles/Countries-O-S/Switzerland/
C14: CH | D14: ENCH_BEZNAU-2_00 | E14: 1971 | F14: 1.2203044 | G14: fixed | H14: =IF(Table19[[#This Row],[Lifetime Option]]="fixed",Table19[[#This Row],[End of life (fixed)]]-Table19[[#This Row],[Start year]],Table210[Generic Lifetime]) -> 50 | I14: 2021 | J14: =IF(Table19[[#This Row],[Lifetime Option]]="fixed",Table19[[#This Row],[End of life (fixed)]],Table19[[#This Row],[Start year]]+Table210[Generic Lifetime]) -> 2021 | K14: 0.365 | L14: need to follow up political developments | M14: http://www.world-nuclear.org/info/Country-Profiles/Countries-O-S/Switzerland/
C15: CH | D15: ENCH_GOESGEN_00 | E15: 1979 | F15: 1.5489833 | G15: fixed | H15: =IF(Table19[[#This Row],[Lifetime Option]]="fixed",Table19[[#This Row],[End of life (fixed)]]-Table19[[#This Row],[Start year]],Table210[Generic Lifetime]) -> 50 | I15: 2029 | J15: =IF(Table19[[#This Row],[Lifetime Option]]="fixed",Table19[[#This Row],[End of life (fixed)]],Table19[[#This Row],[Start year]]+Table210[Generic Lifetime]) -> 2029 | K15: 0.985 | L15: need to follow up political developments | M15: http://www.world-nuclear.org/info/Country-Profiles/Countries-O-S/Switzerland/
C16: CH | D16: ENCH_LEIBSTADT_00 | E16: 1984 | F16: 1.28484 | G16: fixed | H16: =IF(Table19[[#This Row],[Lifetime Option]]="fixed",Table19[[#This Row],[End of life (fixed)]]-Table19[[#This Row],[Start year]],Table210[Generic Lifetime]) -> 50 | I16: 2034 | J16: =IF(Table19[[#This Row],[Lifetime Option]]="fixed",Table19[[#This Row],[End of life (fixed)]],Table19[[#This Row],[Start year]]+Table210[Generic Lifetime]) -> 2034 | K16: 1.22 | L16: need to follow up political developments | M16: http://www.world-nuclear.org/info/Country-Profiles/Countries-O-S/Switzerland/
C17: CH | D17: ENCH_MUEHLEBERG_00 | E17: 1971 | F17: 1.474392 | G17: fixed | H17: =IF(Table19[[#This Row],[Lifetime Option]]="fixed",Table19[[#This Row],[End of life (fixed)]]-Table19[[#This Row],[Start year]],Table210[Generic Lifetime]) -> 48 | I17: 2019 | J17: =IF(Table19[[#This Row],[Lifetime Option]]="fixed",Table19[[#This Row],[End of life (fixed)]],Table19[[#This Row],[Start year]]+Table210[Generic Lifetime]) -> 2019 | K17: 0.373 | L17: need to follow up political developments | M17: http://www.world-nuclear.org/info/Country-Profiles/Countries-O-S/Switzerland/
C18: CZ | D18: ENCZ_DUKOVANY-1_00 | E18: 1985 | F18: 1.2607488 | G18: generic | H18: =IF(Table19[[#This Row],[Lifetime Option]]="fixed",Table19[[#This Row],[End of life (fixed)]]-Table19[[#This Row],[Start year]],Table210[Generic Lifetime]) -> 70 | J18: =IF(Table19[[#This Row],[Lifetime Option]]="fixed",Table19[[#This Row],[End of life (fixed)]],Table19[[#This Row],[Start year]]+Table210[Generic Lifetime]) -> 2055 | K18: 0.468 | M18: http://www.oecd-nea.org/ndd/pubs/2014/7197-bb-2014.pdf
C19: CZ | D19: ENCZ_DUKOVANY-2_00 | E19: 1986 | F19: 1.2607488 | G19: generic | H19: =IF(Table19[[#This Row],[Lifetime Option]]="fixed",Table19[[#This Row],[End of life (fixed)]]-Table19[[#This Row],[Start year]],Table210[Generic Lifetime]) -> 70 | J19: =IF(Table19[[#This Row],[Lifetime Option]]="fixed",Table19[[#This Row],[End of life (fixed)]],Table19[[#This Row],[Start year]]+Table210[Generic Lifetime]) -> 2056 | K19: 0.471
C20: CZ | D20: ENCZ_DUKOVANY-3_00 | E20: 1986 | F20: 1.3110781 | G20: generic | H20: =IF(Table19[[#This Row],[Lifetime Option]]="fixed",Table19[[#This Row],[End of life (fixed)]]-Table19[[#This Row],[Start year]],Table210[Generic Lifetime]) -> 70 | J20: =IF(Table19[[#This Row],[Lifetime Option]]="fixed",Table19[[#This Row],[End of life (fixed)]],Table19[[#This Row],[Start year]]+Table210[Generic Lifetime]) -> 2056 | K20: 0.468
C21: CZ | D21: ENCZ_DUKOVANY-4_00 | E21: 1987 | F21: 1.2607488 | G21: generic | H21: =IF(Table19[[#This Row],[Lifetime Option]]="fixed",Table19[[#This Row],[End of life (fixed)]]-Table19[[#This Row],[Start year]],Table210[Generic Lifetime]) -> 70 | J21: =IF(Table19[[#This Row],[Lifetime Option]]="fixed",Table19[[#This Row],[End of life (fixed)]],Table19[[#This Row],[Start year]]+Table210[Generic Lifetime]) -> 2057 | K21: 0.471
C22: CZ | D22: ENCZ_TEMELIN-1_00 | E22: 2000 | F22: 1.312848 | G22: generic | H22: =IF(Table19[[#This Row],[Lifetime Option]]="fixed",Table19[[#This Row],[End of life (fixed)]]-Table19[[#This Row],[Start year]],Table210[Generic Lifetime]) -> 70 | J22: =IF(Table19[[#This Row],[Lifetime Option]]="fixed",Table19[[#This Row],[End of life (fixed)]],Table19[[#This Row],[Start year]]+Table210[Generic Lifetime]) -> 2070 | K22: 0.963
C23: CZ | D23: ENCZ_TEMELIN-2_00 | E23: 2002 | F23: 1.312848 | G23: generic | H23: =IF(Table19[[#This Row],[Lifetime Option]]="fixed",Table19[[#This Row],[End of life (fixed)]]-Table19[[#This Row],[Start year]],Table210[Generic Lifetime]) -> 70 | J23: =IF(Table19[[#This Row],[Lifetime Option]]="fixed",Table19[[#This Row],[End of life (fixed)]],Table19[[#This Row],[Start year]]+Table210[Generic Lifetime]) -> 2072 | K23: 0.963
C24: DE | D24: ENDE_BIBLIS-A_00 | E24: 1974 | F24: 0.940896 | G24: fixed | H24: =IF(Table19[[#This Row],[Lifetime Option]]="fixed",Table19[[#This Row],[End of life (fixed)]]-Table19[[#This Row],[Start year]],Table210[Generic Lifetime]) -> 37 | I24: 2011 | J24: =IF(Table19[[#This Row],[Lifetime Option]]="fixed",Table19[[#This Row],[End of life (fixed)]],Table19[[#This Row],[Start year]]+Table210[Generic Lifetime]) -> 2011 | K24: 1.167 | L24: closed
C25: DE | D25: ENDE_BIBLIS-B_00 | E25: 1976 | F25: 0.940896 | G25: fixed | H25: =IF(Table19[[#This Row],[Lifetime Option]]="fixed",Table19[[#This Row],[End of life (fixed)]]-Table19[[#This Row],[Start year]],Table210[Generic Lifetime]) -> 35 | I25: 2011 | J25: =IF(Table19[[#This Row],[Lifetime Option]]="fixed",Table19[[#This Row],[End of life (fixed)]],Table19[[#This Row],[Start year]]+Table210[Generic Lifetime]) -> 2011 | K25: 1.24 | L25: closed
C26: DE | D26: ENDE_BROKDORF_KBR_00 | E26: 1986 | F26: 1.1147815 | G26: fixed | H26: =IF(Table19[[#This Row],[Lifetime Option]]="fixed",Table19[[#This Row],[End of life (fixed)]]-Table19[[#This Row],[Start year]],Table210[Generic Lifetime]) -> 35 | I26: 2021 | J26: =IF(Table19[[#This Row],[Lifetime Option]]="fixed",Table19[[#This Row],[End of life (fixed)]],Table19[[#This Row],[Start year]]+Table210[Generic Lifetime]) -> 2021 | K26: 1.41
C27: DE | D27: ENDE_BRUNSBUETTEL_00 | E27: 1976 | F27: 0.912384 | G27: fixed | H27: =IF(Table19[[#This Row],[Lifetime Option]]="fixed",Table19[[#This Row],[End of life (fixed)]]-Table19[[#This Row],[Start year]],Table210[Generic Lifetime]) -> 35 | I27: 2011 | J27: =IF(Table19[[#This Row],[Lifetime Option]]="fixed",Table19[[#This Row],[End of life (fixed)]],Table19[[#This Row],[Start year]]+Table210[Generic Lifetime]) -> 2011 | K27: 0.771 | L27: closed
C28: DE | D28: ENDE_EMSLAND_KKE_00 | E28: 1988 | F28: 1.0053818 | G28: fixed | H28: =IF(Table19[[#This Row],[Lifetime Option]]="fixed",Table19[[#This Row],[End of life (fixed)]]-Table19[[#This Row],[Start year]],Table210[Generic Lifetime]) -> 34 | I28: 2022 | J28: =IF(Table19[[#This Row],[Lifetime Option]]="fixed",Table19[[#This Row],[End of life (fixed)]],Table19[[#This Row],[Start year]]+Table210[Generic Lifetime]) -> 2022 | K28: 1.335 | M28: capacity according to operator website
C29: DE | D29: ENDE_GRAFENRHEINFELD_KKG_00 | E29: 1981 | F29: 1.0494215 | G29: fixed | H29: =IF(Table19[[#This Row],[Lifetime Option]]="fixed",Table19[[#This Row],[End of life (fixed)]]-Table19[[#This Row],[Start year]],Table210[Generic Lifetime]) -> 34 | I29: 2015 | J29: =IF(Table19[[#This Row],[Lifetime Option]]="fixed",Table19[[#This Row],[End of life (fixed)]],Table19[[#This Row],[Start year]]+Table210[Generic Lifetime]) -> 2015 | K29: 1.275 | L29: closed
C30: DE | D30: ENDE_GROHNDE_KWG_00 | E30: 1984 | F30: 1.07712 | G30: fixed | H30: =IF(Table19[[#This Row],[Lifetime Option]]="fixed",Table19[[#This Row],[End of life (fixed)]]-Table19[[#This Row],[Start year]],Table210[Generic Lifetime]) -> 37 | I30: 2021 | J30: =IF(Table19[[#This Row],[Lifetime Option]]="fixed",Table19[[#This Row],[End of life (fixed)]],Table19[[#This Row],[Start year]]+Table210[Generic Lifetime]) -> 2021 | K30: 1.36
C31: DE | D31: ENDE_GUNDREM-B_GUN-B_00 | E31: 1984 | F31: 0.8316 | G31: fixed | H31: =IF(Table19[[#This Row],[Lifetime Option]]="fixed",Table19[[#This Row],[End of life (fixed)]]-Table19[[#This Row],[Start year]],Table210[Generic Lifetime]) -> 33 | I31: 2017 | J31: =IF(Table19[[#This Row],[Lifetime Option]]="fixed",Table19[[#This Row],[End of life (fixed)]],Table19[[#This Row],[Start year]]+Table210[Generic Lifetime]) -> 2017 | K31: 1.284
C32: DE | D32: ENDE_GUNDREM-C_GUN-C_00 | E32: 1984 | F32: 0.8316 | G32: fixed | H32: =IF(Table19[[#This Row],[Lifetime Option]]="fixed",Table19[[#This Row],[End of life (fixed)]]-Table19[[#This Row],[Start year]],Table210[Generic Lifetime]) -> 37 | I32: 2021 | J32: =IF(Table19[[#This Row],[Lifetime Option]]="fixed",Table19[[#This Row],[End of life (fixed)]],Table19[[#This Row],[Start year]]+Table210[Generic Lifetime]) -> 2021 | K32: 1.288
C33: DE | D33: ENDE_ISAR-1_00 | E33: 1988 | F33: 1.28304 | G33: fixed | H33: =IF(Table19[[#This Row],[Lifetime Option]]="fixed",Table19[[#This Row],[End of life (fixed)]]-Table19[[#This Row],[Start year]],Table210[Generic Lifetime]) -> 23 | I33: 2011 | J33: =IF(Table19[[#This Row],[Lifetime Option]]="fixed",Table19[[#This Row],[End of life (fixed)]],Table19[[#This Row],[Start year]]+Table210[Generic Lifetime]) -> 2011 | K33: 0.878 | L33: closed
C34: DE | D34: ENDE_ISAR-2_KKI2_00 | E34: 1988 | F34: 1.0394248 | G34: fixed | H34: =IF(Table19[[#This Row],[Lifetime Option]]="fixed",Table19[[#This Row],[End of life (fixed)]]-Table19[[#This Row],[Start year]],Table210[Generic Lifetime]) -> 34 | I34: 2022 | J34: =IF(Table19[[#This Row],[Lifetime Option]]="fixed",Table19[[#This Row],[End of life (fixed)]],Table19[[#This Row],[Start year]]+Table210[Generic Lifetime]) -> 2022 | K34: 1.41
C35: DE | D35: ENDE_KRUEMMEL_00 | E35: 1983 | F35: 0.912384 | G35: fixed | H35: =IF(Table19[[#This Row],[Lifetime Option]]="fixed",Table19[[#This Row],[End of life (fixed)]]-Table19[[#This Row],[Start year]],Table210[Generic Lifetime]) -> 28 | I35: 2011 | J35: =IF(Table19[[#This Row],[Lifetime Option]]="fixed",Table19[[#This Row],[End of life (fixed)]],Table19[[#This Row],[Start year]]+Table210[Generic Lifetime]) -> 2011 | K35: 1.26
C36: DE | D36: ENDE_NECKARWEST-2_GKN2_00 | E36: 1989 | F36: 1.4452364 | G36: fixed | H36: =IF(Table19[[#This Row],[Lifetime Option]]="fixed",Table19[[#This Row],[End of life (fixed)]]-Table19[[#This Row],[Start year]],Table210[Generic Lifetime]) -> 33 | I36: 2022 | J36: =IF(Table19[[#This Row],[Lifetime Option]]="fixed",Table19[[#This Row],[End of life (fixed)]],Table19[[#This Row],[Start year]]+Table210[Generic Lifetime]) -> 2022 | K36: 1.31
C37: DE | D37: ENDE_NECKARWESTHEIM-1_00 | E37: 1976 | F37: 1.0463904 | G37: fixed | H37: =IF(Table19[[#This Row],[Lifetime Option]]="fixed",Table19[[#This Row],[End of life (fixed)]]-Table19[[#This Row],[Start year]],Table210[Generic Lifetime]) -> 35 | I37: 2011 | J37: =IF(Table19[[#This Row],[Lifetime Option]]="fixed",Table19[[#This Row],[End of life (fixed)]],Table19[[#This Row],[Start year]]+Table210[Generic Lifetime]) -> 2011 | K37: 0.785 | L37: closed
C38: DE | D38: ENDE_PHILIPPSBURG-1_00 | E38: 1979 | F38: 1.1376288 | G38: fixed | H38: =IF(Table19[[#This Row],[Lifetime Option]]="fixed",Table19[[#This Row],[End of life (fixed)]]-Table19[[#This Row],[Start year]],Table210[Generic Lifetime]) -> 32 | I38: 2011 | J38: =IF(Table19[[#This Row],[Lifetime Option]]="fixed",Table19[[#This Row],[End of life (fixed)]],Table19[[#This Row],[Start year]]+Table210[Generic Lifetime]) -> 2011 | K38: 0.89 | L38: closed
C39: DE | D39: ENDE_PHILIPPSBURG-2_KKP2_00 | E39: 1984 | F39: 1.0596358 | G39: fixed | H39: =IF(Table19[[#This Row],[Lifetime Option]]="fixed",Table19[[#This Row],[End of life (fixed)]]-Table19[[#This Row],[Start year]],Table210[Generic Lifetime]) -> 35 | I39: 2019 | J39: =IF(Table19[[#This Row],[Lifetime Option]]="fixed",Table19[[#This Row],[End of life (fixed)]],Table19[[#This Row],[Start year]]+Table210[Generic Lifetime]) -> 2019 | K39: 1.402
C40: DE | D40: ENDE_UNTERWESER_00 | E40: 1978 | F40: 1.0093248 | G40: fixed | H40: =IF(Table19[[#This Row],[Lifetime Option]]="fixed",Table19[[#This Row],[End of life (fixed)]]-Table19[[#This Row],[Start year]],Table210[Generic Lifetime]) -> 33 | I40: 2011 | J40: =IF(Table19[[#This Row],[Lifetime Option]]="fixed",Table19[[#This Row],[End of life (fixed)]],Table19[[#This Row],[Start year]]+Table210[Generic Lifetime]) -> 2011 | K40: 1.345 | L40: closed
C41: ES | D41: ENES_ALMARAZ-1_00 | E41: 1983 | F41: 1.776961 | G41: generic | H41: =IF(Table19[[#This Row],[Lifetime Option]]="fixed",Table19[[#This Row],[End of life (fixed)]]-Table19[[#This Row],[Start year]],Table210[Generic Lifetime]) -> 70 | J41: =IF(Table19[[#This Row],[Lifetime Option]]="fixed",Table19[[#This Row],[End of life (fixed)]],Table19[[#This Row],[Start year]]+Table210[Generic Lifetime]) -> 2053 | K41: 1.011
C42: ES | D42: ENES_ALMARAZ-2_00 | E42: 1984 | F42: 1.3773573 | G42: generic | H42: =IF(Table19[[#This Row],[Lifetime Option]]="fixed",Table19[[#This Row],[End of life (fixed)]]-Table19[[#This Row],[Start year]],Table210[Generic Lifetime]) -> 70 | J42: =IF(Table19[[#This Row],[Lifetime Option]]="fixed",Table19[[#This Row],[End of life (fixed)]],Table19[[#This Row],[Start year]]+Table210[Generic Lifetime]) -> 2054 | K42: 1.006
C43: ES | D43: ENES_ASCO-1_00 | E43: 1983 | F43: 1.5325351 | G43: generic | H43: =IF(Table19[[#This Row],[Lifetime Option]]="fixed",Table19[[#This Row],[End of life (fixed)]]-Table19[[#This Row],[Start year]],Table210[Generic Lifetime]) -> 70 | J43: =IF(Table19[[#This Row],[Lifetime Option]]="fixed",Table19[[#This Row],[End of life (fixed)]],Table19[[#This Row],[Start year]]+Table210[Generic Lifetime]) -> 2053 | K43: 0.995
C44: ES | D44: ENES_ASCO-2_00 | E44: 1985 | F44: 1.5236336 | G44: generic | H44: =IF(Table19[[#This Row],[Lifetime Option]]="fixed",Table19[[#This Row],[End of life (fixed)]]-Table19[[#This Row],[Start year]],Table210[Generic Lifetime]) -> 70 | J44: =IF(Table19[[#This Row],[Lifetime Option]]="fixed",Table19[[#This Row],[End of life (fixed)]],Table19[[#This Row],[Start year]]+Table210[Generic Lifetime]) -> 2055 | K44: 0.997
C45: ES | D45: ENES_COFRENTES_00 | E45: 1985 | F45: 1.1658795 | G45: generic | H45: =IF(Table19[[#This Row],[Lifetime Option]]="fixed",Table19[[#This Row],[End of life (fixed)]]-Table19[[#This Row],[Start year]],Table210[Generic Lifetime]) -> 70 | J45: =IF(Table19[[#This Row],[Lifetime Option]]="fixed",Table19[[#This Row],[End of life (fixed)]],Table19[[#This Row],[Start year]]+Table210[Generic Lifetime]) -> 2055 | K45: 1.064
C46: ES | D46: ENES_SANTAMARIADEGARONA_00 | E46: 1971 | F46: 0.9037903 | G46: generic | H46: =IF(Table19[[#This Row],[Lifetime Option]]="fixed",Table19[[#This Row],[End of life (fixed)]]-Table19[[#This Row],[Start year]],Table210[Generic Lifetime]) -> 70 | J46: =IF(Table19[[#This Row],[Lifetime Option]]="fixed",Table19[[#This Row],[End of life (fixed)]],Table19[[#This Row],[Start year]]+Table210[Generic Lifetime]) -> 2041 | K46: 0.446
C47: ES | D47: ENES_TRILLO-1_00 | E47: 1988 | F47: 1.0097605 | G47: generic | H47: =IF(Table19[[#This Row],[Lifetime Option]]="fixed",Table19[[#This Row],[End of life (fixed)]]-Table19[[#This Row],[Start year]],Table210[Generic Lifetime]) -> 70 | J47: =IF(Table19[[#This Row],[Lifetime Option]]="fixed",Table19[[#This Row],[End of life (fixed)]],Table19[[#This Row],[Start year]]+Table210[Generic Lifetime]) -> 2058 | K47: 1.003
C48: ES | D48: ENES_VANDELLOS-2_00 | E48: 1987 | F48: 1.6126482 | G48: generic | H48: =IF(Table19[[#This Row],[Lifetime Option]]="fixed",Table19[[#This Row],[End of life (fixed)]]-Table19[[#This Row],[Start year]],Table210[Generic Lifetime]) -> 70 | J48: =IF(Table19[[#This Row],[Lifetime Option]]="fixed",Table19[[#This Row],[End of life (fixed)]],Table19[[#This Row],[Start year]]+Table210[Generic Lifetime]) -> 2057 | K48: 1.045
C49: FI | D49: ENFI_LOVIISA-1_00 | E49: 1977 | F49: 1.17504 | G49: generic | H49: =IF(Table19[[#This Row],[Lifetime Option]]="fixed",Table19[[#This Row],[End of life (fixed)]]-Table19[[#This Row],[Start year]],Table210[Generic Lifetime]) -> 70 | J49: =IF(Table19[[#This Row],[Lifetime Option]]="fixed",Table19[[#This Row],[End of life (fixed)]],Table19[[#This Row],[Start year]]+Table210[Generic Lifetime]) -> 2047 | K49: 0.496
C50: FI | D50: ENFI_LOVIISA-2_00 | E50: 1980 | F50: 1.17504 | G50: generic | H50: =IF(Table19[[#This Row],[Lifetime Option]]="fixed",Table19[[#This Row],[End of life (fixed)]]-Table19[[#This Row],[Start year]],Table210[Generic Lifetime]) -> 70 | J50: =IF(Table19[[#This Row],[Lifetime Option]]="fixed",Table19[[#This Row],[End of life (fixed)]],Table19[[#This Row],[Start year]]+Table210[Generic Lifetime]) -> 2050 | K50: 0.496
C51: FI | D51: ENFI_OLKILUOTO-1_00 | E51: 1978 | F51: 1.1636352 | G51: generic | H51: =IF(Table19[[#This Row],[Lifetime Option]]="fixed",Table19[[#This Row],[End of life (fixed)]]-Table19[[#This Row],[Start year]],Table210[Generic Lifetime]) -> 70 | J51: =IF(Table19[[#This Row],[Lifetime Option]]="fixed",Table19[[#This Row],[End of life (fixed)]],Table19[[#This Row],[Start year]]+Table210[Generic Lifetime]) -> 2048 | K51: 0.88
C52: FI | D52: ENFI_OLKILUOTO-2_00 | E52: 1980 | F52: 1.1380608 | G52: generic | H52: =IF(Table19[[#This Row],[Lifetime Option]]="fixed",Table19[[#This Row],[End of life (fixed)]]-Table19[[#This Row],[Start year]],Table210[Generic Lifetime]) -> 70 | J52: =IF(Table19[[#This Row],[Lifetime Option]]="fixed",Table19[[#This Row],[End of life (fixed)]],Table19[[#This Row],[Start year]]+Table210[Generic Lifetime]) -> 2050 | K52: 0.88
C53: FR | D53: ENFR_BELLEVILLE-1_00 | E53: 1987 | F53: 1.0181256 | G53: generic | H53: =IF(Table19[[#This Row],[Lifetime Option]]="fixed",Table19[[#This Row],[End of life (fixed)]]-Table19[[#This Row],[Start year]],Table210[Generic Lifetime]) -> 70 | J53: =IF(Table19[[#This Row],[Lifetime Option]]="fixed",Table19[[#This Row],[End of life (fixed)]],Table19[[#This Row],[Start year]]+Table210[Generic Lifetime]) -> 2057 | K53: 1.31 | L53: According to grand carénage | M53: http://www.developpement-durable.gouv.fr/Renforcer-la-surete-nucleaire-et-l,41397.html
C54: FR | D54: ENFR_BELLEVILLE-2_00 | E54: 1988 | F54: 1.0181256 | G54: generic | H54: =IF(Table19[[#This Row],[Lifetime Option]]="fixed",Table19[[#This Row],[End of life (fixed)]]-Table19[[#This Row],[Start year]],Table210[Generic Lifetime]) -> 70 | J54: =IF(Table19[[#This Row],[Lifetime Option]]="fixed",Table19[[#This Row],[End of life (fixed)]],Table19[[#This Row],[Start year]]+Table210[Generic Lifetime]) -> 2058 | K54: 1.31
C55: FR | D55: ENFR_BLAYAIS-1_00 | E55: 1981 | F55: 0.99529031 | G55: generic | H55: =IF(Table19[[#This Row],[Lifetime Option]]="fixed",Table19[[#This Row],[End of life (fixed)]]-Table19[[#This Row],[Start year]],Table210[Generic Lifetime]) -> 70 | J55: =IF(Table19[[#This Row],[Lifetime Option]]="fixed",Table19[[#This Row],[End of life (fixed)]],Table19[[#This Row],[Start year]]+Table210[Generic Lifetime]) -> 2051 | K55: 0.91
C56: FR | D56: ENFR_BLAYAIS-2_00 | E56: 1982 | F56: 0.99529031 | G56: generic | H56: =IF(Table19[[#This Row],[Lifetime Option]]="fixed",Table19[[#This Row],[End of life (fixed)]]-Table19[[#This Row],[Start year]],Table210[Generic Lifetime]) -> 70 | J56: =IF(Table19[[#This Row],[Lifetime Option]]="fixed",Table19[[#This Row],[End of life (fixed)]],Table19[[#This Row],[Start year]]+Table210[Generic Lifetime]) -> 2052 | K56: 0.91
C57: FR | D57: ENFR_BLAYAIS-3_00 | E57: 1983 | F57: 0.99529031 | G57: generic | H57: =IF(Table19[[#This Row],[Lifetime Option]]="fixed",Table19[[#This Row],[End of life (fixed)]]-Table19[[#This Row],[Start year]],Table210[Generic Lifetime]) -> 70 | J57: =IF(Table19[[#This Row],[Lifetime Option]]="fixed",Table19[[#This Row],[End of life (fixed)]],Table19[[#This Row],[Start year]]+Table210[Generic Lifetime]) -> 2053 | K57: 0.91
C58: FR | D58: ENFR_BLAYAIS-4_00 | E58: 1983 | F58: 0.99529031 | G58: generic | H58: =IF(Table19[[#This Row],[Lifetime Option]]="fixed",Table19[[#This Row],[End of life (fixed)]]-Table19[[#This Row],[Start year]],Table210[Generic Lifetime]) -> 70 | J58: =IF(Table19[[#This Row],[Lifetime Option]]="fixed",Table19[[#This Row],[End of life (fixed)]],Table19[[#This Row],[Start year]]+Table210[Generic Lifetime]) -> 2053 | K58: 0.91
C59: FR | D59: ENFR_BUGEY-2_00_00 | E59: 1978 | F59: 0.98901087 | G59: generic | H59: =IF(Table19[[#This Row],[Lifetime Option]]="fixed",Table19[[#This Row],[End of life (fixed)]]-Table19[[#This Row],[Start year]],Table210[Generic Lifetime]) -> 70 | J59: =IF(Table19[[#This Row],[Lifetime Option]]="fixed",Table19[[#This Row],[End of life (fixed)]],Table19[[#This Row],[Start year]]+Table210[Generic Lifetime]) -> 2048 | K59: 0.91
C60: FR | D60: ENFR_BUGEY-3_00_00 | E60: 1978 | F60: 0.98901087 | G60: generic | H60: =IF(Table19[[#This Row],[Lifetime Option]]="fixed",Table19[[#This Row],[End of life (fixed)]]-Table19[[#This Row],[Start year]],Table210[Generic Lifetime]) -> 70 | J60: =IF(Table19[[#This Row],[Lifetime Option]]="fixed",Table19[[#This Row],[End of life (fixed)]],Table19[[#This Row],[Start year]]+Table210[Generic Lifetime]) -> 2048 | K60: 0.91
C61: FR | D61: ENFR_BUGEY-4_00_00 | E61: 1979 | F61: 0.95970685 | G61: generic | H61: =IF(Table19[[#This Row],[Lifetime Option]]="fixed",Table19[[#This Row],[End of life (fixed)]]-Table19[[#This Row],[Start year]],Table210[Generic Lifetime]) -> 70 | J61: =IF(Table19[[#This Row],[Lifetime Option]]="fixed",Table19[[#This Row],[End of life (fixed)]],Table19[[#This Row],[Start year]]+Table210[Generic Lifetime]) -> 2049 | K61: 0.88
C62: FR | D62: ENFR_BUGEY-5_00_00 | E62: 1979 | F62: 0.95970685 | G62: generic | H62: =IF(Table19[[#This Row],[Lifetime Option]]="fixed",Table19[[#This Row],[End of life (fixed)]]-Table19[[#This Row],[Start year]],Table210[Generic Lifetime]) -> 70 | J62: =IF(Table19[[#This Row],[Lifetime Option]]="fixed",Table19[[#This Row],[End of life (fixed)]],Table19[[#This Row],[Start year]]+Table210[Generic Lifetime]) -> 2049 | K62: 0.88
C63: FR | D63: ENFR_CATTENOM-1_00 | E63: 1986 | F63: 1.0173787 | G63: generic | H63: =IF(Table19[[#This Row],[Lifetime Option]]="fixed",Table19[[#This Row],[End of life (fixed)]]-Table19[[#This Row],[Start year]],Table210[Generic Lifetime]) -> 70 | J63: =IF(Table19[[#This Row],[Lifetime Option]]="fixed",Table19[[#This Row],[End of life (fixed)]],Table19[[#This Row],[Start year]]+Table210[Generic Lifetime]) -> 2056 | K63: 1.3
C64: FR | D64: ENFR_CATTENOM-2_00 | E64: 1987 | F64: 1.0173787 | G64: generic | H64: =IF(Table19[[#This Row],[Lifetime Option]]="fixed",Table19[[#This Row],[End of life (fixed)]]-Table19[[#This Row],[Start year]],Table210[Generic Lifetime]) -> 70 | J64: =IF(Table19[[#This Row],[Lifetime Option]]="fixed",Table19[[#This Row],[End of life (fixed)]],Table19[[#This Row],[Start year]]+Table210[Generic Lifetime]) -> 2057 | K64: 1.3
C65: FR | D65: ENFR_CATTENOM-3_00 | E65: 1990 | F65: 1.0173787 | G65: generic | H65: =IF(Table19[[#This Row],[Lifetime Option]]="fixed",Table19[[#This Row],[End of life (fixed)]]-Table19[[#This Row],[Start year]],Table210[Generic Lifetime]) -> 70 | J65: =IF(Table19[[#This Row],[Lifetime Option]]="fixed",Table19[[#This Row],[End of life (fixed)]],Table19[[#This Row],[Start year]]+Table210[Generic Lifetime]) -> 2060 | K65: 1.3
... C82: FR | D82: ENFR_DAMPIERRE-4_00 | E82: 1981 | F82: 0.98063829 | G82: generic | H82: =IF(Table19[[#This Row],[Lifetime Option]]="fixed",Table19[[#This Row],[End of life (fixed)]]-Table19[[#This Row],[Start year]],Table210[Generic Lifetime]) -> 70 | J82: =IF(Table19[[#This Row],[Lifetime Option]]="fixed",Table19[[#This Row],[End of life (fixed)]],Table19[[#This Row],[Start year]]+Table210[Generic Lifetime]) -> 2051 | K82: 0.89
C83: FR | D83: ENFR_FESSENHEIM-1_00 | E83: 1977 | F83: 1.3148391 | G83: fixed | H83: =IF(Table19[[#This Row],[Lifetime Option]]="fixed",Table19[[#This Row],[End of life (fixed)]]-Table19[[#This Row],[Start year]],Table210[Generic Lifetime]) -> 40 | I83: 2017 | J83: =IF(Table19[[#This Row],[Lifetime Option]]="fixed",Table19[[#This Row],[End of life (fixed)]],Table19[[#This Row],[Start year]]+Table210[Generic Lifetime]) -> 2017 | K83: 0.88 | L83: closing date unclear - follow up
C84: FR | D84: ENFR_FESSENHEIM-2_00 | E84: 1977 | F84: 1.3148391 | G84: fixed | H84: =IF(Table19[[#This Row],[Lifetime Option]]="fixed",Table19[[#This Row],[End of life (fixed)]]-Table19[[#This Row],[Start year]],Table210[Generic Lifetime]) -> 40 | I84: 2017 | J84: =IF(Table19[[#This Row],[Lifetime Option]]="fixed",Table19[[#This Row],[End of life (fixed)]],Table19[[#This Row],[Start year]]+Table210[Generic Lifetime]) -> 2017 | K84: 0.88 | L84: closing date unclear - follow up
C85: FR | D85: ENFR_FLAMANVILLE-1_00 | E85: 1985 | F85: 1.0323182 | G85: generic | H85: =IF(Table19[[#This Row],[Lifetime Option]]="fixed",Table19[[#This Row],[End of life (fixed)]]-Table19[[#This Row],[Start year]],Table210[Generic Lifetime]) -> 70 | J85: =IF(Table19[[#This Row],[Lifetime Option]]="fixed",Table19[[#This Row],[End of life (fixed)]],Table19[[#This Row],[Start year]]+Table210[Generic Lifetime]) -> 2055 | K85: 1.33
C86: FR | D86: ENFR_FLAMANVILLE-2_00 | E86: 1986 | F86: 1.0323182 | G86: generic | H86: =IF(Table19[[#This Row],[Lifetime Option]]="fixed",Table19[[#This Row],[End of life (fixed)]]-Table19[[#This Row],[Start year]],Table210[Generic Lifetime]) -> 70 | J86: =IF(Table19[[#This Row],[Lifetime Option]]="fixed",Table19[[#This Row],[End of life (fixed)]],Table19[[#This Row],[Start year]]+Table210[Generic Lifetime]) -> 2056 | K86: 1.33
C87: FR | D87: ENFR_GOLFECH-1_00 | E87: 1990 | F87: 1.0181256 | G87: generic | H87: =IF(Table19[[#This Row],[Lifetime Option]]="fixed",Table19[[#This Row],[End of life (fixed)]]-Table19[[#This Row],[Start year]],Table210[Generic Lifetime]) -> 70 | J87: =IF(Table19[[#This Row],[Lifetime Option]]="fixed",Table19[[#This Row],[End of life (fixed)]],Table19[[#This Row],[Start year]]+Table210[Generic Lifetime]) -> 2060 | K87: 1.31
C88: FR | D88: ENFR_GOLFECH-2_00 | E88: 1993 | F88: 1.0181256 | G88: generic | H88: =IF(Table19[[#This Row],[Lifetime Option]]="fixed",Table19[[#This Row],[End of life (fixed)]]-Table19[[#This Row],[Start year]],Table210[Generic Lifetime]) -> 70 | J88: =IF(Table19[[#This Row],[Lifetime Option]]="fixed",Table19[[#This Row],[End of life (fixed)]],Table19[[#This Row],[Start year]]+Table210[Generic Lifetime]) -> 2063 | K88: 1.31
C89: FR | D89: ENFR_GRAVELINES-1_00 | E89: 1980 | F89: 0.99529031 | G89: generic | H89: =IF(Table19[[#This Row],[Lifetime Option]]="fixed",Table19[[#This Row],[End of life (fixed)]]-Table19[[#This Row],[Start year]],Table210[Generic Lifetime]) -> 70 | J89: =IF(Table19[[#This Row],[Lifetime Option]]="fixed",Table19[[#This Row],[End of life (fixed)]],Table19[[#This Row],[Start year]]+Table210[Generic Lifetime]) -> 2050 | K89: 0.91
C90: FR | D90: ENFR_GRAVELINES-2_00 | E90: 1980 | F90: 0.99529031 | G90: generic | H90: =IF(Table19[[#This Row],[Lifetime Option]]="fixed",Table19[[#This Row],[End of life (fixed)]]-Table19[[#This Row],[Start year]],Table210[Generic Lifetime]) -> 70 | J90: =IF(Table19[[#This Row],[Lifetime Option]]="fixed",Table19[[#This Row],[End of life (fixed)]],Table19[[#This Row],[Start year]]+Table210[Generic Lifetime]) -> 2050 | K90: 0.91
C91: FR | D91: ENFR_GRAVELINES-3_00 | E91: 1980 | F91: 0.99529031 | G91: generic | H91: =IF(Table19[[#This Row],[Lifetime Option]]="fixed",Table19[[#This Row],[End of life (fixed)]]-Table19[[#This Row],[Start year]],Table210[Generic Lifetime]) -> 70 | J91: =IF(Table19[[#This Row],[Lifetime Option]]="fixed",Table19[[#This Row],[End of life (fixed)]],Table19[[#This Row],[Start year]]+Table210[Generic Lifetime]) -> 2050 | K91: 0.91
C92: FR | D92: ENFR_GRAVELINES-4_00 | E92: 1981 | F92: 0.99529031 | G92: generic | H92: =IF(Table19[[#This Row],[Lifetime Option]]="fixed",Table19[[#This Row],[End of life (fixed)]]-Table19[[#This Row],[Start year]],Table210[Generic Lifetime]) -> 70 | J92: =IF(Table19[[#This Row],[Lifetime Option]]="fixed",Table19[[#This Row],[End of life (fixed)]],Table19[[#This Row],[Start year]]+Table210[Generic Lifetime]) -> 2051 | K92: 0.91
C93: FR | D93: ENFR_GRAVELINES-5_00 | E93: 1984 | F93: 1.3866502 | G93: generic | H93: =IF(Table19[[#This Row],[Lifetime Option]]="fixed",Table19[[#This Row],[End of life (fixed)]]-Table19[[#This Row],[Start year]],Table210[Generic Lifetime]) -> 70 | J93: =IF(Table19[[#This Row],[Lifetime Option]]="fixed",Table19[[#This Row],[End of life (fixed)]],Table19[[#This Row],[Start year]]+Table210[Generic Lifetime]) -> 2054 | K93: 0.91
C94: FR | D94: ENFR_GRAVELINES-6_00 | E94: 1985 | F94: 1.3866502 | G94: generic | H94: =IF(Table19[[#This Row],[Lifetime Option]]="fixed",Table19[[#This Row],[End of life (fixed)]]-Table19[[#This Row],[Start year]],Table210[Generic Lifetime]) -> 70 | J94: =IF(Table19[[#This Row],[Lifetime Option]]="fixed",Table19[[#This Row],[End of life (fixed)]],Table19[[#This Row],[Start year]]+Table210[Generic Lifetime]) -> 2055 | K94: 0.91
C95: FR | D95: ENFR_NOGENT-1_00 | E95: 1987 | F95: 1.0181256 | G95: generic | H95: =IF(Table19[[#This Row],[Lifetime Option]]="fixed",Table19[[#This Row],[End of life (fixed)]]-Table19[[#This Row],[Start year]],Table210[Generic Lifetime]) -> 70 | J95: =IF(Table19[[#This Row],[Lifetime Option]]="fixed",Table19[[#This Row],[End of life (fixed)]],Table19[[#This Row],[Start year]]+Table210[Generic Lifetime]) -> 2057 | K95: 1.31
C96: FR | D96: ENFR_NOGENT-2_00 | E96: 1988 | F96: 1.0181256 | G96: generic | H96: =IF(Table19[[#This Row],[Lifetime Option]]="fixed",Table19[[#This Row],[End of life (fixed)]]-Table19[[#This Row],[Start year]],Table210[Generic Lifetime]) -> 70 | J96: =IF(Table19[[#This Row],[Lifetime Option]]="fixed",Table19[[#This Row],[End of life (fixed)]],Table19[[#This Row],[Start year]]+Table210[Generic Lifetime]) -> 2058 | K96: 1.31
... C115: HU | D115: ENHU_PAKS-4_00 | E115: 1987 | F115: 1.0763636 | G115: generic | H115: =IF(Table19[[#This Row],[Lifetime Option]]="fixed",Table19[[#This Row],[End of life (fixed)]]-Table19[[#This Row],[Start year]],Table210[Generic Lifetime]) -> 70 | J115: =IF(Table19[[#This Row],[Lifetime Option]]="fixed",Table19[[#This Row],[End of life (fixed)]],Table19[[#This Row],[Start year]]+Table210[Generic Lifetime]) -> 2057 | K115: 0.473
C116: LT | D116: ENLT_IGNALINA-1 | E116: 1983 | F116: 0.66 | G116: fixed | H116: =IF(Table19[[#This Row],[Lifetime Option]]="fixed",Table19[[#This Row],[End of life (fixed)]]-Table19[[#This Row],[Start year]],Table210[Generic Lifetime]) -> 21 | I116: 2004 | J116: =IF(Table19[[#This Row],[Lifetime Option]]="fixed",Table19[[#This Row],[End of life (fixed)]],Table19[[#This Row],[Start year]]+Table210[Generic Lifetime]) -> 2004 | K116: 1.185 | L116: closed
C117: LT | D117: ENLT_IGNALINA-2 | E117: 1987 | F117: 0.66 | G117: fixed | H117: =IF(Table19[[#This Row],[Lifetime Option]]="fixed",Table19[[#This Row],[End of life (fixed)]]-Table19[[#This Row],[Start year]],Table210[Generic Lifetime]) -> 22 | I117: 2009 | J117: =IF(Table19[[#This Row],[Lifetime Option]]="fixed",Table19[[#This Row],[End of life (fixed)]],Table19[[#This Row],[Start year]]+Table210[Generic Lifetime]) -> 2009 | K117: 1.185 | L117: closed
C118: NL | D118: ENNL_BORSSELE_00 | E118: 1973 | F118: 1.2703836 | G118: fixed | H118: =IF(Table19[[#This Row],[Lifetime Option]]="fixed",Table19[[#This Row],[End of life (fixed)]]-Table19[[#This Row],[Start year]],Table210[Generic Lifetime]) -> 61 | I118: 2034 | J118: =IF(Table19[[#This Row],[Lifetime Option]]="fixed",Table19[[#This Row],[End of life (fixed)]],Table19[[#This Row],[Start year]]+Table210[Generic Lifetime]) -> 2034 | K118: 0.482
C119: RO | D119: ENRO_CERNAVODA-1_00 | E119: 1996 | F119: 0.19866451 | G119: generic | H119: =IF(Table19[[#This Row],[Lifetime Option]]="fixed",Table19[[#This Row],[End of life (fixed)]]-Table19[[#This Row],[Start year]],Table210[Generic Lifetime]) -> 70 | J119: =IF(Table19[[#This Row],[Lifetime Option]]="fixed",Table19[[#This Row],[End of life (fixed)]],Table19[[#This Row],[Start year]]+Table210[Generic Lifetime]) -> 2066 | K119: 0.65
C120: RO | D120: ENRO_CERNAVODA-2 | E120: 2007 | F120: 0.19866451 | G120: generic | H120: =IF(Table19[[#This Row],[Lifetime Option]]="fixed",Table19[[#This Row],[End of life (fixed)]]-Table19[[#This Row],[Start year]],Table210[Generic Lifetime]) -> 70 | J120: =IF(Table19[[#This Row],[Lifetime Option]]="fixed",Table19[[#This Row],[End of life (fixed)]],Table19[[#This Row],[Start year]]+Table210[Generic Lifetime]) -> 2077 | K120: 0.65
C121: SE | D121: ENSE_FORSMARK-1_00 | E121: 1980 | F121: 1.2802426 | G121: generic | H121: =IF(Table19[[#This Row],[Lifetime Option]]="fixed",Table19[[#This Row],[End of life (fixed)]]-Table19[[#This Row],[Start year]],Table210[Generic Lifetime]) -> 70 | J121: =IF(Table19[[#This Row],[Lifetime Option]]="fixed",Table19[[#This Row],[End of life (fixed)]],Table19[[#This Row],[Start year]]+Table210[Generic Lifetime]) -> 2050 | K121: 0.984
C122: SE | D122: ENSE_FORSMARK-2_00 | E122: 1981 | F122: 1.2740459 | G122: generic | H122: =IF(Table19[[#This Row],[Lifetime Option]]="fixed",Table19[[#This Row],[End of life (fixed)]]-Table19[[#This Row],[Start year]],Table210[Generic Lifetime]) -> 70 | J122: =IF(Table19[[#This Row],[Lifetime Option]]="fixed",Table19[[#This Row],[End of life (fixed)]],Table19[[#This Row],[Start year]]+Table210[Generic Lifetime]) -> 2051 | K122: 0.996
C123: SE | D123: ENSE_FORSMARK-3_00 | E123: 1985 | F123: 1.3327593 | G123: generic | H123: =IF(Table19[[#This Row],[Lifetime Option]]="fixed",Table19[[#This Row],[End of life (fixed)]]-Table19[[#This Row],[Start year]],Table210[Generic Lifetime]) -> 70 | J123: =IF(Table19[[#This Row],[Lifetime Option]]="fixed",Table19[[#This Row],[End of life (fixed)]],Table19[[#This Row],[Start year]]+Table210[Generic Lifetime]) -> 2055 | K123: 1.17
C124: SE | D124: ENSE_OSKARSHAMN-1_00 | E124: 1971 | F124: 1.3911971 | G124: fixed | H124: =IF(Table19[[#This Row],[Lifetime Option]]="fixed",Table19[[#This Row],[End of life (fixed)]]-Table19[[#This Row],[Start year]],Table210[Generic Lifetime]) -> 47 | I124: 2018 | J124: =IF(Table19[[#This Row],[Lifetime Option]]="fixed",Table19[[#This Row],[End of life (fixed)]],Table19[[#This Row],[Start year]]+Table210[Generic Lifetime]) -> 2018 | K124: 0.473 | L124: situtation unclear - follow up | M124: http://www.world-nuclear-news.org/C-EOn-supports-early-closure-of-Oskarshamn-units-2306154.html
C125: SE | D125: ENSE_OSKARSHAMN-2_00 | E125: 1974 | F125: 1.42776 | G125: fixed | H125: =IF(Table19[[#This Row],[Lifetime Option]]="fixed",Table19[[#This Row],[End of life (fixed)]]-Table19[[#This Row],[Start year]],Table210[Generic Lifetime]) -> 46 | I125: 2020 | J125: =IF(Table19[[#This Row],[Lifetime Option]]="fixed",Table19[[#This Row],[End of life (fixed)]],Table19[[#This Row],[Start year]]+Table210[Generic Lifetime]) -> 2020 | K125: 0.638 | L125: situtation unclear - follow up
C126: SE | D126: ENSE_OSKARSHAMN-3_00 | E126: 1985 | F126: 1.0279385 | G126: generic | H126: =IF(Table19[[#This Row],[Lifetime Option]]="fixed",Table19[[#This Row],[End of life (fixed)]]-Table19[[#This Row],[Start year]],Table210[Generic Lifetime]) -> 70 | J126: =IF(Table19[[#This Row],[Lifetime Option]]="fixed",Table19[[#This Row],[End of life (fixed)]],Table19[[#This Row],[Start year]]+Table210[Generic Lifetime]) -> 2055 | K126: 1.4
C127: SE | D127: ENSE_RINGHALS-1_00 | E127: 1974 | F127: 1.2454186 | G127: fixed | H127: =IF(Table19[[#This Row],[Lifetime Option]]="fixed",Table19[[#This Row],[End of life (fixed)]]-Table19[[#This Row],[Start year]],Table210[Generic Lifetime]) -> 46 | I127: 2020 | J127: =IF(Table19[[#This Row],[Lifetime Option]]="fixed",Table19[[#This Row],[End of life (fixed)]],Table19[[#This Row],[Start year]]+Table210[Generic Lifetime]) -> 2020 | K127: 0.878 | L127: majority owners announces to discontinue investments | M127: http://corporate.vattenfall.se/press-och-media/engelska/vattenfall-changes-direction-for-operational-lifetimes-of-ringhals-1-and-2/
C128: SE | D128: ENSE_RINGHALS-2_00 | E128: 1974 | F128: 1.3999074 | G128: fixed | H128: =IF(Table19[[#This Row],[Lifetime Option]]="fixed",Table19[[#This Row],[End of life (fixed)]]-Table19[[#This Row],[Start year]],Table210[Generic Lifetime]) -> 46 | I128: 2020 | J128: =IF(Table19[[#This Row],[Lifetime Option]]="fixed",Table19[[#This Row],[End of life (fixed)]],Table19[[#This Row],[Start year]]+Table210[Generic Lifetime]) -> 2020 | K128: 0.865 | L128: majority owners announces to discontinue investments | M128: http://corporate.vattenfall.se/press-och-media/engelska/vattenfall-changes-direction-for-operational-lifetimes-of-ringhals-1-and-2/
C129: SE | D129: ENSE_RINGHALS-3_00 | E129: 1980 | F129: 1.3970618 | G129: generic | H129: =IF(Table19[[#This Row],[Lifetime Option]]="fixed",Table19[[#This Row],[End of life (fixed)]]-Table19[[#This Row],[Start year]],Table210[Generic Lifetime]) -> 70 | J129: =IF(Table19[[#This Row],[Lifetime Option]]="fixed",Table19[[#This Row],[End of life (fixed)]],Table19[[#This Row],[Start year]]+Table210[Generic Lifetime]) -> 2050 | K129: 1.064 | M129: http://corporate.vattenfall.se/press-och-media/engelska/vattenfall-changes-direction-for-operational-lifetimes-of-ringhals-1-and-2/
C130: SE | D130: ENSE_RINGHALS-4_00 | E130: 1982 | F130: 1.4050041 | G130: generic | H130: =IF(Table19[[#This Row],[Lifetime Option]]="fixed",Table19[[#This Row],[End of life (fixed)]]-Table19[[#This Row],[Start year]],Table210[Generic Lifetime]) -> 70 | J130: =IF(Table19[[#This Row],[Lifetime Option]]="fixed",Table19[[#This Row],[End of life (fixed)]],Table19[[#This Row],[Start year]]+Table210[Generic Lifetime]) -> 2052 | K130: 0.94 | M130: http://corporate.vattenfall.se/press-och-media/engelska/vattenfall-changes-direction-for-operational-lifetimes-of-ringhals-1-and-2/
C131: SI | D131: ENSI_KRSKO_00 | E131: 1981 | F131: 1.3869532 | G131: generic | H131: =IF(Table19[[#This Row],[Lifetime Option]]="fixed",Table19[[#This Row],[End of life (fixed)]]-Table19[[#This Row],[Start year]],Table210[Generic Lifetime]) -> 70 | I131: =E131+H131 -> 2051 | J131: =IF(Table19[[#This Row],[Lifetime Option]]="fixed",Table19[[#This Row],[End of life (fixed)]],Table19[[#This Row],[Start year]]+Table210[Generic Lifetime]) -> 2051 | K131: 0.688 | L131: long term operation implemented | M131: https://www.iaea.org/NuclearPower/Downloadable/Meetings/2013/2013-11-05-11-08-TM-NPE/10.Skodlar_Slovenia.pdf
C132: SK | D132: ENSK_BOHUNICE-1_00 | E132: 1978 | F132: 1 | G132: fixed | H132: =IF(Table19[[#This Row],[Lifetime Option]]="fixed",Table19[[#This Row],[End of life (fixed)]]-Table19[[#This Row],[Start year]],Table210[Generic Lifetime]) -> 28 | I132: 2006 | J132: =IF(Table19[[#This Row],[Lifetime Option]]="fixed",Table19[[#This Row],[End of life (fixed)]],Table19[[#This Row],[Start year]]+Table210[Generic Lifetime]) -> 2006 | K132: 0.408 | L132: Decommissioned
C133: SK | D133: ENSK_BOHUNICE-2_00 | E133: 1980 | F133: 1 | G133: fixed | H133: =IF(Table19[[#This Row],[Lifetime Option]]="fixed",Table19[[#This Row],[End of life (fixed)]]-Table19[[#This Row],[Start year]],Table210[Generic Lifetime]) -> 28 | I133: 2008 | J133: =IF(Table19[[#This Row],[Lifetime Option]]="fixed",Table19[[#This Row],[End of life (fixed)]],Table19[[#This Row],[Start year]]+Table210[Generic Lifetime]) -> 2008 | K133: 0.408 | L133: Decommissioned
C134: SK | D134: ENSK_BOHUNICE-3_00 | E134: 1984 | F134: 1.3644269 | G134: generic | H134: =IF(Table19[[#This Row],[Lifetime Option]]="fixed",Table19[[#This Row],[End of life (fixed)]]-Table19[[#This Row],[Start year]],Table210[Generic Lifetime]) -> 70 | I134: =E134+H134 -> 2054 | J134: =IF(Table19[[#This Row],[Lifetime Option]]="fixed",Table19[[#This Row],[End of life (fixed)]],Table19[[#This Row],[Start year]]+Table210[Generic Lifetime]) -> 2054 | K134: 0.472 | L134: LTO programm to run up to 60 years | M134: http://www.seas.sk/data/contentlink/cfakepathebofactsen-web.pdf
...
