Workbook

Sheet Emission_CO2TOT1
D2: LTS baseline nov 2018
E3: 2005 | G3: 2010 | H3: 2015 | I3: 2020 | J3: 2025 | K3: 2030 | L3: 2035 | M3: 2040 | N3: 2045 | O3: 2050 | P3: 2060
D4: ETS sectors | E4: 2501.2493 | G4: 2175.1401 | H4: 2018.171 | I4: 1815.4635 | J4: 1674.1698 | K4: 1334.2129 | L4: 1170.2006 | M4: 981.26904 | N4: 827.58658 | O4: 717.76584 | P4: 651.589
B6: Table Name: | C6: Emission_CO2TOT
B7: Unit: | C7: Kt
B9: Page Fields:
B11: Scenario | C11: Region | E11: 2005 | F11: 2006 | G11: 2010 | H11: 2015 | I11: 2020 | J11: 2025 | K11: 2030 | L11: 2035 | M11: 2040 | N11: 2045 | O11: 2050 | P11: 2060
D12: ETS | E12: =E50*1000 -> 2202969 | G12: =$E12*(1-G16) -> 1971657.3 | H12: =$E12*(1-H16) -> 1856001.4 | I12: =$E12*(1-I16) -> 1740345.5 | J12: =$E12*(1-J16) -> 1498018.9 | K12: =$E12*(1-K16) -> 1175104.6 | L12: =$E12*(1-L16) -> 1030651.2 | M12: =$E12*(1-M16) -> 864250.24 | N12: =(M12+O12)/2 -> 791008.04 | O12: =O4*1000 -> 717765.84 | P12: =P4*1000 -> 651589
F14: Values in previous scenario | G14: 0.105 | H14: 0.1575 | I14: 0.21 | J14: 0.26 | K14: 0.31 | L14: 0.34333333 | M14: 0.37666667
F16: ETS Target 2030 | G16: 0.105 | H16: 0.1575 | I16: 0.21 | J16: 0.32 | K16: =1-K4/$E$4 -> 0.46658141 | L16: =1-L4/$E$4 -> 0.53215355 | M16: =1-M4/$E$4 -> 0.60768842
P18: After 2030, assume it stays the same?
C19: Statistics per country | E19: CO2 only | S19: -0.088 | T19: 5 yrs
E20: 2005 | F20: 2005 | I20: HR emissions assumed to be in EU ETS in 2011 (from national emission inventory consulted 13 Feb 12014) | P20: NB | Q20: 0.871 | R20: ETS reduction in 2050 according to IA
E21: ETS | F21: NonETS | I21: Sofia | L21: 2011 Mt CO2
D22: AT | E22: 33.8 | F22: 49.3 | I22: Refineries+electricity production | L22: 6.253
D23: BE | E23: 55.2 | F23: 62.5 | I23: Industry | L23: 3.139
D24: BG | E24: 38.9 | F24: 10.3 | I24: Fugitive emissions | L24: 0.577
D25: CY | E25: 3.7 | F25: 3.7 | L25: =SUM(L22:L24) -> 9.969
D26: CZ | E26: 82.5 | F26: 43.6
D27: DE | E27: 485 | F27: 395.6
D28: DK | E28: 26.5 | F28: 25.4
D29: EE | E29: 12.6 | F29: 3.2
D30: ES | E30: 189.6 | F30: 186.2
D31: FI | E31: 33.5 | F31: 24.5
D32: FR | E32: 136.4 | F32: 273.1
D33: GR | E33: 65.2 | F33: 39.6
D34: HU | E34: 27.4 | F34: 30.7
D35: IE | E35: 22.4 | F35: 27.7
D36: IT | E36: 225.5 | F36: 261.6
D37: LT | E37: 6.7 | F37: 5.9
... D49: EU-27 | E49: 2193 | F49: 2074
D50: EU-28 | E50: =E49+E51 -> 2202.969
D51: HR | E51: =L25 -> 9.969 | G51: assumed as the same from 2011. Looked at the 2011 HR NIR and seemed not very big difference

Sheet bound
C4: ~UC_SETS: R_S: AT,BE,BG,CY,CZ,DE,DK,EE,ES,FI,FR,EL,HR,HU,IE,IT,LT,LU,LV,MT,NL,PL,PT,RO,SE,SI,SK,UK
D6: ~UC_T: UP
B7: UC_N | C7: Cset_CN | D7: Year | E7: UC_COMNET | F7: UC_RHSTS | G7: UC_COMPRD
B8: CO2TargetETS2030 | C8: ETSCO2 | D8: 2010 | E8: 1 | F8: =Emission_CO2TOT1!G12 -> 1971657.3
C9: ETSCO2 | D9: 2015 | F9: =Emission_CO2TOT1!H12 -> 1856001.4
C10: ETSCO2 | D10: 2020 | F10: =Emission_CO2TOT1!I12 -> 1740345.5
C11: ETSCO2 | D11: 2025 | F11: =Emission_CO2TOT1!J12 -> 1498018.9
C12: ETSCO2 | D12: 2030 | F12: =Emission_CO2TOT1!K12 -> 1175104.6
C13: ETSCO2 | D13: 2035 | F13: =Emission_CO2TOT1!L12 -> 1030651.2
C14: ETSCO2 | D14: 2040 | F14: =Emission_CO2TOT1!M12 -> 864250.24
C15: ETSCO2 | D15: 2045 | F15: =Emission_CO2TOT1!N12 -> 791008.04
C16: ETSCO2 | D16: 2050 | F16: =Emission_CO2TOT1!O12 -> 717765.84
C17: ETSCO2 | D17: 2060 | F17: =Emission_CO2TOT1!P12 -> 651589
C18: ETSCO2 | D18: 2070 | F18: =F17 -> 651589
C19: ETSCO2 | D19: 0 | F19: 5
C20: ELCSCO2*,SUPSCO2*,INDSCO2* | G20: -1
